Node_ID,Node_Text,P&ID,Equipment_Tag,Equipment_Description,Design_Conditions
Node 1,"Condensate Feed from Condenensate Feed Pumps to Condensate Feed Filter/Coalescer through Preheaters to Naphtha Stabilizer Column (Pumps PM-53688A/B, Filter FI-81314A/B, Heat Exchanger EX-81314/102/103/104/105)",99-DWG-5906,PM-53688A/B/C,Condensate Feed Pumps,- 1472 GPM @ 776' TDH
Node 1,"Condensate Feed from Condenensate Feed Pumps to Condensate Feed Filter/Coalescer through Preheaters to Naphtha Stabilizer Column (Pumps PM-53688A/B, Filter FI-81314A/B, Heat Exchanger EX-81314/102/103/104/105)",99-DWG-5906,FL-81314A/B,Condensate Feed Filter/Coalescer,- MAWP = 325 psig @ 120 degF - Capacity = 1460 GPM
Node 1,"Condensate Feed from Condenensate Feed Pumps to Condensate Feed Filter/Coalescer through Preheaters to Naphtha Stabilizer Column (Pumps PM-53688A/B, Filter FI-81314A/B, Heat Exchanger EX-81314/102/103/104/105)",99-DWG-5906 Redline,PM-53688A/B/C,Condensate Feed Pumps,- 1472 GPM @ 776' TDH
Node 1,"Condensate Feed from Condenensate Feed Pumps to Condensate Feed Filter/Coalescer through Preheaters to Naphtha Stabilizer Column (Pumps PM-53688A/B, Filter FI-81314A/B, Heat Exchanger EX-81314/102/103/104/105)",99-DWG-5906 Redline,FL-81314A/B,Condensate Feed Filter/Coalescer,- MAWP = 325 psig @ 120 degF - Capacity = 1460 GPM
Node 1,"Condensate Feed from Condenensate Feed Pumps to Condensate Feed Filter/Coalescer through Preheaters to Naphtha Stabilizer Column (Pumps PM-53688A/B, Filter FI-81314A/B, Heat Exchanger EX-81314/102/103/104/105)",99-DWG-3609,EX-81314,Light Naphtha to Feed Preheater,- Shell MAWP = 305 psig @ 450 degF - Tube MAWP = 305 psig @ 450 degF - Duty = 1.34 MMBTU/Hr
Node 1,"Condensate Feed from Condenensate Feed Pumps to Condensate Feed Filter/Coalescer through Preheaters to Naphtha Stabilizer Column (Pumps PM-53688A/B, Filter FI-81314A/B, Heat Exchanger EX-81314/102/103/104/105)",99-DWG-3609,EX-56446,Heavy Naphtha to Feed Preheater,- Shell MAWP = 305 psig @ 450 degF - Tube MAWP = 305 psig @ 450 degF - Duty = 13.6 MMBTU/Hr
Node 1,"Condensate Feed from Condenensate Feed Pumps to Condensate Feed Filter/Coalescer through Preheaters to Naphtha Stabilizer Column (Pumps PM-53688A/B, Filter FI-81314A/B, Heat Exchanger EX-81314/102/103/104/105)",99-DWG-3609,EX-73992,Kero to Feed Preheater,- Shell MAWP = 305 psig @ 460 degF - Tube MAWP = 305 psig @ 450 degF - Duty = 33.8 MMBTU/Hr
Node 1,"Condensate Feed from Condenensate Feed Pumps to Condensate Feed Filter/Coalescer through Preheaters to Naphtha Stabilizer Column (Pumps PM-53688A/B, Filter FI-81314A/B, Heat Exchanger EX-81314/102/103/104/105)",99-DWG-3609 Redline,EX-81314,Light Naphtha to Feed Preheater,- Shell MAWP = 305 psig @ 450 degF - Tube MAWP = 305 psig @ 450 degF - Duty = 1.34 MMBTU/Hr
Node 1,"Condensate Feed from Condenensate Feed Pumps to Condensate Feed Filter/Coalescer through Preheaters to Naphtha Stabilizer Column (Pumps PM-53688A/B, Filter FI-81314A/B, Heat Exchanger EX-81314/102/103/104/105)",99-DWG-3609 Redline,EX-56446,Heavy Naphtha to Feed Preheater,- Shell MAWP = 305 psig @ 450 degF - Tube MAWP = 305 psig @ 450 degF - Duty = 13.6 MMBTU/Hr
Node 1,"Condensate Feed from Condenensate Feed Pumps to Condensate Feed Filter/Coalescer through Preheaters to Naphtha Stabilizer Column (Pumps PM-53688A/B, Filter FI-81314A/B, Heat Exchanger EX-81314/102/103/104/105)",99-DWG-3609 Redline,EX-73992,Kero to Feed Preheater,- Shell MAWP = 305 psig @ 460 degF - Tube MAWP = 305 psig @ 450 degF - Duty = 33.8 MMBTU/Hr
Node 1,"Condensate Feed from Condenensate Feed Pumps to Condensate Feed Filter/Coalescer through Preheaters to Naphtha Stabilizer Column (Pumps PM-53688A/B, Filter FI-81314A/B, Heat Exchanger EX-81314/102/103/104/105)",99-DWG-5128,EX-59524,Diesel to Feed Preheater,- Shell MAWP = 311 psig @ 650 degF - Tube MAWP = 311 psig @ 650 degF - Duty = 18.9 MMBTU/Hr
Node 1,"Condensate Feed from Condenensate Feed Pumps to Condensate Feed Filter/Coalescer through Preheaters to Naphtha Stabilizer Column (Pumps PM-53688A/B, Filter FI-81314A/B, Heat Exchanger EX-81314/102/103/104/105)",99-DWG-5128,EX-17647,Bottoms to Feed Preheater,- Shell MAWP = 305 psig @ 650 degF - Tube MAWP = 305 psig @ 650 degF - Duty = 29.7 MMBTU/Hr
Node 1,"Condensate Feed from Condenensate Feed Pumps to Condensate Feed Filter/Coalescer through Preheaters to Naphtha Stabilizer Column (Pumps PM-53688A/B, Filter FI-81314A/B, Heat Exchanger EX-81314/102/103/104/105)",99-DWG-7145,T-81314,Naphtha Stabilizer Column,"Feed from 97415-1/2/3 at ambient temperature; Desalter runs ~175- 180 degF, Desalter pressure ~140 psig, 1600 GPM maximum rate. Tie- in to Desalter between downstream of Heat Exchanger EX-59524 and upstream of Heat Exchanger EX- 105. Coalescers FL-81314A/B are currently bypassed. PM-53688A/B/C: - 1472 GPM @ 776' TDH FL-81314A/B (permanently bypassed): - MAWP = 325 psig @ 120 degF - Capacity = 1460 GPM EX-81314: - Shell MAWP = 305 psig @ 450 degF - Tube MAWP = 305 psig @ 450 degF - Duty = 1.34 MMBTU/Hr EX-56446: - Shell MAWP = 305 psig @ 450 degF - Tube MAWP = 305 psig @ 450 degF - Duty = 13.6 MMBTU/Hr EX-73992: - Shell MAWP = 305 psig @ 460 degF - Tube MAWP = 305 psig @ 450 degF - Duty = 33.8 MMBTU/Hr EX-59524: - Shell MAWP = 311 psig @ 650 degF - Tube MAWP = 311 psig @ 650 degF - Duty = 18.9 MMBTU/Hr EX-17647: - Shell MAWP = 305 psig @ 650 degF - Tube MAWP = 305 psig @ 650 degF - Duty = 29.7 MMBTU/Hr"
Node 2,"Naphtha Stabilizer Column, Naphtha Stabilizer Reboiler, Combi Tower Feed Preheater to Combi Tower (T-81314, Heat Exchanger EX 76255, 107)",99-DWG-7145,T-81314,Naphtha Stabilizer Column,- Design = 120 psig MAWP @ 375 degF - MDMT = 10 degF @ 120 psig
Node 2,"Naphtha Stabilizer Column, Naphtha Stabilizer Reboiler, Combi Tower Feed Preheater to Combi Tower (T-81314, Heat Exchanger EX 76255, 107)",99-DWG-8221,EX-76255,Naphtha Stabilizer Reboiler,"Bottoms through reboiler, heated with heat transfer fluid, heat transfer fluid flow controlled by column temperature. Bottoms feed to Combi Tower heated by heat transfer fluid (Heat Exchanger EX-60820A/B), heat transfer fluid flow controlled by Combi Tower feed temperature. T-81314: - Design = 120 psig MAWP @ 375 degF - MDMT = 10 degF @ 120 psig"
Node 2,"Naphtha Stabilizer Column, Naphtha Stabilizer Reboiler, Combi Tower Feed Preheater to Combi Tower (T-81314, Heat Exchanger EX 76255, 107)",99-DWG-8221,EX-60820,COMBI Tower Feed Preheater,"Bottoms through reboiler, heated with heat transfer fluid, heat transfer fluid flow controlled by column temperature. Bottoms feed to Combi Tower heated by heat transfer fluid (Heat Exchanger EX-60820A/B), heat transfer fluid flow controlled by Combi Tower feed temperature. T-81314: - Design = 120 psig MAWP @ 375 degF - MDMT = 10 degF @ 120 psig"
Node 2,"Naphtha Stabilizer Column, Naphtha Stabilizer Reboiler, Combi Tower Feed Preheater to Combi Tower (T-81314, Heat Exchanger EX 76255, 107)",99-DWG-8221 Redline,EX-76255,Naphtha Stabilizer Reboiler,"Bottoms through reboiler, heated with heat transfer fluid, heat transfer fluid flow controlled by column temperature. Bottoms feed to Combi Tower heated by heat transfer fluid (Heat Exchanger EX-60820A/B), heat transfer fluid flow controlled by Combi Tower feed temperature. T-81314: - Design = 120 psig MAWP @ 375 degF - MDMT = 10 degF @ 120 psig"
Node 2,"Naphtha Stabilizer Column, Naphtha Stabilizer Reboiler, Combi Tower Feed Preheater to Combi Tower (T-81314, Heat Exchanger EX 76255, 107)",99-DWG-8221 Redline,EX-60820,COMBI Tower Feed Preheater,"Bottoms through reboiler, heated with heat transfer fluid, heat transfer fluid flow controlled by column temperature. Bottoms feed to Combi Tower heated by heat transfer fluid (Heat Exchanger EX-60820A/B), heat transfer fluid flow controlled by Combi Tower feed temperature. T-81314: - Design = 120 psig MAWP @ 375 degF - MDMT = 10 degF @ 120 psig"
Node 2,"Naphtha Stabilizer Column, Naphtha Stabilizer Reboiler, Combi Tower Feed Preheater to Combi Tower (T-81314, Heat Exchanger EX 76255, 107)",99-DWG-7560,T-56446,COMBI Tower,"Bottoms through reboiler, heated with heat transfer fluid, heat transfer fluid flow controlled by column temperature. Bottoms feed to Combi Tower heated by heat transfer fluid (Heat Exchanger EX-60820A/B), heat transfer fluid flow controlled by Combi Tower feed temperature. T-81314: - Design = 120 psig MAWP @ 375 degF - MDMT = 10 degF @ 120 psig"
Node 3,"Naphtha Stabilizer Column overhead system: Naphtha Stabilizer Condenser, Accumulator, Pumps; and Y-Grade to storage (AF-81314, PV-81314, PM-81314A/B)",99-DWG-7145,T-81314,Naphtha Stabilizer Column,"Stabilizer overhead runs at 52954-120F, 90 psig, accumulator vents to recycle compressor system AF-81314: - Design = 120 psig MAWP @ 300 degF - Design Duty = 10.7 MMBTU/Hr PV-81314: - Design = 120 psig MAWP @ 300 degF - MAWP = 708 psig @ 130 degF - MDMT = 10 degF @ 120 psig PM-81314A/B: - GPM = 239, HP = 15, RPM = 3550 - Temp = 120 degF @ deltaP 56 psi"
Node 3,"Naphtha Stabilizer Column overhead system: Naphtha Stabilizer Condenser, Accumulator, Pumps; and Y-Grade to storage (AF-81314, PV-81314, PM-81314A/B)",99-DWG-7013,AF-81314,Naphtha Stabilizer Condenser,- Design = 120 psig MAWP @ 300 degF - Design Duty = 10.7 MMBTU/Hr
Node 3,"Naphtha Stabilizer Column overhead system: Naphtha Stabilizer Condenser, Accumulator, Pumps; and Y-Grade to storage (AF-81314, PV-81314, PM-81314A/B)",99-DWG-5469,PM-81314A/B,Naphtha Stabilizer Overhead Pumps,"- GPM = 239, HP = 15, RPM = 3550 - Temp = 120 degF @ deltaP 56 psi"
Node 3,"Naphtha Stabilizer Column overhead system: Naphtha Stabilizer Condenser, Accumulator, Pumps; and Y-Grade to storage (AF-81314, PV-81314, PM-81314A/B)",99-DWG-5469,PV-81314,Naphtha Stabilizer Accumulator,- Design = 120 psig MAWP @ 300 degF - MAWP = 708 psig @ 130 degF - MDMT = 10 degF @ 120 psig
Node 3,"Naphtha Stabilizer Column overhead system: Naphtha Stabilizer Condenser, Accumulator, Pumps; and Y-Grade to storage (AF-81314, PV-81314, PM-81314A/B)",99-DWG-5469 Redline,PM-81314A/B,Naphtha Stabilizer Overhead Pumps,"- GPM = 239, HP = 15, RPM = 3550 - Temp = 120 degF @ deltaP 56 psi"
Node 3,"Naphtha Stabilizer Column overhead system: Naphtha Stabilizer Condenser, Accumulator, Pumps; and Y-Grade to storage (AF-81314, PV-81314, PM-81314A/B)",99-DWG-5469 Redline,PV-81314,Naphtha Stabilizer Accumulator,- Design = 120 psig MAWP @ 300 degF - MAWP = 708 psig @ 130 degF - MDMT = 10 degF @ 120 psig
Node 4,"Combi Tower, Combi Tower Overheads Pump, Bottoms to Feed Preheater, Bottoms Product to Desalter Wash Water Heater, Bottom Product Cooler and Combi Tower Bottoms Product to Storage (T-56446, PM-59524A/B, AF-73992, Heat Exchanger EX-17647, Heat Exchanger EX-16773A/B)",99-DWG-5128,EX-59524,Diesel to Feed Preheater,"Combi Tower Bottoms - 525-560F, 9-11 psig, temperature to storage = 140-160F, product flow rate = 250- 450 GPM; bottoms product temperature controlled by turning fin fans on/off EX-81314: - Shell MAWP = 305 psig @ 450 degF - Tube MAWP = 305 psig @ 450 degF - Duty = 1.34 MMBTU/Hr AF-56446: - Design = 50 psig MAWP @ 300 degF - Design Duty = 150.5 MMBTU/Hr PV-56446: - Design = 50 psig MAWP @ 300 degF - MDMT = 10 degF @ 50 psig PM-73992A/B: - MAWP = 533 psig @ 139 degF - Design = 121 degF @ 119 psi deltaP"
Node 4,"Combi Tower, Combi Tower Overheads Pump, Bottoms to Feed Preheater, Bottoms Product to Desalter Wash Water Heater, Bottom Product Cooler and Combi Tower Bottoms Product to Storage (T-56446, PM-59524A/B, AF-73992, Heat Exchanger EX-17647, Heat Exchanger EX-16773A/B)",99-DWG-5128,EX-17647,Bottoms to Feed Preheater,"Combi Tower Bottoms - 525-560F, 9-11 psig, temperature to storage = 140-160F, product flow rate = 250- 450 GPM; bottoms product temperature controlled by turning fin fans on/off EX-81314: - Shell MAWP = 305 psig @ 450 degF - Tube MAWP = 305 psig @ 450 degF - Duty = 1.34 MMBTU/Hr AF-56446: - Design = 50 psig MAWP @ 300 degF - Design Duty = 150.5 MMBTU/Hr PV-56446: - Design = 50 psig MAWP @ 300 degF - MDMT = 10 degF @ 50 psig PM-73992A/B: - MAWP = 533 psig @ 139 degF - Design = 121 degF @ 119 psi deltaP"
Node 4,"Combi Tower, Combi Tower Overheads Pump, Bottoms to Feed Preheater, Bottoms Product to Desalter Wash Water Heater, Bottom Product Cooler and Combi Tower Bottoms Product to Storage (T-56446, PM-59524A/B, AF-73992, Heat Exchanger EX-17647, Heat Exchanger EX-16773A/B)",99-DWG-7145,T-81314,Naphtha Stabilizer Column,"Combi Tower Bottoms - 525-560F, 9-11 psig, temperature to storage = 140-160F, product flow rate = 250- 450 GPM; bottoms product temperature controlled by turning fin fans on/off EX-81314: - Shell MAWP = 305 psig @ 450 degF - Tube MAWP = 305 psig @ 450 degF - Duty = 1.34 MMBTU/Hr AF-56446: - Design = 50 psig MAWP @ 300 degF - Design Duty = 150.5 MMBTU/Hr PV-56446: - Design = 50 psig MAWP @ 300 degF - MDMT = 10 degF @ 50 psig PM-73992A/B: - MAWP = 533 psig @ 139 degF - Design = 121 degF @ 119 psi deltaP"
Node 4,"Combi Tower, Combi Tower Overheads Pump, Bottoms to Feed Preheater, Bottoms Product to Desalter Wash Water Heater, Bottom Product Cooler and Combi Tower Bottoms Product to Storage (T-56446, PM-59524A/B, AF-73992, Heat Exchanger EX-17647, Heat Exchanger EX-16773A/B)",99-DWG-7560,T-56446,COMBI Tower,"Combi Tower Bottoms - 525-560F, 9-11 psig, temperature to storage = 140-160F, product flow rate = 250- 450 GPM; bottoms product temperature controlled by turning fin fans on/off EX-81314: - Shell MAWP = 305 psig @ 450 degF - Tube MAWP = 305 psig @ 450 degF - Duty = 1.34 MMBTU/Hr AF-56446: - Design = 50 psig MAWP @ 300 degF - Design Duty = 150.5 MMBTU/Hr PV-56446: - Design = 50 psig MAWP @ 300 degF - MDMT = 10 degF @ 50 psig PM-73992A/B: - MAWP = 533 psig @ 139 degF - Design = 121 degF @ 119 psi deltaP"
Node 4,"Combi Tower, Combi Tower Overheads Pump, Bottoms to Feed Preheater, Bottoms Product to Desalter Wash Water Heater, Bottom Product Cooler and Combi Tower Bottoms Product to Storage (T-56446, PM-59524A/B, AF-73992, Heat Exchanger EX-17647, Heat Exchanger EX-16773A/B)",99-DWG-4069,PM-59524A/B,COMBI Tower Bottoms Product Pumps,"Combi Tower Bottoms - 525-560F, 9-11 psig, temperature to storage = 140-160F, product flow rate = 250- 450 GPM; bottoms product temperature controlled by turning fin fans on/off EX-81314: - Shell MAWP = 305 psig @ 450 degF - Tube MAWP = 305 psig @ 450 degF - Duty = 1.34 MMBTU/Hr AF-56446: - Design = 50 psig MAWP @ 300 degF - Design Duty = 150.5 MMBTU/Hr PV-56446: - Design = 50 psig MAWP @ 300 degF - MDMT = 10 degF @ 50 psig PM-73992A/B: - MAWP = 533 psig @ 139 degF - Design = 121 degF @ 119 psi deltaP"
Node 4,"Combi Tower, Combi Tower Overheads Pump, Bottoms to Feed Preheater, Bottoms Product to Desalter Wash Water Heater, Bottom Product Cooler and Combi Tower Bottoms Product to Storage (T-56446, PM-59524A/B, AF-73992, Heat Exchanger EX-17647, Heat Exchanger EX-16773A/B)",99-DWG-3162,AF-73992,Bottoms Product Cooler,"Combi Tower Bottoms - 525-560F, 9-11 psig, temperature to storage = 140-160F, product flow rate = 250- 450 GPM; bottoms product temperature controlled by turning fin fans on/off EX-81314: - Shell MAWP = 305 psig @ 450 degF - Tube MAWP = 305 psig @ 450 degF - Duty = 1.34 MMBTU/Hr AF-56446: - Design = 50 psig MAWP @ 300 degF - Design Duty = 150.5 MMBTU/Hr PV-56446: - Design = 50 psig MAWP @ 300 degF - MDMT = 10 degF @ 50 psig PM-73992A/B: - MAWP = 533 psig @ 139 degF - Design = 121 degF @ 119 psi deltaP"
Node 4,"Combi Tower, Combi Tower Overheads Pump, Bottoms to Feed Preheater, Bottoms Product to Desalter Wash Water Heater, Bottom Product Cooler and Combi Tower Bottoms Product to Storage (T-56446, PM-59524A/B, AF-73992, Heat Exchanger EX-17647, Heat Exchanger EX-16773A/B)",40-PI-44741A,EX-47697A/B,Bottoms Product to Desalter Wash Water Heater,"Combi Tower Bottoms - 525-560F, 9-11 psig, temperature to storage = 140-160F, product flow rate = 250- 450 GPM; bottoms product temperature controlled by turning fin fans on/off EX-81314: - Shell MAWP = 305 psig @ 450 degF - Tube MAWP = 305 psig @ 450 degF - Duty = 1.34 MMBTU/Hr AF-56446: - Design = 50 psig MAWP @ 300 degF - Design Duty = 150.5 MMBTU/Hr PV-56446: - Design = 50 psig MAWP @ 300 degF - MDMT = 10 degF @ 50 psig PM-73992A/B: - MAWP = 533 psig @ 139 degF - Design = 121 degF @ 119 psi deltaP"
Node 4,"Combi Tower, Combi Tower Overheads Pump, Bottoms to Feed Preheater, Bottoms Product to Desalter Wash Water Heater, Bottom Product Cooler and Combi Tower Bottoms Product to Storage (T-56446, PM-59524A/B, AF-73992, Heat Exchanger EX-17647, Heat Exchanger EX-16773A/B)",40-PI-44741A,EX-16773A/B,Bottoms Product to Desalter Wash Water Heater,"Combi Tower Bottoms - 525-560F, 9-11 psig, temperature to storage = 140-160F, product flow rate = 250- 450 GPM; bottoms product temperature controlled by turning fin fans on/off EX-81314: - Shell MAWP = 305 psig @ 450 degF - Tube MAWP = 305 psig @ 450 degF - Duty = 1.34 MMBTU/Hr AF-56446: - Design = 50 psig MAWP @ 300 degF - Design Duty = 150.5 MMBTU/Hr PV-56446: - Design = 50 psig MAWP @ 300 degF - MDMT = 10 degF @ 50 psig PM-73992A/B: - MAWP = 533 psig @ 139 degF - Design = 121 degF @ 119 psi deltaP"
Node 4,"Combi Tower, Combi Tower Overheads Pump, Bottoms to Feed Preheater, Bottoms Product to Desalter Wash Water Heater, Bottom Product Cooler and Combi Tower Bottoms Product to Storage (T-56446, PM-59524A/B, AF-73992, Heat Exchanger EX-17647, Heat Exchanger EX-16773A/B)",99-DWG-3609,EX-81314,Light Naphtha to Feed Preheater,- Shell MAWP = 305 psig @ 450 degF - Tube MAWP = 305 psig @ 450 degF - Duty = 1.34 MMBTU/Hr
Node 4,"Combi Tower, Combi Tower Overheads Pump, Bottoms to Feed Preheater, Bottoms Product to Desalter Wash Water Heater, Bottom Product Cooler and Combi Tower Bottoms Product to Storage (T-56446, PM-59524A/B, AF-73992, Heat Exchanger EX-17647, Heat Exchanger EX-16773A/B)",99-DWG-3609,EX-56446,Heavy Naphtha to Feed Preheater,"Combi Tower Bottoms - 525-560F, 9-11 psig, temperature to storage = 140-160F, product flow rate = 250- 450 GPM; bottoms product temperature controlled by turning fin fans on/off EX-81314: - Shell MAWP = 305 psig @ 450 degF - Tube MAWP = 305 psig @ 450 degF - Duty = 1.34 MMBTU/Hr AF-56446: - Design = 50 psig MAWP @ 300 degF - Design Duty = 150.5 MMBTU/Hr PV-56446: - Design = 50 psig MAWP @ 300 degF - MDMT = 10 degF @ 50 psig PM-73992A/B: - MAWP = 533 psig @ 139 degF - Design = 121 degF @ 119 psi deltaP"
Node 4,"Combi Tower, Combi Tower Overheads Pump, Bottoms to Feed Preheater, Bottoms Product to Desalter Wash Water Heater, Bottom Product Cooler and Combi Tower Bottoms Product to Storage (T-56446, PM-59524A/B, AF-73992, Heat Exchanger EX-17647, Heat Exchanger EX-16773A/B)",99-DWG-3609,EX-73992,Kero to Feed Preheater,"Combi Tower Bottoms - 525-560F, 9-11 psig, temperature to storage = 140-160F, product flow rate = 250- 450 GPM; bottoms product temperature controlled by turning fin fans on/off EX-81314: - Shell MAWP = 305 psig @ 450 degF - Tube MAWP = 305 psig @ 450 degF - Duty = 1.34 MMBTU/Hr AF-56446: - Design = 50 psig MAWP @ 300 degF - Design Duty = 150.5 MMBTU/Hr PV-56446: - Design = 50 psig MAWP @ 300 degF - MDMT = 10 degF @ 50 psig PM-73992A/B: - MAWP = 533 psig @ 139 degF - Design = 121 degF @ 119 psi deltaP"
Node 4,"Combi Tower, Combi Tower Overheads Pump, Bottoms to Feed Preheater, Bottoms Product to Desalter Wash Water Heater, Bottom Product Cooler and Combi Tower Bottoms Product to Storage (T-56446, PM-59524A/B, AF-73992, Heat Exchanger EX-17647, Heat Exchanger EX-16773A/B)",99-DWG-3609 Redline,EX-81314,Light Naphtha to Feed Preheater,- Shell MAWP = 305 psig @ 450 degF - Tube MAWP = 305 psig @ 450 degF - Duty = 1.34 MMBTU/Hr
Node 4,"Combi Tower, Combi Tower Overheads Pump, Bottoms to Feed Preheater, Bottoms Product to Desalter Wash Water Heater, Bottom Product Cooler and Combi Tower Bottoms Product to Storage (T-56446, PM-59524A/B, AF-73992, Heat Exchanger EX-17647, Heat Exchanger EX-16773A/B)",99-DWG-3609 Redline,EX-56446,Heavy Naphtha to Feed Preheater,"Combi Tower Bottoms - 525-560F, 9-11 psig, temperature to storage = 140-160F, product flow rate = 250- 450 GPM; bottoms product temperature controlled by turning fin fans on/off EX-81314: - Shell MAWP = 305 psig @ 450 degF - Tube MAWP = 305 psig @ 450 degF - Duty = 1.34 MMBTU/Hr AF-56446: - Design = 50 psig MAWP @ 300 degF - Design Duty = 150.5 MMBTU/Hr PV-56446: - Design = 50 psig MAWP @ 300 degF - MDMT = 10 degF @ 50 psig PM-73992A/B: - MAWP = 533 psig @ 139 degF - Design = 121 degF @ 119 psi deltaP"
Node 4,"Combi Tower, Combi Tower Overheads Pump, Bottoms to Feed Preheater, Bottoms Product to Desalter Wash Water Heater, Bottom Product Cooler and Combi Tower Bottoms Product to Storage (T-56446, PM-59524A/B, AF-73992, Heat Exchanger EX-17647, Heat Exchanger EX-16773A/B)",99-DWG-3609 Redline,EX-73992,Kero to Feed Preheater,"Combi Tower Bottoms - 525-560F, 9-11 psig, temperature to storage = 140-160F, product flow rate = 250- 450 GPM; bottoms product temperature controlled by turning fin fans on/off EX-81314: - Shell MAWP = 305 psig @ 450 degF - Tube MAWP = 305 psig @ 450 degF - Duty = 1.34 MMBTU/Hr AF-56446: - Design = 50 psig MAWP @ 300 degF - Design Duty = 150.5 MMBTU/Hr PV-56446: - Design = 50 psig MAWP @ 300 degF - MDMT = 10 degF @ 50 psig PM-73992A/B: - MAWP = 533 psig @ 139 degF - Design = 121 degF @ 119 psi deltaP"
Node 5,"Combi Tower Overhead System: Combi Tower Condenser, Accumulator, Overhead Pumps, Light Naphtha Product Cooler and Light Naphtha to Storage (AF-56446, PV-56446, PM-73992 A/B, Heat Exchanger EX-81314) to tanks 24/25",99-DWG-3609,EX-81314,Light Naphtha to Feed Preheater,"Overhead pressure - 9-11 psig, overhead temperature ~188F, temperature to storage - 67-72F after CH-1/2 chillers. 12 fin fan banks, 24 fans. Typically run all fans, may be able to shut 5 fans in winter. EX-17647: - Shell MAWP = 305 psig @ 650 degF - Tube MAWP = 305 psig @ 650 degF - Duty = 29.7 MMBTU/Hr T-56446: - Design = 50 psig MAWP @ 575 degF - MDMT = 50 psig @ -20 degF PM-59524A/B: - MAWP = 562 psig @ 575 degF @ deltaP 105 psi - Design = 631 GPM, 75 HP, 3550 RPM, 548 degF AF-73992: - Design = 250 psig MAWP @ 625 degF - Design Duty = 49.5 MMBTU/Hr"
Node 5,"Combi Tower Overhead System: Combi Tower Condenser, Accumulator, Overhead Pumps, Light Naphtha Product Cooler and Light Naphtha to Storage (AF-56446, PV-56446, PM-73992 A/B, Heat Exchanger EX-81314) to tanks 24/25",99-DWG-3609,EX-56446,Heavy Naphtha to Feed Preheater,"Overhead pressure - 9-11 psig, overhead temperature ~188F, temperature to storage - 67-72F after CH-1/2 chillers. 12 fin fan banks, 24 fans. Typically run all fans, may be able to shut 5 fans in winter. EX-17647: - Shell MAWP = 305 psig @ 650 degF - Tube MAWP = 305 psig @ 650 degF - Duty = 29.7 MMBTU/Hr T-56446: - Design = 50 psig MAWP @ 575 degF - MDMT = 50 psig @ -20 degF PM-59524A/B: - MAWP = 562 psig @ 575 degF @ deltaP 105 psi - Design = 631 GPM, 75 HP, 3550 RPM, 548 degF AF-73992: - Design = 250 psig MAWP @ 625 degF - Design Duty = 49.5 MMBTU/Hr"
Node 5,"Combi Tower Overhead System: Combi Tower Condenser, Accumulator, Overhead Pumps, Light Naphtha Product Cooler and Light Naphtha to Storage (AF-56446, PV-56446, PM-73992 A/B, Heat Exchanger EX-81314) to tanks 24/25",99-DWG-3609,EX-73992,Kero to Feed Preheater,"Overhead pressure - 9-11 psig, overhead temperature ~188F, temperature to storage - 67-72F after CH-1/2 chillers. 12 fin fan banks, 24 fans. Typically run all fans, may be able to shut 5 fans in winter. EX-17647: - Shell MAWP = 305 psig @ 650 degF - Tube MAWP = 305 psig @ 650 degF - Duty = 29.7 MMBTU/Hr T-56446: - Design = 50 psig MAWP @ 575 degF - MDMT = 50 psig @ -20 degF PM-59524A/B: - MAWP = 562 psig @ 575 degF @ deltaP 105 psi - Design = 631 GPM, 75 HP, 3550 RPM, 548 degF AF-73992: - Design = 250 psig MAWP @ 625 degF - Design Duty = 49.5 MMBTU/Hr"
Node 5,"Combi Tower Overhead System: Combi Tower Condenser, Accumulator, Overhead Pumps, Light Naphtha Product Cooler and Light Naphtha to Storage (AF-56446, PV-56446, PM-73992 A/B, Heat Exchanger EX-81314) to tanks 24/25",99-DWG-3609 Redline,EX-81314,Light Naphtha to Feed Preheater,"Overhead pressure - 9-11 psig, overhead temperature ~188F, temperature to storage - 67-72F after CH-1/2 chillers. 12 fin fan banks, 24 fans. Typically run all fans, may be able to shut 5 fans in winter. EX-17647: - Shell MAWP = 305 psig @ 650 degF - Tube MAWP = 305 psig @ 650 degF - Duty = 29.7 MMBTU/Hr T-56446: - Design = 50 psig MAWP @ 575 degF - MDMT = 50 psig @ -20 degF PM-59524A/B: - MAWP = 562 psig @ 575 degF @ deltaP 105 psi - Design = 631 GPM, 75 HP, 3550 RPM, 548 degF AF-73992: - Design = 250 psig MAWP @ 625 degF - Design Duty = 49.5 MMBTU/Hr"
Node 5,"Combi Tower Overhead System: Combi Tower Condenser, Accumulator, Overhead Pumps, Light Naphtha Product Cooler and Light Naphtha to Storage (AF-56446, PV-56446, PM-73992 A/B, Heat Exchanger EX-81314) to tanks 24/25",99-DWG-3609 Redline,EX-56446,Heavy Naphtha to Feed Preheater,"Overhead pressure - 9-11 psig, overhead temperature ~188F, temperature to storage - 67-72F after CH-1/2 chillers. 12 fin fan banks, 24 fans. Typically run all fans, may be able to shut 5 fans in winter. EX-17647: - Shell MAWP = 305 psig @ 650 degF - Tube MAWP = 305 psig @ 650 degF - Duty = 29.7 MMBTU/Hr T-56446: - Design = 50 psig MAWP @ 575 degF - MDMT = 50 psig @ -20 degF PM-59524A/B: - MAWP = 562 psig @ 575 degF @ deltaP 105 psi - Design = 631 GPM, 75 HP, 3550 RPM, 548 degF AF-73992: - Design = 250 psig MAWP @ 625 degF - Design Duty = 49.5 MMBTU/Hr"
Node 5,"Combi Tower Overhead System: Combi Tower Condenser, Accumulator, Overhead Pumps, Light Naphtha Product Cooler and Light Naphtha to Storage (AF-56446, PV-56446, PM-73992 A/B, Heat Exchanger EX-81314) to tanks 24/25",99-DWG-3609 Redline,EX-73992,Kero to Feed Preheater,"Overhead pressure - 9-11 psig, overhead temperature ~188F, temperature to storage - 67-72F after CH-1/2 chillers. 12 fin fan banks, 24 fans. Typically run all fans, may be able to shut 5 fans in winter. EX-17647: - Shell MAWP = 305 psig @ 650 degF - Tube MAWP = 305 psig @ 650 degF - Duty = 29.7 MMBTU/Hr T-56446: - Design = 50 psig MAWP @ 575 degF - MDMT = 50 psig @ -20 degF PM-59524A/B: - MAWP = 562 psig @ 575 degF @ deltaP 105 psi - Design = 631 GPM, 75 HP, 3550 RPM, 548 degF AF-73992: - Design = 250 psig MAWP @ 625 degF - Design Duty = 49.5 MMBTU/Hr"
Node 5,"Combi Tower Overhead System: Combi Tower Condenser, Accumulator, Overhead Pumps, Light Naphtha Product Cooler and Light Naphtha to Storage (AF-56446, PV-56446, PM-73992 A/B, Heat Exchanger EX-81314) to tanks 24/25",99-DWG-7560,T-56446,COMBI Tower,- Design = 50 psig MAWP @ 575 degF - MDMT = 50 psig @ -20 degF
Node 5,"Combi Tower Overhead System: Combi Tower Condenser, Accumulator, Overhead Pumps, Light Naphtha Product Cooler and Light Naphtha to Storage (AF-56446, PV-56446, PM-73992 A/B, Heat Exchanger EX-81314) to tanks 24/25",99-DWG-4547,AF-56446,COMBI Tower Condenser,"Overhead pressure - 9-11 psig, overhead temperature ~188F, temperature to storage - 67-72F after CH-1/2 chillers. 12 fin fan banks, 24 fans. Typically run all fans, may be able to shut 5 fans in winter. EX-17647: - Shell MAWP = 305 psig @ 650 degF - Tube MAWP = 305 psig @ 650 degF - Duty = 29.7 MMBTU/Hr T-56446: - Design = 50 psig MAWP @ 575 degF - MDMT = 50 psig @ -20 degF PM-59524A/B: - MAWP = 562 psig @ 575 degF @ deltaP 105 psi - Design = 631 GPM, 75 HP, 3550 RPM, 548 degF AF-73992: - Design = 250 psig MAWP @ 625 degF - Design Duty = 49.5 MMBTU/Hr"
Node 5,"Combi Tower Overhead System: Combi Tower Condenser, Accumulator, Overhead Pumps, Light Naphtha Product Cooler and Light Naphtha to Storage (AF-56446, PV-56446, PM-73992 A/B, Heat Exchanger EX-81314) to tanks 24/25",99-DWG-8403,AF-56446,COMBI Tower Condenser,"Overhead pressure - 9-11 psig, overhead temperature ~188F, temperature to storage - 67-72F after CH-1/2 chillers. 12 fin fan banks, 24 fans. Typically run all fans, may be able to shut 5 fans in winter. EX-17647: - Shell MAWP = 305 psig @ 650 degF - Tube MAWP = 305 psig @ 650 degF - Duty = 29.7 MMBTU/Hr T-56446: - Design = 50 psig MAWP @ 575 degF - MDMT = 50 psig @ -20 degF PM-59524A/B: - MAWP = 562 psig @ 575 degF @ deltaP 105 psi - Design = 631 GPM, 75 HP, 3550 RPM, 548 degF AF-73992: - Design = 250 psig MAWP @ 625 degF - Design Duty = 49.5 MMBTU/Hr"
Node 5,"Combi Tower Overhead System: Combi Tower Condenser, Accumulator, Overhead Pumps, Light Naphtha Product Cooler and Light Naphtha to Storage (AF-56446, PV-56446, PM-73992 A/B, Heat Exchanger EX-81314) to tanks 24/25",99-DWG-5963,AF-56446,COMBI Tower Condenser,"Overhead pressure - 9-11 psig, overhead temperature ~188F, temperature to storage - 67-72F after CH-1/2 chillers. 12 fin fan banks, 24 fans. Typically run all fans, may be able to shut 5 fans in winter. EX-17647: - Shell MAWP = 305 psig @ 650 degF - Tube MAWP = 305 psig @ 650 degF - Duty = 29.7 MMBTU/Hr T-56446: - Design = 50 psig MAWP @ 575 degF - MDMT = 50 psig @ -20 degF PM-59524A/B: - MAWP = 562 psig @ 575 degF @ deltaP 105 psi - Design = 631 GPM, 75 HP, 3550 RPM, 548 degF AF-73992: - Design = 250 psig MAWP @ 625 degF - Design Duty = 49.5 MMBTU/Hr"
Node 5,"Combi Tower Overhead System: Combi Tower Condenser, Accumulator, Overhead Pumps, Light Naphtha Product Cooler and Light Naphtha to Storage (AF-56446, PV-56446, PM-73992 A/B, Heat Exchanger EX-81314) to tanks 24/25",99-DWG-8355,PM-73992A/B,COMBI Tower Overhead Pumps,"Overhead pressure - 9-11 psig, overhead temperature ~188F, temperature to storage - 67-72F after CH-1/2 chillers. 12 fin fan banks, 24 fans. Typically run all fans, may be able to shut 5 fans in winter. EX-17647: - Shell MAWP = 305 psig @ 650 degF - Tube MAWP = 305 psig @ 650 degF - Duty = 29.7 MMBTU/Hr T-56446: - Design = 50 psig MAWP @ 575 degF - MDMT = 50 psig @ -20 degF PM-59524A/B: - MAWP = 562 psig @ 575 degF @ deltaP 105 psi - Design = 631 GPM, 75 HP, 3550 RPM, 548 degF AF-73992: - Design = 250 psig MAWP @ 625 degF - Design Duty = 49.5 MMBTU/Hr"
Node 5,"Combi Tower Overhead System: Combi Tower Condenser, Accumulator, Overhead Pumps, Light Naphtha Product Cooler and Light Naphtha to Storage (AF-56446, PV-56446, PM-73992 A/B, Heat Exchanger EX-81314) to tanks 24/25",99-DWG-8355,PV-56446,COMBI Tower Accumulator,"Overhead pressure - 9-11 psig, overhead temperature ~188F, temperature to storage - 67-72F after CH-1/2 chillers. 12 fin fan banks, 24 fans. Typically run all fans, may be able to shut 5 fans in winter. EX-17647: - Shell MAWP = 305 psig @ 650 degF - Tube MAWP = 305 psig @ 650 degF - Duty = 29.7 MMBTU/Hr T-56446: - Design = 50 psig MAWP @ 575 degF - MDMT = 50 psig @ -20 degF PM-59524A/B: - MAWP = 562 psig @ 575 degF @ deltaP 105 psi - Design = 631 GPM, 75 HP, 3550 RPM, 548 degF AF-73992: - Design = 250 psig MAWP @ 625 degF - Design Duty = 49.5 MMBTU/Hr"
Node 6,"Heavy Naphtha Side Draw From T-56446 to Heavy Naphtha Stripper (T- 103), Stripper Reboiler, and Heavy Naphtha Stripper Bottoms Pump to Feed Preheater and Product Cooler to Storage; Overhead Vapor Return to T- 102 (T-73992, Heat Exchanger EX-48603, PM-17647A/B, Heat Exchanger EX-56446, AF-17647)",99-DWG-3609,EX-81314,Light Naphtha to Feed Preheater,"Normally run with no hot oil on reboiler (Heat Exchanger EX-48603), cooled to ~90F in AF-17647, stripper pressure approximately same as Combi Tower. EX-56446: - Shell MAWP = 305 psig @ 450 degF - Tube MAWP = 305 psig @ 450 degF - Duty = 13.6 MMBTU/Hr EX-48603: - Shell MAWP = 83 psig @ 650 degF - Shell MDMT = -20 degF @ 83 psig - Tube MAWP = 156 psig @ 700 degF - Tube MDMT = -20 degF @ 156 psig - Duty = 13.4 MMBTU/Hr T-73992: - Design = 50 psig MAWP @ 400 degF - MDMT = 10 degF @ 50 psig PM-17647A/B: - MAWP = 642 psig @ 350 degF"
Node 6,"Heavy Naphtha Side Draw From T-56446 to Heavy Naphtha Stripper (T- 103), Stripper Reboiler, and Heavy Naphtha Stripper Bottoms Pump to Feed Preheater and Product Cooler to Storage; Overhead Vapor Return to T- 102 (T-73992, Heat Exchanger EX-48603, PM-17647A/B, Heat Exchanger EX-56446, AF-17647)",99-DWG-3609,EX-56446,Heavy Naphtha to Feed Preheater,- Shell MAWP = 305 psig @ 450 degF - Tube MAWP = 305 psig @ 450 degF - Duty = 13.6 MMBTU/Hr
Node 6,"Heavy Naphtha Side Draw From T-56446 to Heavy Naphtha Stripper (T- 103), Stripper Reboiler, and Heavy Naphtha Stripper Bottoms Pump to Feed Preheater and Product Cooler to Storage; Overhead Vapor Return to T- 102 (T-73992, Heat Exchanger EX-48603, PM-17647A/B, Heat Exchanger EX-56446, AF-17647)",99-DWG-3609,EX-73992,Kero to Feed Preheater,"Normally run with no hot oil on reboiler (Heat Exchanger EX-48603), cooled to ~90F in AF-17647, stripper pressure approximately same as Combi Tower. EX-56446: - Shell MAWP = 305 psig @ 450 degF - Tube MAWP = 305 psig @ 450 degF - Duty = 13.6 MMBTU/Hr EX-48603: - Shell MAWP = 83 psig @ 650 degF - Shell MDMT = -20 degF @ 83 psig - Tube MAWP = 156 psig @ 700 degF - Tube MDMT = -20 degF @ 156 psig - Duty = 13.4 MMBTU/Hr T-73992: - Design = 50 psig MAWP @ 400 degF - MDMT = 10 degF @ 50 psig PM-17647A/B: - MAWP = 642 psig @ 350 degF"
Node 6,"Heavy Naphtha Side Draw From T-56446 to Heavy Naphtha Stripper (T- 103), Stripper Reboiler, and Heavy Naphtha Stripper Bottoms Pump to Feed Preheater and Product Cooler to Storage; Overhead Vapor Return to T- 102 (T-73992, Heat Exchanger EX-48603, PM-17647A/B, Heat Exchanger EX-56446, AF-17647)",99-DWG-3609 Redline,EX-81314,Light Naphtha to Feed Preheater,"Normally run with no hot oil on reboiler (Heat Exchanger EX-48603), cooled to ~90F in AF-17647, stripper pressure approximately same as Combi Tower. EX-56446: - Shell MAWP = 305 psig @ 450 degF - Tube MAWP = 305 psig @ 450 degF - Duty = 13.6 MMBTU/Hr EX-48603: - Shell MAWP = 83 psig @ 650 degF - Shell MDMT = -20 degF @ 83 psig - Tube MAWP = 156 psig @ 700 degF - Tube MDMT = -20 degF @ 156 psig - Duty = 13.4 MMBTU/Hr T-73992: - Design = 50 psig MAWP @ 400 degF - MDMT = 10 degF @ 50 psig PM-17647A/B: - MAWP = 642 psig @ 350 degF"
Node 6,"Heavy Naphtha Side Draw From T-56446 to Heavy Naphtha Stripper (T- 103), Stripper Reboiler, and Heavy Naphtha Stripper Bottoms Pump to Feed Preheater and Product Cooler to Storage; Overhead Vapor Return to T- 102 (T-73992, Heat Exchanger EX-48603, PM-17647A/B, Heat Exchanger EX-56446, AF-17647)",99-DWG-3609 Redline,EX-56446,Heavy Naphtha to Feed Preheater,- Shell MAWP = 305 psig @ 450 degF - Tube MAWP = 305 psig @ 450 degF - Duty = 13.6 MMBTU/Hr
Node 6,"Heavy Naphtha Side Draw From T-56446 to Heavy Naphtha Stripper (T- 103), Stripper Reboiler, and Heavy Naphtha Stripper Bottoms Pump to Feed Preheater and Product Cooler to Storage; Overhead Vapor Return to T- 102 (T-73992, Heat Exchanger EX-48603, PM-17647A/B, Heat Exchanger EX-56446, AF-17647)",99-DWG-3609 Redline,EX-73992,Kero to Feed Preheater,"Normally run with no hot oil on reboiler (Heat Exchanger EX-48603), cooled to ~90F in AF-17647, stripper pressure approximately same as Combi Tower. EX-56446: - Shell MAWP = 305 psig @ 450 degF - Tube MAWP = 305 psig @ 450 degF - Duty = 13.6 MMBTU/Hr EX-48603: - Shell MAWP = 83 psig @ 650 degF - Shell MDMT = -20 degF @ 83 psig - Tube MAWP = 156 psig @ 700 degF - Tube MDMT = -20 degF @ 156 psig - Duty = 13.4 MMBTU/Hr T-73992: - Design = 50 psig MAWP @ 400 degF - MDMT = 10 degF @ 50 psig PM-17647A/B: - MAWP = 642 psig @ 350 degF"
Node 6,"Heavy Naphtha Side Draw From T-56446 to Heavy Naphtha Stripper (T- 103), Stripper Reboiler, and Heavy Naphtha Stripper Bottoms Pump to Feed Preheater and Product Cooler to Storage; Overhead Vapor Return to T- 102 (T-73992, Heat Exchanger EX-48603, PM-17647A/B, Heat Exchanger EX-56446, AF-17647)",99-DWG-7560,T-56446,COMBI Tower,"Normally run with no hot oil on reboiler (Heat Exchanger EX-48603), cooled to ~90F in AF-17647, stripper pressure approximately same as Combi Tower. EX-56446: - Shell MAWP = 305 psig @ 450 degF - Tube MAWP = 305 psig @ 450 degF - Duty = 13.6 MMBTU/Hr EX-48603: - Shell MAWP = 83 psig @ 650 degF - Shell MDMT = -20 degF @ 83 psig - Tube MAWP = 156 psig @ 700 degF - Tube MDMT = -20 degF @ 156 psig - Duty = 13.4 MMBTU/Hr T-73992: - Design = 50 psig MAWP @ 400 degF - MDMT = 10 degF @ 50 psig PM-17647A/B: - MAWP = 642 psig @ 350 degF"
Node 6,"Heavy Naphtha Side Draw From T-56446 to Heavy Naphtha Stripper (T- 103), Stripper Reboiler, and Heavy Naphtha Stripper Bottoms Pump to Feed Preheater and Product Cooler to Storage; Overhead Vapor Return to T- 102 (T-73992, Heat Exchanger EX-48603, PM-17647A/B, Heat Exchanger EX-56446, AF-17647)",99-DWG-7350,T-73992,Heavy Naphtha Stripper,- Design = 50 psig MAWP @ 400 degF - MDMT = 10 degF @ 50 psig
Node 6,"Heavy Naphtha Side Draw From T-56446 to Heavy Naphtha Stripper (T- 103), Stripper Reboiler, and Heavy Naphtha Stripper Bottoms Pump to Feed Preheater and Product Cooler to Storage; Overhead Vapor Return to T- 102 (T-73992, Heat Exchanger EX-48603, PM-17647A/B, Heat Exchanger EX-56446, AF-17647)",99-DWG-7350,EX-48603,Heavy Naphtha Stripper Reboiler,- Shell MAWP = 83 psig @ 650 degF - Shell MDMT = -20 degF @ 83 psig - Tube MAWP = 156 psig @ 700 degF - Tube MDMT = -20 degF @ 156 psig - Duty = 13.4 MMBTU/Hr
Node 6,"Heavy Naphtha Side Draw From T-56446 to Heavy Naphtha Stripper (T- 103), Stripper Reboiler, and Heavy Naphtha Stripper Bottoms Pump to Feed Preheater and Product Cooler to Storage; Overhead Vapor Return to T- 102 (T-73992, Heat Exchanger EX-48603, PM-17647A/B, Heat Exchanger EX-56446, AF-17647)",99-DWG-4935,PM-17647A/B,Heavy Naphtha Stripper Product Pumps,- MAWP = 642 psig @ 350 degF
Node 6,"Heavy Naphtha Side Draw From T-56446 to Heavy Naphtha Stripper (T- 103), Stripper Reboiler, and Heavy Naphtha Stripper Bottoms Pump to Feed Preheater and Product Cooler to Storage; Overhead Vapor Return to T- 102 (T-73992, Heat Exchanger EX-48603, PM-17647A/B, Heat Exchanger EX-56446, AF-17647)",99-DWG-4935,PM-76255A/B,Keto Stripper Product Pumps,"Normally run with no hot oil on reboiler (Heat Exchanger EX-48603), cooled to ~90F in AF-17647, stripper pressure approximately same as Combi Tower. EX-56446: - Shell MAWP = 305 psig @ 450 degF - Tube MAWP = 305 psig @ 450 degF - Duty = 13.6 MMBTU/Hr EX-48603: - Shell MAWP = 83 psig @ 650 degF - Shell MDMT = -20 degF @ 83 psig - Tube MAWP = 156 psig @ 700 degF - Tube MDMT = -20 degF @ 156 psig - Duty = 13.4 MMBTU/Hr T-73992: - Design = 50 psig MAWP @ 400 degF - MDMT = 10 degF @ 50 psig PM-17647A/B: - MAWP = 642 psig @ 350 degF"
Node 6,"Heavy Naphtha Side Draw From T-56446 to Heavy Naphtha Stripper (T- 103), Stripper Reboiler, and Heavy Naphtha Stripper Bottoms Pump to Feed Preheater and Product Cooler to Storage; Overhead Vapor Return to T- 102 (T-73992, Heat Exchanger EX-48603, PM-17647A/B, Heat Exchanger EX-56446, AF-17647)",99-DWG-4935,PM-60820A/B,Diesel Stripper Product Pumps,"Normally run with no hot oil on reboiler (Heat Exchanger EX-48603), cooled to ~90F in AF-17647, stripper pressure approximately same as Combi Tower. EX-56446: - Shell MAWP = 305 psig @ 450 degF - Tube MAWP = 305 psig @ 450 degF - Duty = 13.6 MMBTU/Hr EX-48603: - Shell MAWP = 83 psig @ 650 degF - Shell MDMT = -20 degF @ 83 psig - Tube MAWP = 156 psig @ 700 degF - Tube MDMT = -20 degF @ 156 psig - Duty = 13.4 MMBTU/Hr T-73992: - Design = 50 psig MAWP @ 400 degF - MDMT = 10 degF @ 50 psig PM-17647A/B: - MAWP = 642 psig @ 350 degF"
Node 6,"Heavy Naphtha Side Draw From T-56446 to Heavy Naphtha Stripper (T- 103), Stripper Reboiler, and Heavy Naphtha Stripper Bottoms Pump to Feed Preheater and Product Cooler to Storage; Overhead Vapor Return to T- 102 (T-73992, Heat Exchanger EX-48603, PM-17647A/B, Heat Exchanger EX-56446, AF-17647)",99-DWG-4796,AF-17647,Heavy Naphtha Product Cooler,"Normally run with no hot oil on reboiler (Heat Exchanger EX-48603), cooled to ~90F in AF-17647, stripper pressure approximately same as Combi Tower. EX-56446: - Shell MAWP = 305 psig @ 450 degF - Tube MAWP = 305 psig @ 450 degF - Duty = 13.6 MMBTU/Hr EX-48603: - Shell MAWP = 83 psig @ 650 degF - Shell MDMT = -20 degF @ 83 psig - Tube MAWP = 156 psig @ 700 degF - Tube MDMT = -20 degF @ 156 psig - Duty = 13.4 MMBTU/Hr T-73992: - Design = 50 psig MAWP @ 400 degF - MDMT = 10 degF @ 50 psig PM-17647A/B: - MAWP = 642 psig @ 350 degF"
Node 7,"Kero Side draw from T-56446 to Kero Stripper (T-59524), Stripper Reboiler, and Stripper Bottoms Pump to Heat Exchanger EX-73992 Feed Preheater and to Kero Product Cooler to Storage; Vapor Return to T-56446 (T- 104, Heat Exchanger EX- 109, PM-76255A/B, Heat Exchanger EX-73992, AF-59524)",99-DWG-3609,EX-81314,Light Naphtha to Feed Preheater,"Kero stripper runs at ~360-390F, stripper pressure approx. same as Combi Tower. Kero Filters - moisture and particulate removal EX-73992: - Shell MAWP = 305 psig @ 450 degF - Tube MAWP = 305 psig @ 450 degF - Duty = 33.8 MMBTU/Hr EX-75469: - Shell MAWP = 258 psig @ 650 degF - Shell MDMT = -20 degF @ 258 psig - Tube MAWP = 298 psig @ 700 degF - Tube MDMT = -20 degF @ 298 psig - Duty = 24.7 MMBTU/Hr T-59524: - Design = 50 psig MAWP @ 600 degF - MDMT = 10 degF @ 50 psig PM-76255A/B: - MAWP = 535 psig @ 450 degF - Design = 978 GPM, 100 HP, 1775 RPM, 412 degF AF-59524: - Design = 250 psig MAWP @ 450 degF - Design Duty = 46.4 MMBTU/Hr"
Node 7,"Kero Side draw from T-56446 to Kero Stripper (T-59524), Stripper Reboiler, and Stripper Bottoms Pump to Heat Exchanger EX-73992 Feed Preheater and to Kero Product Cooler to Storage; Vapor Return to T-56446 (T- 104, Heat Exchanger EX- 109, PM-76255A/B, Heat Exchanger EX-73992, AF-59524)",99-DWG-3609,EX-56446,Heavy Naphtha to Feed Preheater,"Kero stripper runs at ~360-390F, stripper pressure approx. same as Combi Tower. Kero Filters - moisture and particulate removal EX-73992: - Shell MAWP = 305 psig @ 450 degF - Tube MAWP = 305 psig @ 450 degF - Duty = 33.8 MMBTU/Hr EX-75469: - Shell MAWP = 258 psig @ 650 degF - Shell MDMT = -20 degF @ 258 psig - Tube MAWP = 298 psig @ 700 degF - Tube MDMT = -20 degF @ 298 psig - Duty = 24.7 MMBTU/Hr T-59524: - Design = 50 psig MAWP @ 600 degF - MDMT = 10 degF @ 50 psig PM-76255A/B: - MAWP = 535 psig @ 450 degF - Design = 978 GPM, 100 HP, 1775 RPM, 412 degF AF-59524: - Design = 250 psig MAWP @ 450 degF - Design Duty = 46.4 MMBTU/Hr"
Node 7,"Kero Side draw from T-56446 to Kero Stripper (T-59524), Stripper Reboiler, and Stripper Bottoms Pump to Heat Exchanger EX-73992 Feed Preheater and to Kero Product Cooler to Storage; Vapor Return to T-56446 (T- 104, Heat Exchanger EX- 109, PM-76255A/B, Heat Exchanger EX-73992, AF-59524)",99-DWG-3609,EX-73992,Kero to Feed Preheater,- Shell MAWP = 305 psig @ 450 degF - Tube MAWP = 305 psig @ 450 degF - Duty = 33.8 MMBTU/Hr
Node 7,"Kero Side draw from T-56446 to Kero Stripper (T-59524), Stripper Reboiler, and Stripper Bottoms Pump to Heat Exchanger EX-73992 Feed Preheater and to Kero Product Cooler to Storage; Vapor Return to T-56446 (T- 104, Heat Exchanger EX- 109, PM-76255A/B, Heat Exchanger EX-73992, AF-59524)",99-DWG-3609 Redline,EX-81314,Light Naphtha to Feed Preheater,"Kero stripper runs at ~360-390F, stripper pressure approx. same as Combi Tower. Kero Filters - moisture and particulate removal EX-73992: - Shell MAWP = 305 psig @ 450 degF - Tube MAWP = 305 psig @ 450 degF - Duty = 33.8 MMBTU/Hr EX-75469: - Shell MAWP = 258 psig @ 650 degF - Shell MDMT = -20 degF @ 258 psig - Tube MAWP = 298 psig @ 700 degF - Tube MDMT = -20 degF @ 298 psig - Duty = 24.7 MMBTU/Hr T-59524: - Design = 50 psig MAWP @ 600 degF - MDMT = 10 degF @ 50 psig PM-76255A/B: - MAWP = 535 psig @ 450 degF - Design = 978 GPM, 100 HP, 1775 RPM, 412 degF AF-59524: - Design = 250 psig MAWP @ 450 degF - Design Duty = 46.4 MMBTU/Hr"
Node 7,"Kero Side draw from T-56446 to Kero Stripper (T-59524), Stripper Reboiler, and Stripper Bottoms Pump to Heat Exchanger EX-73992 Feed Preheater and to Kero Product Cooler to Storage; Vapor Return to T-56446 (T- 104, Heat Exchanger EX- 109, PM-76255A/B, Heat Exchanger EX-73992, AF-59524)",99-DWG-3609 Redline,EX-56446,Heavy Naphtha to Feed Preheater,"Kero stripper runs at ~360-390F, stripper pressure approx. same as Combi Tower. Kero Filters - moisture and particulate removal EX-73992: - Shell MAWP = 305 psig @ 450 degF - Tube MAWP = 305 psig @ 450 degF - Duty = 33.8 MMBTU/Hr EX-75469: - Shell MAWP = 258 psig @ 650 degF - Shell MDMT = -20 degF @ 258 psig - Tube MAWP = 298 psig @ 700 degF - Tube MDMT = -20 degF @ 298 psig - Duty = 24.7 MMBTU/Hr T-59524: - Design = 50 psig MAWP @ 600 degF - MDMT = 10 degF @ 50 psig PM-76255A/B: - MAWP = 535 psig @ 450 degF - Design = 978 GPM, 100 HP, 1775 RPM, 412 degF AF-59524: - Design = 250 psig MAWP @ 450 degF - Design Duty = 46.4 MMBTU/Hr"
Node 7,"Kero Side draw from T-56446 to Kero Stripper (T-59524), Stripper Reboiler, and Stripper Bottoms Pump to Heat Exchanger EX-73992 Feed Preheater and to Kero Product Cooler to Storage; Vapor Return to T-56446 (T- 104, Heat Exchanger EX- 109, PM-76255A/B, Heat Exchanger EX-73992, AF-59524)",99-DWG-3609 Redline,EX-73992,Kero to Feed Preheater,- Shell MAWP = 305 psig @ 450 degF - Tube MAWP = 305 psig @ 450 degF - Duty = 33.8 MMBTU/Hr
Node 7,"Kero Side draw from T-56446 to Kero Stripper (T-59524), Stripper Reboiler, and Stripper Bottoms Pump to Heat Exchanger EX-73992 Feed Preheater and to Kero Product Cooler to Storage; Vapor Return to T-56446 (T- 104, Heat Exchanger EX- 109, PM-76255A/B, Heat Exchanger EX-73992, AF-59524)",99-DWG-7560,T-56446,COMBI Tower,"Kero stripper runs at ~360-390F, stripper pressure approx. same as Combi Tower. Kero Filters - moisture and particulate removal EX-73992: - Shell MAWP = 305 psig @ 450 degF - Tube MAWP = 305 psig @ 450 degF - Duty = 33.8 MMBTU/Hr EX-75469: - Shell MAWP = 258 psig @ 650 degF - Shell MDMT = -20 degF @ 258 psig - Tube MAWP = 298 psig @ 700 degF - Tube MDMT = -20 degF @ 298 psig - Duty = 24.7 MMBTU/Hr T-59524: - Design = 50 psig MAWP @ 600 degF - MDMT = 10 degF @ 50 psig PM-76255A/B: - MAWP = 535 psig @ 450 degF - Design = 978 GPM, 100 HP, 1775 RPM, 412 degF AF-59524: - Design = 250 psig MAWP @ 450 degF - Design Duty = 46.4 MMBTU/Hr"
Node 7,"Kero Side draw from T-56446 to Kero Stripper (T-59524), Stripper Reboiler, and Stripper Bottoms Pump to Heat Exchanger EX-73992 Feed Preheater and to Kero Product Cooler to Storage; Vapor Return to T-56446 (T- 104, Heat Exchanger EX- 109, PM-76255A/B, Heat Exchanger EX-73992, AF-59524)",99-DWG-6769,T-59524,Kero Stripper,- Design = 50 psig MAWP @ 600 degF - MDMT = 10 degF @ 50 psig
Node 7,"Kero Side draw from T-56446 to Kero Stripper (T-59524), Stripper Reboiler, and Stripper Bottoms Pump to Heat Exchanger EX-73992 Feed Preheater and to Kero Product Cooler to Storage; Vapor Return to T-56446 (T- 104, Heat Exchanger EX- 109, PM-76255A/B, Heat Exchanger EX-73992, AF-59524)",99-DWG-6769,EX-75469,Kero Stripper Reboiler,- Shell MAWP = 258 psig @ 650 degF - Shell MDMT = -20 degF @ 258 psig - Tube MAWP = 298 psig @ 700 degF - Tube MDMT = -20 degF @ 298 psig - Duty = 24.7 MMBTU/Hr
Node 7,"Kero Side draw from T-56446 to Kero Stripper (T-59524), Stripper Reboiler, and Stripper Bottoms Pump to Heat Exchanger EX-73992 Feed Preheater and to Kero Product Cooler to Storage; Vapor Return to T-56446 (T- 104, Heat Exchanger EX- 109, PM-76255A/B, Heat Exchanger EX-73992, AF-59524)",99-DWG-4935,PM-17647A/B,Heavy Naphtha Stripper Product Pumps,"Kero stripper runs at ~360-390F, stripper pressure approx. same as Combi Tower. Kero Filters - moisture and particulate removal EX-73992: - Shell MAWP = 305 psig @ 450 degF - Tube MAWP = 305 psig @ 450 degF - Duty = 33.8 MMBTU/Hr EX-75469: - Shell MAWP = 258 psig @ 650 degF - Shell MDMT = -20 degF @ 258 psig - Tube MAWP = 298 psig @ 700 degF - Tube MDMT = -20 degF @ 298 psig - Duty = 24.7 MMBTU/Hr T-59524: - Design = 50 psig MAWP @ 600 degF - MDMT = 10 degF @ 50 psig PM-76255A/B: - MAWP = 535 psig @ 450 degF - Design = 978 GPM, 100 HP, 1775 RPM, 412 degF AF-59524: - Design = 250 psig MAWP @ 450 degF - Design Duty = 46.4 MMBTU/Hr"
Node 7,"Kero Side draw from T-56446 to Kero Stripper (T-59524), Stripper Reboiler, and Stripper Bottoms Pump to Heat Exchanger EX-73992 Feed Preheater and to Kero Product Cooler to Storage; Vapor Return to T-56446 (T- 104, Heat Exchanger EX- 109, PM-76255A/B, Heat Exchanger EX-73992, AF-59524)",99-DWG-4935,PM-76255A/B,Keto Stripper Product Pumps,"- MAWP = 535 psig @ 450 degF - Design = 978 GPM, 100 HP, 1775 RPM, 412 degF"
Node 7,"Kero Side draw from T-56446 to Kero Stripper (T-59524), Stripper Reboiler, and Stripper Bottoms Pump to Heat Exchanger EX-73992 Feed Preheater and to Kero Product Cooler to Storage; Vapor Return to T-56446 (T- 104, Heat Exchanger EX- 109, PM-76255A/B, Heat Exchanger EX-73992, AF-59524)",99-DWG-4935,PM-60820A/B,Diesel Stripper Product Pumps,"Kero stripper runs at ~360-390F, stripper pressure approx. same as Combi Tower. Kero Filters - moisture and particulate removal EX-73992: - Shell MAWP = 305 psig @ 450 degF - Tube MAWP = 305 psig @ 450 degF - Duty = 33.8 MMBTU/Hr EX-75469: - Shell MAWP = 258 psig @ 650 degF - Shell MDMT = -20 degF @ 258 psig - Tube MAWP = 298 psig @ 700 degF - Tube MDMT = -20 degF @ 298 psig - Duty = 24.7 MMBTU/Hr T-59524: - Design = 50 psig MAWP @ 600 degF - MDMT = 10 degF @ 50 psig PM-76255A/B: - MAWP = 535 psig @ 450 degF - Design = 978 GPM, 100 HP, 1775 RPM, 412 degF AF-59524: - Design = 250 psig MAWP @ 450 degF - Design Duty = 46.4 MMBTU/Hr"
Node 7,"Kero Side draw from T-56446 to Kero Stripper (T-59524), Stripper Reboiler, and Stripper Bottoms Pump to Heat Exchanger EX-73992 Feed Preheater and to Kero Product Cooler to Storage; Vapor Return to T-56446 (T- 104, Heat Exchanger EX- 109, PM-76255A/B, Heat Exchanger EX-73992, AF-59524)",99-DWG-1913,AF-59524,Kero Product Cooler,- Design = 250 psig MAWP @ 450 degF - Design Duty = 46.4 MMBTU/Hr
Node 8,"Diesel Stripper (T-17647, Heat Exchanger EX- 110, AF-76255, PM-60820A/B)",99-DWG-5128,EX-59524,Diesel to Feed Preheater,- Shell MAWP = 311 psig @ 650 degF - Tube MAWP = 311 psig @ 650 degF - Duty = 18.9 MMBTU/Hr
Node 8,"Diesel Stripper (T-17647, Heat Exchanger EX- 110, AF-76255, PM-60820A/B)",99-DWG-5128,EX-17647,Bottoms to Feed Preheater,"Diesel stripper runs at ~525-530F, stripper pressure approx. same as Combi Tower EX-59524: - Shell MAWP = 311 psig @ 650 degF - Tube MAWP = 311 psig @ 650 degF - Duty = 18.9 MMBTU/Hr PM-60820A/B: - MAWP = 543 psig @ 650 degF - Design = 320 GPM, 50 HP, 3575 RPM, 608 degF"
Node 8,"Diesel Stripper (T-17647, Heat Exchanger EX- 110, AF-76255, PM-60820A/B)",99-DWG-7560,T-56446,COMBI Tower,"Diesel stripper runs at ~525-530F, stripper pressure approx. same as Combi Tower EX-59524: - Shell MAWP = 311 psig @ 650 degF - Tube MAWP = 311 psig @ 650 degF - Duty = 18.9 MMBTU/Hr PM-60820A/B: - MAWP = 543 psig @ 650 degF - Design = 320 GPM, 50 HP, 3575 RPM, 608 degF"
Node 8,"Diesel Stripper (T-17647, Heat Exchanger EX- 110, AF-76255, PM-60820A/B)",99-DWG-4935,PM-17647A/B,Heavy Naphtha Stripper Product Pumps,"Diesel stripper runs at ~525-530F, stripper pressure approx. same as Combi Tower EX-59524: - Shell MAWP = 311 psig @ 650 degF - Tube MAWP = 311 psig @ 650 degF - Duty = 18.9 MMBTU/Hr PM-60820A/B: - MAWP = 543 psig @ 650 degF - Design = 320 GPM, 50 HP, 3575 RPM, 608 degF"
Node 8,"Diesel Stripper (T-17647, Heat Exchanger EX- 110, AF-76255, PM-60820A/B)",99-DWG-4935,PM-76255A/B,Keto Stripper Product Pumps,"Diesel stripper runs at ~525-530F, stripper pressure approx. same as Combi Tower EX-59524: - Shell MAWP = 311 psig @ 650 degF - Tube MAWP = 311 psig @ 650 degF - Duty = 18.9 MMBTU/Hr PM-60820A/B: - MAWP = 543 psig @ 650 degF - Design = 320 GPM, 50 HP, 3575 RPM, 608 degF"
Node 8,"Diesel Stripper (T-17647, Heat Exchanger EX- 110, AF-76255, PM-60820A/B)",99-DWG-4935,PM-60820A/B,Diesel Stripper Product Pumps,"- MAWP = 543 psig @ 650 degF - Design = 320 GPM, 50 HP, 3575 RPM, 608 degF"
Node 8,"Diesel Stripper (T-17647, Heat Exchanger EX- 110, AF-76255, PM-60820A/B)",99-DWG-4069,PM-59524A/B,COMBI Tower Bottoms Product Pumps,"Diesel stripper runs at ~525-530F, stripper pressure approx. same as Combi Tower EX-59524: - Shell MAWP = 311 psig @ 650 degF - Tube MAWP = 311 psig @ 650 degF - Duty = 18.9 MMBTU/Hr PM-60820A/B: - MAWP = 543 psig @ 650 degF - Design = 320 GPM, 50 HP, 3575 RPM, 608 degF"
Node 8,"Diesel Stripper (T-17647, Heat Exchanger EX- 110, AF-76255, PM-60820A/B)",99-DWG-3162,AF-73992,Bottoms Product Cooler,"Diesel stripper runs at ~525-530F, stripper pressure approx. same as Combi Tower EX-59524: - Shell MAWP = 311 psig @ 650 degF - Tube MAWP = 311 psig @ 650 degF - Duty = 18.9 MMBTU/Hr PM-60820A/B: - MAWP = 543 psig @ 650 degF - Design = 320 GPM, 50 HP, 3575 RPM, 608 degF"
Node 8,"Diesel Stripper (T-17647, Heat Exchanger EX- 110, AF-76255, PM-60820A/B)",99-DWG-2162,T-17647,Diesel Stripper,"Diesel stripper runs at ~525-530F, stripper pressure approx. same as Combi Tower EX-59524: - Shell MAWP = 311 psig @ 650 degF - Tube MAWP = 311 psig @ 650 degF - Duty = 18.9 MMBTU/Hr PM-60820A/B: - MAWP = 543 psig @ 650 degF - Design = 320 GPM, 50 HP, 3575 RPM, 608 degF"
Node 8,"Diesel Stripper (T-17647, Heat Exchanger EX- 110, AF-76255, PM-60820A/B)",99-DWG-2162,EX-70814,Diesel Stripper Reboiler,"Diesel stripper runs at ~525-530F, stripper pressure approx. same as Combi Tower EX-59524: - Shell MAWP = 311 psig @ 650 degF - Tube MAWP = 311 psig @ 650 degF - Duty = 18.9 MMBTU/Hr PM-60820A/B: - MAWP = 543 psig @ 650 degF - Design = 320 GPM, 50 HP, 3575 RPM, 608 degF"
Node 8,"Diesel Stripper (T-17647, Heat Exchanger EX- 110, AF-76255, PM-60820A/B)",99-DWG-5722,AF-76255,Diesel Product Cooler,"Diesel stripper runs at ~525-530F, stripper pressure approx. same as Combi Tower EX-59524: - Shell MAWP = 311 psig @ 650 degF - Tube MAWP = 311 psig @ 650 degF - Duty = 18.9 MMBTU/Hr PM-60820A/B: - MAWP = 543 psig @ 650 degF - Design = 320 GPM, 50 HP, 3575 RPM, 608 degF"
Node 9,"From PV-56446 Combi Tower Accumulator to Recycle Gas Compressor, Recycle Compressor Suction Knockout Drum, Recycle Cooler, Recycle Gas Knockout Drum, Recycle Gas Knockout Pump to Fuel Gas System, (PV-60820, AF- 108, PV-75469, PM-41064, PM- 113)",99-DWG-3609,EX-81314,Light Naphtha to Feed Preheater,"Inlet pressure 8-12 psig to ~70 psig through compressor, liquids knocked out and returned to Stabilizer feed CM-81314A/B: - Suction P = 16 psia @ 165 degF - Discharge P = 80 psia @ 205 degF PV-48603: - MAWP = 150 psig @ 300 degF - MDMT = 10 degF @ 150 psig AF-48603: - MAWP = 150 psig @ 350 degF - MDMT = -20 degF @ 150 psig PV-60820: - MAWP = FV/100 psig @ 250 degF - MDMT = 10 degF @ 100 psig HTR-81314: - MAWP = 100 psig @ 300 degF - MDMT = -20 degF @ 100 psig EX-53688: -MAWP Shell = 150 psig @ 350 degF - MDMT Shell = -20 degF @ 150 psig PV-75469: - MAWP = FV/125 psig @ 250 degF - MDMT = -10 degF @ 100 psig"
Node 9,"From PV-56446 Combi Tower Accumulator to Recycle Gas Compressor, Recycle Compressor Suction Knockout Drum, Recycle Cooler, Recycle Gas Knockout Drum, Recycle Gas Knockout Pump to Fuel Gas System, (PV-60820, AF- 108, PV-75469, PM-41064, PM- 113)",99-DWG-3609,EX-56446,Heavy Naphtha to Feed Preheater,"Inlet pressure 8-12 psig to ~70 psig through compressor, liquids knocked out and returned to Stabilizer feed CM-81314A/B: - Suction P = 16 psia @ 165 degF - Discharge P = 80 psia @ 205 degF PV-48603: - MAWP = 150 psig @ 300 degF - MDMT = 10 degF @ 150 psig AF-48603: - MAWP = 150 psig @ 350 degF - MDMT = -20 degF @ 150 psig PV-60820: - MAWP = FV/100 psig @ 250 degF - MDMT = 10 degF @ 100 psig HTR-81314: - MAWP = 100 psig @ 300 degF - MDMT = -20 degF @ 100 psig EX-53688: -MAWP Shell = 150 psig @ 350 degF - MDMT Shell = -20 degF @ 150 psig PV-75469: - MAWP = FV/125 psig @ 250 degF - MDMT = -10 degF @ 100 psig"
Node 9,"From PV-56446 Combi Tower Accumulator to Recycle Gas Compressor, Recycle Compressor Suction Knockout Drum, Recycle Cooler, Recycle Gas Knockout Drum, Recycle Gas Knockout Pump to Fuel Gas System, (PV-60820, AF- 108, PV-75469, PM-41064, PM- 113)",99-DWG-3609,EX-73992,Kero to Feed Preheater,"Inlet pressure 8-12 psig to ~70 psig through compressor, liquids knocked out and returned to Stabilizer feed CM-81314A/B: - Suction P = 16 psia @ 165 degF - Discharge P = 80 psia @ 205 degF PV-48603: - MAWP = 150 psig @ 300 degF - MDMT = 10 degF @ 150 psig AF-48603: - MAWP = 150 psig @ 350 degF - MDMT = -20 degF @ 150 psig PV-60820: - MAWP = FV/100 psig @ 250 degF - MDMT = 10 degF @ 100 psig HTR-81314: - MAWP = 100 psig @ 300 degF - MDMT = -20 degF @ 100 psig EX-53688: -MAWP Shell = 150 psig @ 350 degF - MDMT Shell = -20 degF @ 150 psig PV-75469: - MAWP = FV/125 psig @ 250 degF - MDMT = -10 degF @ 100 psig"
Node 9,"From PV-56446 Combi Tower Accumulator to Recycle Gas Compressor, Recycle Compressor Suction Knockout Drum, Recycle Cooler, Recycle Gas Knockout Drum, Recycle Gas Knockout Pump to Fuel Gas System, (PV-60820, AF- 108, PV-75469, PM-41064, PM- 113)",99-DWG-3609 Redline,EX-81314,Light Naphtha to Feed Preheater,"Inlet pressure 8-12 psig to ~70 psig through compressor, liquids knocked out and returned to Stabilizer feed CM-81314A/B: - Suction P = 16 psia @ 165 degF - Discharge P = 80 psia @ 205 degF PV-48603: - MAWP = 150 psig @ 300 degF - MDMT = 10 degF @ 150 psig AF-48603: - MAWP = 150 psig @ 350 degF - MDMT = -20 degF @ 150 psig PV-60820: - MAWP = FV/100 psig @ 250 degF - MDMT = 10 degF @ 100 psig HTR-81314: - MAWP = 100 psig @ 300 degF - MDMT = -20 degF @ 100 psig EX-53688: -MAWP Shell = 150 psig @ 350 degF - MDMT Shell = -20 degF @ 150 psig PV-75469: - MAWP = FV/125 psig @ 250 degF - MDMT = -10 degF @ 100 psig"
Node 9,"From PV-56446 Combi Tower Accumulator to Recycle Gas Compressor, Recycle Compressor Suction Knockout Drum, Recycle Cooler, Recycle Gas Knockout Drum, Recycle Gas Knockout Pump to Fuel Gas System, (PV-60820, AF- 108, PV-75469, PM-41064, PM- 113)",99-DWG-3609 Redline,EX-56446,Heavy Naphtha to Feed Preheater,"Inlet pressure 8-12 psig to ~70 psig through compressor, liquids knocked out and returned to Stabilizer feed CM-81314A/B: - Suction P = 16 psia @ 165 degF - Discharge P = 80 psia @ 205 degF PV-48603: - MAWP = 150 psig @ 300 degF - MDMT = 10 degF @ 150 psig AF-48603: - MAWP = 150 psig @ 350 degF - MDMT = -20 degF @ 150 psig PV-60820: - MAWP = FV/100 psig @ 250 degF - MDMT = 10 degF @ 100 psig HTR-81314: - MAWP = 100 psig @ 300 degF - MDMT = -20 degF @ 100 psig EX-53688: -MAWP Shell = 150 psig @ 350 degF - MDMT Shell = -20 degF @ 150 psig PV-75469: - MAWP = FV/125 psig @ 250 degF - MDMT = -10 degF @ 100 psig"
Node 9,"From PV-56446 Combi Tower Accumulator to Recycle Gas Compressor, Recycle Compressor Suction Knockout Drum, Recycle Cooler, Recycle Gas Knockout Drum, Recycle Gas Knockout Pump to Fuel Gas System, (PV-60820, AF- 108, PV-75469, PM-41064, PM- 113)",99-DWG-3609 Redline,EX-73992,Kero to Feed Preheater,"Inlet pressure 8-12 psig to ~70 psig through compressor, liquids knocked out and returned to Stabilizer feed CM-81314A/B: - Suction P = 16 psia @ 165 degF - Discharge P = 80 psia @ 205 degF PV-48603: - MAWP = 150 psig @ 300 degF - MDMT = 10 degF @ 150 psig AF-48603: - MAWP = 150 psig @ 350 degF - MDMT = -20 degF @ 150 psig PV-60820: - MAWP = FV/100 psig @ 250 degF - MDMT = 10 degF @ 100 psig HTR-81314: - MAWP = 100 psig @ 300 degF - MDMT = -20 degF @ 100 psig EX-53688: -MAWP Shell = 150 psig @ 350 degF - MDMT Shell = -20 degF @ 150 psig PV-75469: - MAWP = FV/125 psig @ 250 degF - MDMT = -10 degF @ 100 psig"
Node 9,"From PV-56446 Combi Tower Accumulator to Recycle Gas Compressor, Recycle Compressor Suction Knockout Drum, Recycle Cooler, Recycle Gas Knockout Drum, Recycle Gas Knockout Pump to Fuel Gas System, (PV-60820, AF- 108, PV-75469, PM-41064, PM- 113)",99-DWG-5469,PM-81314A/B,Naphtha Stabilizer Overhead Pumps,"Inlet pressure 8-12 psig to ~70 psig through compressor, liquids knocked out and returned to Stabilizer feed CM-81314A/B: - Suction P = 16 psia @ 165 degF - Discharge P = 80 psia @ 205 degF PV-48603: - MAWP = 150 psig @ 300 degF - MDMT = 10 degF @ 150 psig AF-48603: - MAWP = 150 psig @ 350 degF - MDMT = -20 degF @ 150 psig PV-60820: - MAWP = FV/100 psig @ 250 degF - MDMT = 10 degF @ 100 psig HTR-81314: - MAWP = 100 psig @ 300 degF - MDMT = -20 degF @ 100 psig EX-53688: -MAWP Shell = 150 psig @ 350 degF - MDMT Shell = -20 degF @ 150 psig PV-75469: - MAWP = FV/125 psig @ 250 degF - MDMT = -10 degF @ 100 psig"
Node 9,"From PV-56446 Combi Tower Accumulator to Recycle Gas Compressor, Recycle Compressor Suction Knockout Drum, Recycle Cooler, Recycle Gas Knockout Drum, Recycle Gas Knockout Pump to Fuel Gas System, (PV-60820, AF- 108, PV-75469, PM-41064, PM- 113)",99-DWG-5469,PV-81314,Naphtha Stabilizer Accumulator,"Inlet pressure 8-12 psig to ~70 psig through compressor, liquids knocked out and returned to Stabilizer feed CM-81314A/B: - Suction P = 16 psia @ 165 degF - Discharge P = 80 psia @ 205 degF PV-48603: - MAWP = 150 psig @ 300 degF - MDMT = 10 degF @ 150 psig AF-48603: - MAWP = 150 psig @ 350 degF - MDMT = -20 degF @ 150 psig PV-60820: - MAWP = FV/100 psig @ 250 degF - MDMT = 10 degF @ 100 psig HTR-81314: - MAWP = 100 psig @ 300 degF - MDMT = -20 degF @ 100 psig EX-53688: -MAWP Shell = 150 psig @ 350 degF - MDMT Shell = -20 degF @ 150 psig PV-75469: - MAWP = FV/125 psig @ 250 degF - MDMT = -10 degF @ 100 psig"
Node 9,"From PV-56446 Combi Tower Accumulator to Recycle Gas Compressor, Recycle Compressor Suction Knockout Drum, Recycle Cooler, Recycle Gas Knockout Drum, Recycle Gas Knockout Pump to Fuel Gas System, (PV-60820, AF- 108, PV-75469, PM-41064, PM- 113)",99-DWG-5469 Redline,PM-81314A/B,Naphtha Stabilizer Overhead Pumps,"Inlet pressure 8-12 psig to ~70 psig through compressor, liquids knocked out and returned to Stabilizer feed CM-81314A/B: - Suction P = 16 psia @ 165 degF - Discharge P = 80 psia @ 205 degF PV-48603: - MAWP = 150 psig @ 300 degF - MDMT = 10 degF @ 150 psig AF-48603: - MAWP = 150 psig @ 350 degF - MDMT = -20 degF @ 150 psig PV-60820: - MAWP = FV/100 psig @ 250 degF - MDMT = 10 degF @ 100 psig HTR-81314: - MAWP = 100 psig @ 300 degF - MDMT = -20 degF @ 100 psig EX-53688: -MAWP Shell = 150 psig @ 350 degF - MDMT Shell = -20 degF @ 150 psig PV-75469: - MAWP = FV/125 psig @ 250 degF - MDMT = -10 degF @ 100 psig"
Node 9,"From PV-56446 Combi Tower Accumulator to Recycle Gas Compressor, Recycle Compressor Suction Knockout Drum, Recycle Cooler, Recycle Gas Knockout Drum, Recycle Gas Knockout Pump to Fuel Gas System, (PV-60820, AF- 108, PV-75469, PM-41064, PM- 113)",99-DWG-5469 Redline,PV-81314,Naphtha Stabilizer Accumulator,"Inlet pressure 8-12 psig to ~70 psig through compressor, liquids knocked out and returned to Stabilizer feed CM-81314A/B: - Suction P = 16 psia @ 165 degF - Discharge P = 80 psia @ 205 degF PV-48603: - MAWP = 150 psig @ 300 degF - MDMT = 10 degF @ 150 psig AF-48603: - MAWP = 150 psig @ 350 degF - MDMT = -20 degF @ 150 psig PV-60820: - MAWP = FV/100 psig @ 250 degF - MDMT = 10 degF @ 100 psig HTR-81314: - MAWP = 100 psig @ 300 degF - MDMT = -20 degF @ 100 psig EX-53688: -MAWP Shell = 150 psig @ 350 degF - MDMT Shell = -20 degF @ 150 psig PV-75469: - MAWP = FV/125 psig @ 250 degF - MDMT = -10 degF @ 100 psig"
Node 9,"From PV-56446 Combi Tower Accumulator to Recycle Gas Compressor, Recycle Compressor Suction Knockout Drum, Recycle Cooler, Recycle Gas Knockout Drum, Recycle Gas Knockout Pump to Fuel Gas System, (PV-60820, AF- 108, PV-75469, PM-41064, PM- 113)",99-DWG-8355,PM-73992A/B,COMBI Tower Overhead Pumps,"Inlet pressure 8-12 psig to ~70 psig through compressor, liquids knocked out and returned to Stabilizer feed CM-81314A/B: - Suction P = 16 psia @ 165 degF - Discharge P = 80 psia @ 205 degF PV-48603: - MAWP = 150 psig @ 300 degF - MDMT = 10 degF @ 150 psig AF-48603: - MAWP = 150 psig @ 350 degF - MDMT = -20 degF @ 150 psig PV-60820: - MAWP = FV/100 psig @ 250 degF - MDMT = 10 degF @ 100 psig HTR-81314: - MAWP = 100 psig @ 300 degF - MDMT = -20 degF @ 100 psig EX-53688: -MAWP Shell = 150 psig @ 350 degF - MDMT Shell = -20 degF @ 150 psig PV-75469: - MAWP = FV/125 psig @ 250 degF - MDMT = -10 degF @ 100 psig"
Node 9,"From PV-56446 Combi Tower Accumulator to Recycle Gas Compressor, Recycle Compressor Suction Knockout Drum, Recycle Cooler, Recycle Gas Knockout Drum, Recycle Gas Knockout Pump to Fuel Gas System, (PV-60820, AF- 108, PV-75469, PM-41064, PM- 113)",99-DWG-8355,PV-56446,COMBI Tower Accumulator,"Inlet pressure 8-12 psig to ~70 psig through compressor, liquids knocked out and returned to Stabilizer feed CM-81314A/B: - Suction P = 16 psia @ 165 degF - Discharge P = 80 psia @ 205 degF PV-48603: - MAWP = 150 psig @ 300 degF - MDMT = 10 degF @ 150 psig AF-48603: - MAWP = 150 psig @ 350 degF - MDMT = -20 degF @ 150 psig PV-60820: - MAWP = FV/100 psig @ 250 degF - MDMT = 10 degF @ 100 psig HTR-81314: - MAWP = 100 psig @ 300 degF - MDMT = -20 degF @ 100 psig EX-53688: -MAWP Shell = 150 psig @ 350 degF - MDMT Shell = -20 degF @ 150 psig PV-75469: - MAWP = FV/125 psig @ 250 degF - MDMT = -10 degF @ 100 psig"
Node 9,"From PV-56446 Combi Tower Accumulator to Recycle Gas Compressor, Recycle Compressor Suction Knockout Drum, Recycle Cooler, Recycle Gas Knockout Drum, Recycle Gas Knockout Pump to Fuel Gas System, (PV-60820, AF- 108, PV-75469, PM-41064, PM- 113)",E000318-01-101 SHT 1 of 5,CS-81314A,Compressor Containment Seal Pot,"Inlet pressure 8-12 psig to ~70 psig through compressor, liquids knocked out and returned to Stabilizer feed CM-81314A/B: - Suction P = 16 psia @ 165 degF - Discharge P = 80 psia @ 205 degF PV-48603: - MAWP = 150 psig @ 300 degF - MDMT = 10 degF @ 150 psig AF-48603: - MAWP = 150 psig @ 350 degF - MDMT = -20 degF @ 150 psig PV-60820: - MAWP = FV/100 psig @ 250 degF - MDMT = 10 degF @ 100 psig HTR-81314: - MAWP = 100 psig @ 300 degF - MDMT = -20 degF @ 100 psig EX-53688: -MAWP Shell = 150 psig @ 350 degF - MDMT Shell = -20 degF @ 150 psig PV-75469: - MAWP = FV/125 psig @ 250 degF - MDMT = -10 degF @ 100 psig"
Node 9,"From PV-56446 Combi Tower Accumulator to Recycle Gas Compressor, Recycle Compressor Suction Knockout Drum, Recycle Cooler, Recycle Gas Knockout Drum, Recycle Gas Knockout Pump to Fuel Gas System, (PV-60820, AF- 108, PV-75469, PM-41064, PM- 113)",E000318-01-101 SHT 1 of 5,CM-81314A-PM,Seal System Circulating Pump,"Inlet pressure 8-12 psig to ~70 psig through compressor, liquids knocked out and returned to Stabilizer feed CM-81314A/B: - Suction P = 16 psia @ 165 degF - Discharge P = 80 psia @ 205 degF PV-48603: - MAWP = 150 psig @ 300 degF - MDMT = 10 degF @ 150 psig AF-48603: - MAWP = 150 psig @ 350 degF - MDMT = -20 degF @ 150 psig PV-60820: - MAWP = FV/100 psig @ 250 degF - MDMT = 10 degF @ 100 psig HTR-81314: - MAWP = 100 psig @ 300 degF - MDMT = -20 degF @ 100 psig EX-53688: -MAWP Shell = 150 psig @ 350 degF - MDMT Shell = -20 degF @ 150 psig PV-75469: - MAWP = FV/125 psig @ 250 degF - MDMT = -10 degF @ 100 psig"
Node 9,"From PV-56446 Combi Tower Accumulator to Recycle Gas Compressor, Recycle Compressor Suction Knockout Drum, Recycle Cooler, Recycle Gas Knockout Drum, Recycle Gas Knockout Pump to Fuel Gas System, (PV-60820, AF- 108, PV-75469, PM-41064, PM- 113)",E000318-01-101 SHT 1 of 5,CM-81314A-BM,Seal System Blower,"Inlet pressure 8-12 psig to ~70 psig through compressor, liquids knocked out and returned to Stabilizer feed CM-81314A/B: - Suction P = 16 psia @ 165 degF - Discharge P = 80 psia @ 205 degF PV-48603: - MAWP = 150 psig @ 300 degF - MDMT = 10 degF @ 150 psig AF-48603: - MAWP = 150 psig @ 350 degF - MDMT = -20 degF @ 150 psig PV-60820: - MAWP = FV/100 psig @ 250 degF - MDMT = 10 degF @ 100 psig HTR-81314: - MAWP = 100 psig @ 300 degF - MDMT = -20 degF @ 100 psig EX-53688: -MAWP Shell = 150 psig @ 350 degF - MDMT Shell = -20 degF @ 150 psig PV-75469: - MAWP = FV/125 psig @ 250 degF - MDMT = -10 degF @ 100 psig"
Node 9,"From PV-56446 Combi Tower Accumulator to Recycle Gas Compressor, Recycle Compressor Suction Knockout Drum, Recycle Cooler, Recycle Gas Knockout Drum, Recycle Gas Knockout Pump to Fuel Gas System, (PV-60820, AF- 108, PV-75469, PM-41064, PM- 113)",E000318-01-101 SHT 1 of 5,CM-81314A-AF,Seal System Heat Coil,"Inlet pressure 8-12 psig to ~70 psig through compressor, liquids knocked out and returned to Stabilizer feed CM-81314A/B: - Suction P = 16 psia @ 165 degF - Discharge P = 80 psia @ 205 degF PV-48603: - MAWP = 150 psig @ 300 degF - MDMT = 10 degF @ 150 psig AF-48603: - MAWP = 150 psig @ 350 degF - MDMT = -20 degF @ 150 psig PV-60820: - MAWP = FV/100 psig @ 250 degF - MDMT = 10 degF @ 100 psig HTR-81314: - MAWP = 100 psig @ 300 degF - MDMT = -20 degF @ 100 psig EX-53688: -MAWP Shell = 150 psig @ 350 degF - MDMT Shell = -20 degF @ 150 psig PV-75469: - MAWP = FV/125 psig @ 250 degF - MDMT = -10 degF @ 100 psig"
Node 9,"From PV-56446 Combi Tower Accumulator to Recycle Gas Compressor, Recycle Compressor Suction Knockout Drum, Recycle Cooler, Recycle Gas Knockout Drum, Recycle Gas Knockout Pump to Fuel Gas System, (PV-60820, AF- 108, PV-75469, PM-41064, PM- 113)",E000318-01-101 SHT 1 of 5,CM-81314A,Recycle Compressor,- Suction P = 16 psia @ 165 degF - Discharge P = 80 psia @ 205 degF
Node 9,"From PV-56446 Combi Tower Accumulator to Recycle Gas Compressor, Recycle Compressor Suction Knockout Drum, Recycle Cooler, Recycle Gas Knockout Drum, Recycle Gas Knockout Pump to Fuel Gas System, (PV-60820, AF- 108, PV-75469, PM-41064, PM- 113)",E000318-01-101 SHT 2 of 5,CS-81314B,Compressor Containment Seal Pot,"Inlet pressure 8-12 psig to ~70 psig through compressor, liquids knocked out and returned to Stabilizer feed CM-81314A/B: - Suction P = 16 psia @ 165 degF - Discharge P = 80 psia @ 205 degF PV-48603: - MAWP = 150 psig @ 300 degF - MDMT = 10 degF @ 150 psig AF-48603: - MAWP = 150 psig @ 350 degF - MDMT = -20 degF @ 150 psig PV-60820: - MAWP = FV/100 psig @ 250 degF - MDMT = 10 degF @ 100 psig HTR-81314: - MAWP = 100 psig @ 300 degF - MDMT = -20 degF @ 100 psig EX-53688: -MAWP Shell = 150 psig @ 350 degF - MDMT Shell = -20 degF @ 150 psig PV-75469: - MAWP = FV/125 psig @ 250 degF - MDMT = -10 degF @ 100 psig"
Node 9,"From PV-56446 Combi Tower Accumulator to Recycle Gas Compressor, Recycle Compressor Suction Knockout Drum, Recycle Cooler, Recycle Gas Knockout Drum, Recycle Gas Knockout Pump to Fuel Gas System, (PV-60820, AF- 108, PV-75469, PM-41064, PM- 113)",E000318-01-101 SHT 2 of 5,CM-81314B-PM,Seal System Circulating Pump,"Inlet pressure 8-12 psig to ~70 psig through compressor, liquids knocked out and returned to Stabilizer feed CM-81314A/B: - Suction P = 16 psia @ 165 degF - Discharge P = 80 psia @ 205 degF PV-48603: - MAWP = 150 psig @ 300 degF - MDMT = 10 degF @ 150 psig AF-48603: - MAWP = 150 psig @ 350 degF - MDMT = -20 degF @ 150 psig PV-60820: - MAWP = FV/100 psig @ 250 degF - MDMT = 10 degF @ 100 psig HTR-81314: - MAWP = 100 psig @ 300 degF - MDMT = -20 degF @ 100 psig EX-53688: -MAWP Shell = 150 psig @ 350 degF - MDMT Shell = -20 degF @ 150 psig PV-75469: - MAWP = FV/125 psig @ 250 degF - MDMT = -10 degF @ 100 psig"
Node 9,"From PV-56446 Combi Tower Accumulator to Recycle Gas Compressor, Recycle Compressor Suction Knockout Drum, Recycle Cooler, Recycle Gas Knockout Drum, Recycle Gas Knockout Pump to Fuel Gas System, (PV-60820, AF- 108, PV-75469, PM-41064, PM- 113)",E000318-01-101 SHT 2 of 5,CM-81314B-BM,Seal System Blower,"Inlet pressure 8-12 psig to ~70 psig through compressor, liquids knocked out and returned to Stabilizer feed CM-81314A/B: - Suction P = 16 psia @ 165 degF - Discharge P = 80 psia @ 205 degF PV-48603: - MAWP = 150 psig @ 300 degF - MDMT = 10 degF @ 150 psig AF-48603: - MAWP = 150 psig @ 350 degF - MDMT = -20 degF @ 150 psig PV-60820: - MAWP = FV/100 psig @ 250 degF - MDMT = 10 degF @ 100 psig HTR-81314: - MAWP = 100 psig @ 300 degF - MDMT = -20 degF @ 100 psig EX-53688: -MAWP Shell = 150 psig @ 350 degF - MDMT Shell = -20 degF @ 150 psig PV-75469: - MAWP = FV/125 psig @ 250 degF - MDMT = -10 degF @ 100 psig"
Node 9,"From PV-56446 Combi Tower Accumulator to Recycle Gas Compressor, Recycle Compressor Suction Knockout Drum, Recycle Cooler, Recycle Gas Knockout Drum, Recycle Gas Knockout Pump to Fuel Gas System, (PV-60820, AF- 108, PV-75469, PM-41064, PM- 113)",E000318-01-101 SHT 2 of 5,CM-81314B,Recycle Compressor,- Suction P = 16 psia @ 165 degF - Discharge P = 80 psia @ 205 degF
Node 9,"From PV-56446 Combi Tower Accumulator to Recycle Gas Compressor, Recycle Compressor Suction Knockout Drum, Recycle Cooler, Recycle Gas Knockout Drum, Recycle Gas Knockout Pump to Fuel Gas System, (PV-60820, AF- 108, PV-75469, PM-41064, PM- 113)",E000318-01-101 SHT 3 of 5,FL-17647A/105B,Compressor Lube Oil Filter,"Inlet pressure 8-12 psig to ~70 psig through compressor, liquids knocked out and returned to Stabilizer feed CM-81314A/B: - Suction P = 16 psia @ 165 degF - Discharge P = 80 psia @ 205 degF PV-48603: - MAWP = 150 psig @ 300 degF - MDMT = 10 degF @ 150 psig AF-48603: - MAWP = 150 psig @ 350 degF - MDMT = -20 degF @ 150 psig PV-60820: - MAWP = FV/100 psig @ 250 degF - MDMT = 10 degF @ 100 psig HTR-81314: - MAWP = 100 psig @ 300 degF - MDMT = -20 degF @ 100 psig EX-53688: -MAWP Shell = 150 psig @ 350 degF - MDMT Shell = -20 degF @ 150 psig PV-75469: - MAWP = FV/125 psig @ 250 degF - MDMT = -10 degF @ 100 psig"
Node 9,"From PV-56446 Combi Tower Accumulator to Recycle Gas Compressor, Recycle Compressor Suction Knockout Drum, Recycle Cooler, Recycle Gas Knockout Drum, Recycle Gas Knockout Pump to Fuel Gas System, (PV-60820, AF- 108, PV-75469, PM-41064, PM- 113)",E000318-01-101 SHT 3 of 5,HTR-56446,Lube Oil Separator Heater,"Inlet pressure 8-12 psig to ~70 psig through compressor, liquids knocked out and returned to Stabilizer feed CM-81314A/B: - Suction P = 16 psia @ 165 degF - Discharge P = 80 psia @ 205 degF PV-48603: - MAWP = 150 psig @ 300 degF - MDMT = 10 degF @ 150 psig AF-48603: - MAWP = 150 psig @ 350 degF - MDMT = -20 degF @ 150 psig PV-60820: - MAWP = FV/100 psig @ 250 degF - MDMT = 10 degF @ 100 psig HTR-81314: - MAWP = 100 psig @ 300 degF - MDMT = -20 degF @ 100 psig EX-53688: -MAWP Shell = 150 psig @ 350 degF - MDMT Shell = -20 degF @ 150 psig PV-75469: - MAWP = FV/125 psig @ 250 degF - MDMT = -10 degF @ 100 psig"
Node 9,"From PV-56446 Combi Tower Accumulator to Recycle Gas Compressor, Recycle Compressor Suction Knockout Drum, Recycle Cooler, Recycle Gas Knockout Drum, Recycle Gas Knockout Pump to Fuel Gas System, (PV-60820, AF- 108, PV-75469, PM-41064, PM- 113)",E000318-01-101 SHT 3 of 5,PV-48603,Lube Oil Separator Vessel,- MAWP = 150 psig @ 300 degF - MDMT = 10 degF @ 150 psig
Node 9,"From PV-56446 Combi Tower Accumulator to Recycle Gas Compressor, Recycle Compressor Suction Knockout Drum, Recycle Cooler, Recycle Gas Knockout Drum, Recycle Gas Knockout Pump to Fuel Gas System, (PV-60820, AF- 108, PV-75469, PM-41064, PM- 113)",E000318-01-101 SHT 4 of 5,CP-81314,Control Panel,"Inlet pressure 8-12 psig to ~70 psig through compressor, liquids knocked out and returned to Stabilizer feed CM-81314A/B: - Suction P = 16 psia @ 165 degF - Discharge P = 80 psia @ 205 degF PV-48603: - MAWP = 150 psig @ 300 degF - MDMT = 10 degF @ 150 psig AF-48603: - MAWP = 150 psig @ 350 degF - MDMT = -20 degF @ 150 psig PV-60820: - MAWP = FV/100 psig @ 250 degF - MDMT = 10 degF @ 100 psig HTR-81314: - MAWP = 100 psig @ 300 degF - MDMT = -20 degF @ 100 psig EX-53688: -MAWP Shell = 150 psig @ 350 degF - MDMT Shell = -20 degF @ 150 psig PV-75469: - MAWP = FV/125 psig @ 250 degF - MDMT = -10 degF @ 100 psig"
Node 9,"From PV-56446 Combi Tower Accumulator to Recycle Gas Compressor, Recycle Compressor Suction Knockout Drum, Recycle Cooler, Recycle Gas Knockout Drum, Recycle Gas Knockout Pump to Fuel Gas System, (PV-60820, AF- 108, PV-75469, PM-41064, PM- 113)",E000318-01-101 SHT 4 of 5,CMM-81314A/B,Compressor Motor,"Inlet pressure 8-12 psig to ~70 psig through compressor, liquids knocked out and returned to Stabilizer feed CM-81314A/B: - Suction P = 16 psia @ 165 degF - Discharge P = 80 psia @ 205 degF PV-48603: - MAWP = 150 psig @ 300 degF - MDMT = 10 degF @ 150 psig AF-48603: - MAWP = 150 psig @ 350 degF - MDMT = -20 degF @ 150 psig PV-60820: - MAWP = FV/100 psig @ 250 degF - MDMT = 10 degF @ 100 psig HTR-81314: - MAWP = 100 psig @ 300 degF - MDMT = -20 degF @ 100 psig EX-53688: -MAWP Shell = 150 psig @ 350 degF - MDMT Shell = -20 degF @ 150 psig PV-75469: - MAWP = FV/125 psig @ 250 degF - MDMT = -10 degF @ 100 psig"
Node 9,"From PV-56446 Combi Tower Accumulator to Recycle Gas Compressor, Recycle Compressor Suction Knockout Drum, Recycle Cooler, Recycle Gas Knockout Drum, Recycle Gas Knockout Pump to Fuel Gas System, (PV-60820, AF- 108, PV-75469, PM-41064, PM- 113)",E000318-01-101 SHT 4 of 5,CPL-81314A/B,Coupling,"Inlet pressure 8-12 psig to ~70 psig through compressor, liquids knocked out and returned to Stabilizer feed CM-81314A/B: - Suction P = 16 psia @ 165 degF - Discharge P = 80 psia @ 205 degF PV-48603: - MAWP = 150 psig @ 300 degF - MDMT = 10 degF @ 150 psig AF-48603: - MAWP = 150 psig @ 350 degF - MDMT = -20 degF @ 150 psig PV-60820: - MAWP = FV/100 psig @ 250 degF - MDMT = 10 degF @ 100 psig HTR-81314: - MAWP = 100 psig @ 300 degF - MDMT = -20 degF @ 100 psig EX-53688: -MAWP Shell = 150 psig @ 350 degF - MDMT Shell = -20 degF @ 150 psig PV-75469: - MAWP = FV/125 psig @ 250 degF - MDMT = -10 degF @ 100 psig"
Node 9,"From PV-56446 Combi Tower Accumulator to Recycle Gas Compressor, Recycle Compressor Suction Knockout Drum, Recycle Cooler, Recycle Gas Knockout Drum, Recycle Gas Knockout Pump to Fuel Gas System, (PV-60820, AF- 108, PV-75469, PM-41064, PM- 113)",E000318-01-101 SHT 5 of 5,AF-48603,Gas Aftercooler,- MAWP = 150 psig @ 350 degF - MDMT = -20 degF @ 150 psig
Node 9,"From PV-56446 Combi Tower Accumulator to Recycle Gas Compressor, Recycle Compressor Suction Knockout Drum, Recycle Cooler, Recycle Gas Knockout Drum, Recycle Gas Knockout Pump to Fuel Gas System, (PV-60820, AF- 108, PV-75469, PM-41064, PM- 113)",E000318-01-101 SHT 5 of 5,AF-60820,Compressor Lube Oil Cooler,"Inlet pressure 8-12 psig to ~70 psig through compressor, liquids knocked out and returned to Stabilizer feed CM-81314A/B: - Suction P = 16 psia @ 165 degF - Discharge P = 80 psia @ 205 degF PV-48603: - MAWP = 150 psig @ 300 degF - MDMT = 10 degF @ 150 psig AF-48603: - MAWP = 150 psig @ 350 degF - MDMT = -20 degF @ 150 psig PV-60820: - MAWP = FV/100 psig @ 250 degF - MDMT = 10 degF @ 100 psig HTR-81314: - MAWP = 100 psig @ 300 degF - MDMT = -20 degF @ 100 psig EX-53688: -MAWP Shell = 150 psig @ 350 degF - MDMT Shell = -20 degF @ 150 psig PV-75469: - MAWP = FV/125 psig @ 250 degF - MDMT = -10 degF @ 100 psig"
Node 9,"From PV-56446 Combi Tower Accumulator to Recycle Gas Compressor, Recycle Compressor Suction Knockout Drum, Recycle Cooler, Recycle Gas Knockout Drum, Recycle Gas Knockout Pump to Fuel Gas System, (PV-60820, AF- 108, PV-75469, PM-41064, PM- 113)",E000318-02-102 SHT 2,PV-75469,Discharge Scrubber,- MAWP = FV/125 psig @ 250 degF - MDMT = -10 degF @ 100 psig
Node 9,"From PV-56446 Combi Tower Accumulator to Recycle Gas Compressor, Recycle Compressor Suction Knockout Drum, Recycle Cooler, Recycle Gas Knockout Drum, Recycle Gas Knockout Pump to Fuel Gas System, (PV-60820, AF- 108, PV-75469, PM-41064, PM- 113)",E000318-02-102 SHT 2,PM-41064A/B,Discharge Pump,"Inlet pressure 8-12 psig to ~70 psig through compressor, liquids knocked out and returned to Stabilizer feed CM-81314A/B: - Suction P = 16 psia @ 165 degF - Discharge P = 80 psia @ 205 degF PV-48603: - MAWP = 150 psig @ 300 degF - MDMT = 10 degF @ 150 psig AF-48603: - MAWP = 150 psig @ 350 degF - MDMT = -20 degF @ 150 psig PV-60820: - MAWP = FV/100 psig @ 250 degF - MDMT = 10 degF @ 100 psig HTR-81314: - MAWP = 100 psig @ 300 degF - MDMT = -20 degF @ 100 psig EX-53688: -MAWP Shell = 150 psig @ 350 degF - MDMT Shell = -20 degF @ 150 psig PV-75469: - MAWP = FV/125 psig @ 250 degF - MDMT = -10 degF @ 100 psig"
Node 9,"From PV-56446 Combi Tower Accumulator to Recycle Gas Compressor, Recycle Compressor Suction Knockout Drum, Recycle Cooler, Recycle Gas Knockout Drum, Recycle Gas Knockout Pump to Fuel Gas System, (PV-60820, AF- 108, PV-75469, PM-41064, PM- 113)",E000318-99-DWG-2066,EX-53688,Gas to Gas Heat Exchanger,-MAWP Shell = 150 psig @ 350 degF - MDMT Shell = -20 degF @ 150 psig
Node 9,"From PV-56446 Combi Tower Accumulator to Recycle Gas Compressor, Recycle Compressor Suction Knockout Drum, Recycle Cooler, Recycle Gas Knockout Drum, Recycle Gas Knockout Pump to Fuel Gas System, (PV-60820, AF- 108, PV-75469, PM-41064, PM- 113)",E000318-99-DWG-2066,HTR-81314,Electric Gas Preheater,- MAWP = 100 psig @ 300 degF - MDMT = -20 degF @ 100 psig
Node 9,"From PV-56446 Combi Tower Accumulator to Recycle Gas Compressor, Recycle Compressor Suction Knockout Drum, Recycle Cooler, Recycle Gas Knockout Drum, Recycle Gas Knockout Pump to Fuel Gas System, (PV-60820, AF- 108, PV-75469, PM-41064, PM- 113)",E000318-99-DWG-2066,PM-87095A,Scrubber Pump,"Inlet pressure 8-12 psig to ~70 psig through compressor, liquids knocked out and returned to Stabilizer feed CM-81314A/B: - Suction P = 16 psia @ 165 degF - Discharge P = 80 psia @ 205 degF PV-48603: - MAWP = 150 psig @ 300 degF - MDMT = 10 degF @ 150 psig AF-48603: - MAWP = 150 psig @ 350 degF - MDMT = -20 degF @ 150 psig PV-60820: - MAWP = FV/100 psig @ 250 degF - MDMT = 10 degF @ 100 psig HTR-81314: - MAWP = 100 psig @ 300 degF - MDMT = -20 degF @ 100 psig EX-53688: -MAWP Shell = 150 psig @ 350 degF - MDMT Shell = -20 degF @ 150 psig PV-75469: - MAWP = FV/125 psig @ 250 degF - MDMT = -10 degF @ 100 psig"
Node 9,"From PV-56446 Combi Tower Accumulator to Recycle Gas Compressor, Recycle Compressor Suction Knockout Drum, Recycle Cooler, Recycle Gas Knockout Drum, Recycle Gas Knockout Pump to Fuel Gas System, (PV-60820, AF- 108, PV-75469, PM-41064, PM- 113)",E000318-99-DWG-2066,PV-60820,Suction Scrubber,- MAWP = FV/100 psig @ 250 degF - MDMT = 10 degF @ 100 psig
Node 41824,"Hot Oil Heater, F-81314; hot oil system: Hot oil Surge Tank, Hot Oil Circulation Pumps, Hot oil heat exchanger (PV-73992, PM-56446), including natural gas and combustion air",99-DWG-8221,EX-76255,Naphtha Stabilizer Reboiler,- Shell MAWP = 287 psig @ 650 degF - Shell MDMT = 287 psig @ 20 degF - Tube MAWP = 276 psig @ 700 degF - Tube MDMT = 276 psig @ 20 degF - Duty = 54.3 MMBTU/Hr
Node 41824,"Hot Oil Heater, F-81314; hot oil system: Hot oil Surge Tank, Hot Oil Circulation Pumps, Hot oil heat exchanger (PV-73992, PM-56446), including natural gas and combustion air",99-DWG-8221,EX-60820,COMBI Tower Feed Preheater,- Shell MAWP = 227 psig @ 650 degF - Shell MDMT = 227 psig @ 20 degF - Tube MAWP = 218 psig @ 700 degF - Tube MDMT = 218 psig @ 20 degF - Duty = 121.7 MMBTU/Hr
Node 41824,"Hot Oil Heater, F-81314; hot oil system: Hot oil Surge Tank, Hot Oil Circulation Pumps, Hot oil heat exchanger (PV-73992, PM-56446), including natural gas and combustion air",99-DWG-8221 Redline,EX-76255,Naphtha Stabilizer Reboiler,- Shell MAWP = 287 psig @ 650 degF - Shell MDMT = 287 psig @ 20 degF - Tube MAWP = 276 psig @ 700 degF - Tube MDMT = 276 psig @ 20 degF - Duty = 54.3 MMBTU/Hr
Node 41824,"Hot Oil Heater, F-81314; hot oil system: Hot oil Surge Tank, Hot Oil Circulation Pumps, Hot oil heat exchanger (PV-73992, PM-56446), including natural gas and combustion air",99-DWG-8221 Redline,EX-60820,COMBI Tower Feed Preheater,- Shell MAWP = 227 psig @ 650 degF - Shell MDMT = 227 psig @ 20 degF - Tube MAWP = 218 psig @ 700 degF - Tube MDMT = 218 psig @ 20 degF - Duty = 121.7 MMBTU/Hr
Node 41824,"Hot Oil Heater, F-81314; hot oil system: Hot oil Surge Tank, Hot Oil Circulation Pumps, Hot oil heat exchanger (PV-73992, PM-56446), including natural gas and combustion air",99-DWG-4957,PV-73992,Hot Oil Surge Tank,- Design = 50 psig MAWP @ 650 degF
Node 41824,"Hot Oil Heater, F-81314; hot oil system: Hot oil Surge Tank, Hot Oil Circulation Pumps, Hot oil heat exchanger (PV-73992, PM-56446), including natural gas and combustion air",99-DWG-4957,PM-56446A/B/C/D,Hot Oil Circulation Pumps,- MAWP = 529 psig @ 625 degF
Node 41824,"Hot Oil Heater, F-81314; hot oil system: Hot oil Surge Tank, Hot Oil Circulation Pumps, Hot oil heat exchanger (PV-73992, PM-56446), including natural gas and combustion air",99-DWG-4957 Redline 1,PV-73992,Hot Oil Surge Tank,- Design = 50 psig MAWP @ 650 degF
Node 41824,"Hot Oil Heater, F-81314; hot oil system: Hot oil Surge Tank, Hot Oil Circulation Pumps, Hot oil heat exchanger (PV-73992, PM-56446), including natural gas and combustion air",99-DWG-4957 Redline 1,PM-56446A/B/C/D,Hot Oil Circulation Pumps,- MAWP = 529 psig @ 625 degF
Node 41824,"Hot Oil Heater, F-81314; hot oil system: Hot oil Surge Tank, Hot Oil Circulation Pumps, Hot oil heat exchanger (PV-73992, PM-56446), including natural gas and combustion air",99-DWG-4957 Redline 2,PV-73992,Hot Oil Surge Tank,- Design = 50 psig MAWP @ 650 degF
Node 41824,"Hot Oil Heater, F-81314; hot oil system: Hot oil Surge Tank, Hot Oil Circulation Pumps, Hot oil heat exchanger (PV-73992, PM-56446), including natural gas and combustion air",99-DWG-4957 Redline 2,PM-56446A/B/C/D,Hot Oil Circulation Pumps,- MAWP = 529 psig @ 625 degF
Node 41824,"Hot Oil Heater, F-81314; hot oil system: Hot oil Surge Tank, Hot Oil Circulation Pumps, Hot oil heat exchanger (PV-73992, PM-56446), including natural gas and combustion air",99-DWG-2016,F-81314,Hot Oil Heater,"Typically run 3 out of 4 hot oil circulation pumps. Hot oil temperature - 600F when exchangers are clean, up to 47969- 650F when exchangers are fouled Hot oil to Heat Exchanger EX-76255, Heat Exchanger EX-60820A/B, Heat Exchanger EX-75469, Heat Exchanger EX-70814 EX-76255: - Shell MAWP = 287 psig @ 650 degF - Shell MDMT = 287 psig @ 20 degF - Tube MAWP = 276 psig @ 700 degF - Tube MDMT = 276 psig @ 20 degF - Duty = 54.3 MMBTU/Hr EX-60820: - Shell MAWP = 227 psig @ 650 degF - Shell MDMT = 227 psig @ 20 degF - Tube MAWP = 218 psig @ 700 degF - Tube MDMT = 218 psig @ 20 degF - Duty = 121.7 MMBTU/Hr PV-73992: - Design = 50 psig MAWP @ 650 degF PM-56446A/B/C/D: - MAWP = 529 psig @ 625 degF"
Node 41824,"Hot Oil Heater, F-81314; hot oil system: Hot oil Surge Tank, Hot Oil Circulation Pumps, Hot oil heat exchanger (PV-73992, PM-56446), including natural gas and combustion air",99-DWG-7350,T-73992,Heavy Naphtha Stripper,"Typically run 3 out of 4 hot oil circulation pumps. Hot oil temperature - 600F when exchangers are clean, up to 47969- 650F when exchangers are fouled Hot oil to Heat Exchanger EX-76255, Heat Exchanger EX-60820A/B, Heat Exchanger EX-75469, Heat Exchanger EX-70814 EX-76255: - Shell MAWP = 287 psig @ 650 degF - Shell MDMT = 287 psig @ 20 degF - Tube MAWP = 276 psig @ 700 degF - Tube MDMT = 276 psig @ 20 degF - Duty = 54.3 MMBTU/Hr EX-60820: - Shell MAWP = 227 psig @ 650 degF - Shell MDMT = 227 psig @ 20 degF - Tube MAWP = 218 psig @ 700 degF - Tube MDMT = 218 psig @ 20 degF - Duty = 121.7 MMBTU/Hr PV-73992: - Design = 50 psig MAWP @ 650 degF PM-56446A/B/C/D: - MAWP = 529 psig @ 625 degF"
Node 41824,"Hot Oil Heater, F-81314; hot oil system: Hot oil Surge Tank, Hot Oil Circulation Pumps, Hot oil heat exchanger (PV-73992, PM-56446), including natural gas and combustion air",99-DWG-7350,EX-48603,Heavy Naphtha Stripper Reboiler,"Typically run 3 out of 4 hot oil circulation pumps. Hot oil temperature - 600F when exchangers are clean, up to 47969- 650F when exchangers are fouled Hot oil to Heat Exchanger EX-76255, Heat Exchanger EX-60820A/B, Heat Exchanger EX-75469, Heat Exchanger EX-70814 EX-76255: - Shell MAWP = 287 psig @ 650 degF - Shell MDMT = 287 psig @ 20 degF - Tube MAWP = 276 psig @ 700 degF - Tube MDMT = 276 psig @ 20 degF - Duty = 54.3 MMBTU/Hr EX-60820: - Shell MAWP = 227 psig @ 650 degF - Shell MDMT = 227 psig @ 20 degF - Tube MAWP = 218 psig @ 700 degF - Tube MDMT = 218 psig @ 20 degF - Duty = 121.7 MMBTU/Hr PV-73992: - Design = 50 psig MAWP @ 650 degF PM-56446A/B/C/D: - MAWP = 529 psig @ 625 degF"
Node 41824,"Hot Oil Heater, F-81314; hot oil system: Hot oil Surge Tank, Hot Oil Circulation Pumps, Hot oil heat exchanger (PV-73992, PM-56446), including natural gas and combustion air",99-DWG-6769,T-59524,Kero Stripper,"Typically run 3 out of 4 hot oil circulation pumps. Hot oil temperature - 600F when exchangers are clean, up to 47969- 650F when exchangers are fouled Hot oil to Heat Exchanger EX-76255, Heat Exchanger EX-60820A/B, Heat Exchanger EX-75469, Heat Exchanger EX-70814 EX-76255: - Shell MAWP = 287 psig @ 650 degF - Shell MDMT = 287 psig @ 20 degF - Tube MAWP = 276 psig @ 700 degF - Tube MDMT = 276 psig @ 20 degF - Duty = 54.3 MMBTU/Hr EX-60820: - Shell MAWP = 227 psig @ 650 degF - Shell MDMT = 227 psig @ 20 degF - Tube MAWP = 218 psig @ 700 degF - Tube MDMT = 218 psig @ 20 degF - Duty = 121.7 MMBTU/Hr PV-73992: - Design = 50 psig MAWP @ 650 degF PM-56446A/B/C/D: - MAWP = 529 psig @ 625 degF"
Node 41824,"Hot Oil Heater, F-81314; hot oil system: Hot oil Surge Tank, Hot Oil Circulation Pumps, Hot oil heat exchanger (PV-73992, PM-56446), including natural gas and combustion air",99-DWG-6769,EX-75469,Kero Stripper Reboiler,"Typically run 3 out of 4 hot oil circulation pumps. Hot oil temperature - 600F when exchangers are clean, up to 47969- 650F when exchangers are fouled Hot oil to Heat Exchanger EX-76255, Heat Exchanger EX-60820A/B, Heat Exchanger EX-75469, Heat Exchanger EX-70814 EX-76255: - Shell MAWP = 287 psig @ 650 degF - Shell MDMT = 287 psig @ 20 degF - Tube MAWP = 276 psig @ 700 degF - Tube MDMT = 276 psig @ 20 degF - Duty = 54.3 MMBTU/Hr EX-60820: - Shell MAWP = 227 psig @ 650 degF - Shell MDMT = 227 psig @ 20 degF - Tube MAWP = 218 psig @ 700 degF - Tube MDMT = 218 psig @ 20 degF - Duty = 121.7 MMBTU/Hr PV-73992: - Design = 50 psig MAWP @ 650 degF PM-56446A/B/C/D: - MAWP = 529 psig @ 625 degF"
Node 41824,"Hot Oil Heater, F-81314; hot oil system: Hot oil Surge Tank, Hot Oil Circulation Pumps, Hot oil heat exchanger (PV-73992, PM-56446), including natural gas and combustion air",99-DWG-2162,T-17647,Diesel Stripper,"Typically run 3 out of 4 hot oil circulation pumps. Hot oil temperature - 600F when exchangers are clean, up to 47969- 650F when exchangers are fouled Hot oil to Heat Exchanger EX-76255, Heat Exchanger EX-60820A/B, Heat Exchanger EX-75469, Heat Exchanger EX-70814 EX-76255: - Shell MAWP = 287 psig @ 650 degF - Shell MDMT = 287 psig @ 20 degF - Tube MAWP = 276 psig @ 700 degF - Tube MDMT = 276 psig @ 20 degF - Duty = 54.3 MMBTU/Hr EX-60820: - Shell MAWP = 227 psig @ 650 degF - Shell MDMT = 227 psig @ 20 degF - Tube MAWP = 218 psig @ 700 degF - Tube MDMT = 218 psig @ 20 degF - Duty = 121.7 MMBTU/Hr PV-73992: - Design = 50 psig MAWP @ 650 degF PM-56446A/B/C/D: - MAWP = 529 psig @ 625 degF"
Node 41824,"Hot Oil Heater, F-81314; hot oil system: Hot oil Surge Tank, Hot Oil Circulation Pumps, Hot oil heat exchanger (PV-73992, PM-56446), including natural gas and combustion air",99-DWG-2162,EX-70814,Diesel Stripper Reboiler,- Shell MAWP = 287 psig @ 650 degF - Shell MDMT = 287 psig @ 20 degF - Tube MAWP = 276 psig @ 700 degF - Tube MDMT = 276 psig @ 20 degF - Duty = 54.3 MMBTU/Hr
Node 41824,"Hot Oil Heater, F-81314; hot oil system: Hot oil Surge Tank, Hot Oil Circulation Pumps, Hot oil heat exchanger (PV-73992, PM-56446), including natural gas and combustion air",13040-D-61869-1,F-33219,Hot Oil Heater,"Typically run 3 out of 4 hot oil circulation pumps. Hot oil temperature - 600F when exchangers are clean, up to 47969- 650F when exchangers are fouled Hot oil to Heat Exchanger EX-76255, Heat Exchanger EX-60820A/B, Heat Exchanger EX-75469, Heat Exchanger EX-70814 EX-76255: - Shell MAWP = 287 psig @ 650 degF - Shell MDMT = 287 psig @ 20 degF - Tube MAWP = 276 psig @ 700 degF - Tube MDMT = 276 psig @ 20 degF - Duty = 54.3 MMBTU/Hr EX-60820: - Shell MAWP = 227 psig @ 650 degF - Shell MDMT = 227 psig @ 20 degF - Tube MAWP = 218 psig @ 700 degF - Tube MDMT = 218 psig @ 20 degF - Duty = 121.7 MMBTU/Hr PV-73992: - Design = 50 psig MAWP @ 650 degF PM-56446A/B/C/D: - MAWP = 529 psig @ 625 degF"
Node 52650,"Butane/Y Grade Storage Sphere, pumps and truck rack",99-DWG-8581,PV-13986,Y-Grade Storage Sphere,"- Design = 120 psig MAWP @ 210/- 20 degF and Full Vac @ - 20 degF - Capacity = 23,044 bbls"
Node 52650,"Butane/Y Grade Storage Sphere, pumps and truck rack",99-DWG-4773,PM-12480A/B/C,Multi-Stage Vertical Turbine Pump,"- Design = 1000 GPM, 60 HP @ 1785 RPM - Temp = 120 degF"
Node 52650,"Butane/Y Grade Storage Sphere, pumps and truck rack",99-DWG-9655,F-86126/502,Truck Unloading Filter,- Design = 285 psig @ 150 degF - MDMT = -20 degF @ 285 psig
Node 52650,"Butane/Y Grade Storage Sphere, pumps and truck rack",99-DWG-9655,LR-86126,Truck Loading Skid,"- Size = 6"" - 500 GPM each bay, 1000 GPM total flow - Design = 285 psig @ 100 degF"
Node 52650,"Butane/Y Grade Storage Sphere, pumps and truck rack",99-DWG-9655,PM-86126,Prover Drain Pump,- Capacity = 2 GPM - Design = 1 HP @ 1725 RPM
Node 52650,"Butane/Y Grade Storage Sphere, pumps and truck rack",99-DWG-5205,LR-21246,Truck Loading and Unloading Skid,"- Loading Size = 6"" - 500 GPM each bay, 1000 GPM total flow - Design = 150 psig @ 100 degF"
Node 52650,"Butane/Y Grade Storage Sphere, pumps and truck rack",99-DWG-5205,F-85600/504,Truck Loading Filter,"PV-13986 and PV-64427 - 20,000 bbl each; pump PM-12480A/B/C - 1000 GPM, LR-86126/502 loading racks, Water draw off - 2x/shift; Typically only run PM-12480C, as this is the only PM-12480 pump that has an inline strainer to prevent solids. PV-13986: - Design = 120 psig MAWP @ 210/- 20 degF and Full Vac @ - 20 degF - Capacity = 23,044 bbls PM-12480A/B/C: - Design = 1000 GPM, 60 HP @ 1785 RPM - Temp = 120 degF F-86126/502: - Design = 285 psig @ 150 degF - MDMT = -20 degF @ 285 psig LR-86126: - Size = 6"" - 500 GPM each bay, 1000 GPM total flow - Design = 285 psig @ 100 degF PM-86126: - Capacity = 2 GPM - Design = 1 HP @ 1725 RPM LR-21246: - Loading Size = 6"" - 500 GPM each bay, 1000 GPM total flow - Design = 150 psig @ 100 degF"
Node 52650,"Butane/Y Grade Storage Sphere, pumps and truck rack",99-DWG-5205,PM-21246,Prover Drain PO,"PV-13986 and PV-64427 - 20,000 bbl each; pump PM-12480A/B/C - 1000 GPM, LR-86126/502 loading racks, Water draw off - 2x/shift; Typically only run PM-12480C, as this is the only PM-12480 pump that has an inline strainer to prevent solids. PV-13986: - Design = 120 psig MAWP @ 210/- 20 degF and Full Vac @ - 20 degF - Capacity = 23,044 bbls PM-12480A/B/C: - Design = 1000 GPM, 60 HP @ 1785 RPM - Temp = 120 degF F-86126/502: - Design = 285 psig @ 150 degF - MDMT = -20 degF @ 285 psig LR-86126: - Size = 6"" - 500 GPM each bay, 1000 GPM total flow - Design = 285 psig @ 100 degF PM-86126: - Capacity = 2 GPM - Design = 1 HP @ 1725 RPM LR-21246: - Loading Size = 6"" - 500 GPM each bay, 1000 GPM total flow - Design = 150 psig @ 100 degF"
Node 52650,"Butane/Y Grade Storage Sphere, pumps and truck rack",99-DWG-6254,LR-21246,Truck Loading and Unloading Skid,"- Loading Size = 6"" - 500 GPM each bay, 1000 GPM total flow - Design = 150 psig @ 100 degF"
Node 52650,"Butane/Y Grade Storage Sphere, pumps and truck rack",99-DWG-6254,F-63384/506,Truck Unloading Filter,"PV-13986 and PV-64427 - 20,000 bbl each; pump PM-12480A/B/C - 1000 GPM, LR-86126/502 loading racks, Water draw off - 2x/shift; Typically only run PM-12480C, as this is the only PM-12480 pump that has an inline strainer to prevent solids. PV-13986: - Design = 120 psig MAWP @ 210/- 20 degF and Full Vac @ - 20 degF - Capacity = 23,044 bbls PM-12480A/B/C: - Design = 1000 GPM, 60 HP @ 1785 RPM - Temp = 120 degF F-86126/502: - Design = 285 psig @ 150 degF - MDMT = -20 degF @ 285 psig LR-86126: - Size = 6"" - 500 GPM each bay, 1000 GPM total flow - Design = 285 psig @ 100 degF PM-86126: - Capacity = 2 GPM - Design = 1 HP @ 1725 RPM LR-21246: - Loading Size = 6"" - 500 GPM each bay, 1000 GPM total flow - Design = 150 psig @ 100 degF"
Node 52650,"Butane/Y Grade Storage Sphere, pumps and truck rack",99-DWG-5074,PV-64427,Butane/Y-Grade Storage Sphere,"PV-13986 and PV-64427 - 20,000 bbl each; pump PM-12480A/B/C - 1000 GPM, LR-86126/502 loading racks, Water draw off - 2x/shift; Typically only run PM-12480C, as this is the only PM-12480 pump that has an inline strainer to prevent solids. PV-13986: - Design = 120 psig MAWP @ 210/- 20 degF and Full Vac @ - 20 degF - Capacity = 23,044 bbls PM-12480A/B/C: - Design = 1000 GPM, 60 HP @ 1785 RPM - Temp = 120 degF F-86126/502: - Design = 285 psig @ 150 degF - MDMT = -20 degF @ 285 psig LR-86126: - Size = 6"" - 500 GPM each bay, 1000 GPM total flow - Design = 285 psig @ 100 degF PM-86126: - Capacity = 2 GPM - Design = 1 HP @ 1725 RPM LR-21246: - Loading Size = 6"" - 500 GPM each bay, 1000 GPM total flow - Design = 150 psig @ 100 degF"
Node 38112,"Flare, Flare Knockout Drum, Flare Knockout Drum Pump (PV- 305, PM-43641) and Flare, Flow switch FL-85833",99-DWG-5351,PV-14664,Flare Knockout Drum,- MAWP = 50 psig @ 300 degF - MDMT = 10 degF
Node 38112,"Flare, Flare Knockout Drum, Flare Knockout Drum Pump (PV- 305, PM-43641) and Flare, Flow switch FL-85833",99-DWG-5351,PM-43641A/B,Flare Knockout Pump,"- Design = 185 GPM, 15 HP, 1750 RPM, 31-119 degF @ deltaP 50 psi"
Node 84873,"Aqueous Ammonia Heater System (PV-76255, PM-67967A/B, BM- 105A/B)",99-DWG-2016,F-81314,Hot Oil Heater,"Ammonia injection into hot oil heater stack. NH3 vaporized with warmed air. 10,000 gallon storage tank of 19% aqueous NH3, filled ~ quarterly."
Node 84873,"Aqueous Ammonia Heater System (PV-76255, PM-67967A/B, BM- 105A/B)",13J0010_100101,PV-76255,Ammonia Storage Tank,"Ammonia injection into hot oil heater stack. NH3 vaporized with warmed air. 10,000 gallon storage tank of 19% aqueous NH3, filled ~ quarterly."
Node 84873,"Aqueous Ammonia Heater System (PV-76255, PM-67967A/B, BM- 105A/B)",13J0010_100101,PM-67967A/B,NH3 Forwarding Pump,"Ammonia injection into hot oil heater stack. NH3 vaporized with warmed air. 10,000 gallon storage tank of 19% aqueous NH3, filled ~ quarterly."
Node 84873,"Aqueous Ammonia Heater System (PV-76255, PM-67967A/B, BM- 105A/B)",13J0010_100101,BM-17647A/B,Dilution Air Blower,"Ammonia injection into hot oil heater stack. NH3 vaporized with warmed air. 10,000 gallon storage tank of 19% aqueous NH3, filled ~ quarterly."
Node 84873,"Aqueous Ammonia Heater System (PV-76255, PM-67967A/B, BM- 105A/B)",13J0039_100101,PM-24946A/B,NH3 Forwarding Pump,"Ammonia injection into hot oil heater stack. NH3 vaporized with warmed air. 10,000 gallon storage tank of 19% aqueous NH3, filled ~ quarterly."
Node 84873,"Aqueous Ammonia Heater System (PV-76255, PM-67967A/B, BM- 105A/B)",13J0039_100101,BM-11689A/B,Dilution Air Blower,"Ammonia injection into hot oil heater stack. NH3 vaporized with warmed air. 10,000 gallon storage tank of 19% aqueous NH3, filled ~ quarterly."
Node 46038,Natural Gas/Fuel Gas Header,99-DWG-5469,PM-81314A/B,Naphtha Stabilizer Overhead Pumps,"Natural gas received from KM pipeline, not odorized"
Node 46038,Natural Gas/Fuel Gas Header,99-DWG-5469,PV-81314,Naphtha Stabilizer Accumulator,"Natural gas received from KM pipeline, not odorized"
Node 46038,Natural Gas/Fuel Gas Header,99-DWG-5469 Redline,PM-81314A/B,Naphtha Stabilizer Overhead Pumps,"Natural gas received from KM pipeline, not odorized"
Node 46038,Natural Gas/Fuel Gas Header,99-DWG-5469 Redline,PV-81314,Naphtha Stabilizer Accumulator,"Natural gas received from KM pipeline, not odorized"
Node 46038,Natural Gas/Fuel Gas Header,99-DWG-7560,T-56446,COMBI Tower,"Natural gas received from KM pipeline, not odorized"
Node 46038,Natural Gas/Fuel Gas Header,99-DWG-7054,FL-82745,Vertical Filter Separator,"Natural gas received from KM pipeline, not odorized"
Node 37603,Hydrocarbon Drain,99-DWG-9342,TK-81314,Hydrocarbon Sump,- Design = 5 psig @ 400 degF - Nominal Capacity = 8000 gal
Node 37603,Hydrocarbon Drain,99-DWG-9342,PM-83821A/B,Hydrocarbon Sump Pumps,"- Design = 250 GPM, 15 HP, 3500 RPM - Temp = 75 degF @ 35 psi deltaP"
Node 38095,Wastewater Drain,99-DWG-5906 Redline,PM-53688A/B/C,Condensate Feed Pumps,"8000 gallon sump, pumped to TK 5 TK-56446: - Design = 5 psig @ 400 degF - Nominal Capacity = 8000 gal PM-48584A/B: - Design = 100 GPM, 5 HP, 3515/3530 RPM - Temp = AMB @ 26 psi deltaP"
Node 38095,Wastewater Drain,99-DWG-5906 Redline,FL-81314A/B,Condensate Feed Filter/Coalescer,"8000 gallon sump, pumped to TK 5 TK-56446: - Design = 5 psig @ 400 degF - Nominal Capacity = 8000 gal PM-48584A/B: - Design = 100 GPM, 5 HP, 3515/3530 RPM - Temp = AMB @ 26 psi deltaP"
Node 38095,Wastewater Drain,99-DWG-5906,PM-53688A/B/C,Condensate Feed Pumps,"8000 gallon sump, pumped to TK 5 TK-56446: - Design = 5 psig @ 400 degF - Nominal Capacity = 8000 gal PM-48584A/B: - Design = 100 GPM, 5 HP, 3515/3530 RPM - Temp = AMB @ 26 psi deltaP"
Node 38095,Wastewater Drain,99-DWG-5906,FL-81314A/B,Condensate Feed Filter/Coalescer,"8000 gallon sump, pumped to TK 5 TK-56446: - Design = 5 psig @ 400 degF - Nominal Capacity = 8000 gal PM-48584A/B: - Design = 100 GPM, 5 HP, 3515/3530 RPM - Temp = AMB @ 26 psi deltaP"
Node 38095,Wastewater Drain,99-DWG-5469,PM-81314A/B,Naphtha Stabilizer Overhead Pumps,"8000 gallon sump, pumped to TK 5 TK-56446: - Design = 5 psig @ 400 degF - Nominal Capacity = 8000 gal PM-48584A/B: - Design = 100 GPM, 5 HP, 3515/3530 RPM - Temp = AMB @ 26 psi deltaP"
Node 38095,Wastewater Drain,99-DWG-5469,PV-81314,Naphtha Stabilizer Accumulator,"8000 gallon sump, pumped to TK 5 TK-56446: - Design = 5 psig @ 400 degF - Nominal Capacity = 8000 gal PM-48584A/B: - Design = 100 GPM, 5 HP, 3515/3530 RPM - Temp = AMB @ 26 psi deltaP"
Node 38095,Wastewater Drain,99-DWG-5469 Redline,PM-81314A/B,Naphtha Stabilizer Overhead Pumps,"8000 gallon sump, pumped to TK 5 TK-56446: - Design = 5 psig @ 400 degF - Nominal Capacity = 8000 gal PM-48584A/B: - Design = 100 GPM, 5 HP, 3515/3530 RPM - Temp = AMB @ 26 psi deltaP"
Node 38095,Wastewater Drain,99-DWG-5469 Redline,PV-81314,Naphtha Stabilizer Accumulator,"8000 gallon sump, pumped to TK 5 TK-56446: - Design = 5 psig @ 400 degF - Nominal Capacity = 8000 gal PM-48584A/B: - Design = 100 GPM, 5 HP, 3515/3530 RPM - Temp = AMB @ 26 psi deltaP"
Node 38095,Wastewater Drain,99-DWG-9283,TK-56446,Contact Water Sump,- Design = 5 psig @ 400 degF - Nominal Capacity = 8000 gal
Node 38095,Wastewater Drain,99-DWG-9283,PM-48584A/B,Contact Water Sump Pumps,"- Design = 100 GPM, 5 HP, 3515/3530 RPM - Temp = AMB @ 26 psi deltaP"
Node 98747,Air Compressor System,1318317118 SHT 1,CM-56446A/B,"Air Compressors A, B","- Design = 192 CFM @ 174 psig, 60 HP"
Node 98747,Air Compressor System,1318317118 SHT 2,PV-53688,Air Receiver (Wet),"Splitter 1 air system and common air header for both splitters; Two compressors for each splitter train, tied into common header. Splitter 2 compressors are larger than Splitter 1. CM-56446A/B: - Design = 192 CFM @ 174 psig, 60 HP PV-59044: - Design = 200 psig ASME @ 400 degF, 1040 Gal DR-81314: - Design = 232 psig @ 100 degF FL-59524A/B: - Design = 102 psig @ 68 degF; 254 CFM @ 102 psi FL-76255: - Design = 102 psig @ 68 degF; 254 CFM @ 102 psi"
Node 98747,Air Compressor System,1318317118 SHT 3,DR-81314,Air Dryer Desiccant,- Design = 232 psig @ 100 degF
Node 98747,Air Compressor System,1318317118 SHT 3,FL-59524 A/B,Service Air Filter,"Splitter 1 air system and common air header for both splitters; Two compressors for each splitter train, tied into common header. Splitter 2 compressors are larger than Splitter 1. CM-56446A/B: - Design = 192 CFM @ 174 psig, 60 HP PV-59044: - Design = 200 psig ASME @ 400 degF, 1040 Gal DR-81314: - Design = 232 psig @ 100 degF FL-59524A/B: - Design = 102 psig @ 68 degF; 254 CFM @ 102 psi FL-76255: - Design = 102 psig @ 68 degF; 254 CFM @ 102 psi"
Node 98747,Air Compressor System,1318317118 SHT 3,FL-76255,Service Air Filter,- Design = 102 psig @ 68 degF; 254 CFM @ 102 psi
Node 98747,Air Compressor System,1318317118 SHT 4,FL-60820,Service Air Filter,"Splitter 1 air system and common air header for both splitters; Two compressors for each splitter train, tied into common header. Splitter 2 compressors are larger than Splitter 1. CM-56446A/B: - Design = 192 CFM @ 174 psig, 60 HP PV-59044: - Design = 200 psig ASME @ 400 degF, 1040 Gal DR-81314: - Design = 232 psig @ 100 degF FL-59524A/B: - Design = 102 psig @ 68 degF; 254 CFM @ 102 psi FL-76255: - Design = 102 psig @ 68 degF; 254 CFM @ 102 psi"
Node 74532,"Condensate feed from Condensate feed pumps to Condensate Feed Filter/Coalescer through preheaters to Naphtha Stabilizer Column (Pumps PM-53688 A/B/C, filter FL-33219 A/B, Heat Exchanger EX- 201,202,203, 204, 205)",99-DWG-3187 Redline,FL-33219A/B,Condensate Feed Filter/Coalescer,- MAWP = 325 psig @ 120 degF - Capacity = 1460 GPM
Node 74532,"Condensate feed from Condensate feed pumps to Condensate Feed Filter/Coalescer through preheaters to Naphtha Stabilizer Column (Pumps PM-53688 A/B/C, filter FL-33219 A/B, Heat Exchanger EX- 201,202,203, 204, 205)",99-DWG-3187,FL-33219A/B,Condensate Feed Filter/Coalescer,- MAWP = 325 psig @ 120 degF - Capacity = 1460 GPM
Node 74532,"Condensate feed from Condensate feed pumps to Condensate Feed Filter/Coalescer through preheaters to Naphtha Stabilizer Column (Pumps PM-53688 A/B/C, filter FL-33219 A/B, Heat Exchanger EX- 201,202,203, 204, 205)",99-DWG-1529,EX-33219,Light Naphtha to Feed Preheater,- Shell/Tube MAWP = 305 psig @ 450 degF - Duty = 1.34 MMBTU/Hr
Node 74532,"Condensate feed from Condensate feed pumps to Condensate Feed Filter/Coalescer through preheaters to Naphtha Stabilizer Column (Pumps PM-53688 A/B/C, filter FL-33219 A/B, Heat Exchanger EX- 201,202,203, 204, 205)",99-DWG-1529,EX-92182,Heavy Naphtha to Feed Preheater,- Shell/Tube MAWP = 305 psig @ 450 degF - Duty = 13.6 MMBTU/Hr
Node 74532,"Condensate feed from Condensate feed pumps to Condensate Feed Filter/Coalescer through preheaters to Naphtha Stabilizer Column (Pumps PM-53688 A/B/C, filter FL-33219 A/B, Heat Exchanger EX- 201,202,203, 204, 205)",99-DWG-1529,EX-99986,Kero to Feed Preheater,- Shell MAWP = 305 psig @ 460 degF - Tube MAWP = 305 psig @ 450 degF - Duty = 33.8 MMBTU/Hr
Node 74532,"Condensate feed from Condensate feed pumps to Condensate Feed Filter/Coalescer through preheaters to Naphtha Stabilizer Column (Pumps PM-53688 A/B/C, filter FL-33219 A/B, Heat Exchanger EX- 201,202,203, 204, 205)",99-DWG-1529 Redline,EX-33219,Light Naphtha to Feed Preheater,- Shell/Tube MAWP = 305 psig @ 450 degF - Duty = 1.34 MMBTU/Hr
Node 74532,"Condensate feed from Condensate feed pumps to Condensate Feed Filter/Coalescer through preheaters to Naphtha Stabilizer Column (Pumps PM-53688 A/B/C, filter FL-33219 A/B, Heat Exchanger EX- 201,202,203, 204, 205)",99-DWG-1529 Redline,EX-92182,Heavy Naphtha to Feed Preheater,- Shell/Tube MAWP = 305 psig @ 450 degF - Duty = 13.6 MMBTU/Hr
Node 74532,"Condensate feed from Condensate feed pumps to Condensate Feed Filter/Coalescer through preheaters to Naphtha Stabilizer Column (Pumps PM-53688 A/B/C, filter FL-33219 A/B, Heat Exchanger EX- 201,202,203, 204, 205)",99-DWG-1529 Redline,EX-99986,Kero to Feed Preheater,- Shell MAWP = 305 psig @ 460 degF - Tube MAWP = 305 psig @ 450 degF - Duty = 33.8 MMBTU/Hr
Node 74532,"Condensate feed from Condensate feed pumps to Condensate Feed Filter/Coalescer through preheaters to Naphtha Stabilizer Column (Pumps PM-53688 A/B/C, filter FL-33219 A/B, Heat Exchanger EX- 201,202,203, 204, 205)",99-DWG-1809,EX-80996,Diesel to Feed Preheater,- Shell/Tube MAWP = 305 psig @ 650 degF - Duty = 18.9 MMBTU/Hr
Node 74532,"Condensate feed from Condensate feed pumps to Condensate Feed Filter/Coalescer through preheaters to Naphtha Stabilizer Column (Pumps PM-53688 A/B/C, filter FL-33219 A/B, Heat Exchanger EX- 201,202,203, 204, 205)",99-DWG-1809,EX-11689,Bottoms to Feed Preheater,- Shell MAWP = 305 psig @ 650 degF - Tube MAWP = 305 psig @ 450 degF - Duty = 29.7 MMBTU/Hr
Node 74532,"Condensate feed from Condensate feed pumps to Condensate Feed Filter/Coalescer through preheaters to Naphtha Stabilizer Column (Pumps PM-53688 A/B/C, filter FL-33219 A/B, Heat Exchanger EX- 201,202,203, 204, 205)",99-DWG-8357,T-33219,Naphtha Stabilizer Column,"Feed from 97415-1/2/3 at ambient temperature, desalter runs ~200F, desalter pressure ~140 psi, 1475 GPM maximum rate (to be confirmed). Tie in to desalter between downstream of Heat Exchanger EX-80996 and upstream of Heat Exchanger EX-11689. Coalescers are currently bypassed FL-33219A/B: - MAWP = 325 psig @ 120 degF - Capacity = 1460 GPM EX-33219: - Shell/Tube MAWP = 305 psig @ 450 degF - Duty = 1.34 MMBTU/Hr EX-92182: - Shell/Tube MAWP = 305 psig @ 450 degF - Duty = 13.6 MMBTU/Hr EX-99986: - Shell MAWP = 305 psig @ 460 degF - Tube MAWP = 305 psig @ 450 degF - Duty = 33.8 MMBTU/Hr EX-80996: - Shell/Tube MAWP = 305 psig @ 650 degF - Duty = 18.9 MMBTU/Hr EX-11689: - Shell MAWP = 305 psig @ 650 degF - Tube MAWP = 305 psig @ 450 degF - Duty = 29.7 MMBTU/Hr"
Node 35796,"Naphtha Stabilizer Column, Naphtha Stabilizer Reboiler, Combi Tower Feed Preheater to Combi Tower (T-33219, Heat Exchanger EX 48495, 207A/B)",99-DWG-8357,T-33219,Naphtha Stabilizer Column,- Design = 120 psig MAWP @ 375 degF - MDMT = 10 degF @ 120 psig
Node 35796,"Naphtha Stabilizer Column, Naphtha Stabilizer Reboiler, Combi Tower Feed Preheater to Combi Tower (T-33219, Heat Exchanger EX 48495, 207A/B)",99-DWG-2709,EX-48495,Naphtha Stabilizer Reboiler,"Bottoms through reboiler, heated with Therminol, Therminol flow controlled by column temperature. Bottoms feed to Combi Tower heated by Therminol (Heat Exchanger EX-11354A/B), Therminol flow controlled by Combi Tower feed temperature. T-33219: - Design = 120 psig MAWP @ 375 degF - MDMT = 10 degF @ 120 psig"
Node 35796,"Naphtha Stabilizer Column, Naphtha Stabilizer Reboiler, Combi Tower Feed Preheater to Combi Tower (T-33219, Heat Exchanger EX 48495, 207A/B)",99-DWG-2709,EX-11354,COMBI Tower Feed Preheater,"Bottoms through reboiler, heated with Therminol, Therminol flow controlled by column temperature. Bottoms feed to Combi Tower heated by Therminol (Heat Exchanger EX-11354A/B), Therminol flow controlled by Combi Tower feed temperature. T-33219: - Design = 120 psig MAWP @ 375 degF - MDMT = 10 degF @ 120 psig"
Node 35796,"Naphtha Stabilizer Column, Naphtha Stabilizer Reboiler, Combi Tower Feed Preheater to Combi Tower (T-33219, Heat Exchanger EX 48495, 207A/B)",99-DWG-2709 Redline,EX-48495,Naphtha Stabilizer Reboiler,"Bottoms through reboiler, heated with Therminol, Therminol flow controlled by column temperature. Bottoms feed to Combi Tower heated by Therminol (Heat Exchanger EX-11354A/B), Therminol flow controlled by Combi Tower feed temperature. T-33219: - Design = 120 psig MAWP @ 375 degF - MDMT = 10 degF @ 120 psig"
Node 35796,"Naphtha Stabilizer Column, Naphtha Stabilizer Reboiler, Combi Tower Feed Preheater to Combi Tower (T-33219, Heat Exchanger EX 48495, 207A/B)",99-DWG-2709 Redline,EX-11354,COMBI Tower Feed Preheater,"Bottoms through reboiler, heated with Therminol, Therminol flow controlled by column temperature. Bottoms feed to Combi Tower heated by Therminol (Heat Exchanger EX-11354A/B), Therminol flow controlled by Combi Tower feed temperature. T-33219: - Design = 120 psig MAWP @ 375 degF - MDMT = 10 degF @ 120 psig"
Node 35796,"Naphtha Stabilizer Column, Naphtha Stabilizer Reboiler, Combi Tower Feed Preheater to Combi Tower (T-33219, Heat Exchanger EX 48495, 207A/B)",99-DWG-9306,T-92182,COMBI Tower,"Bottoms through reboiler, heated with Therminol, Therminol flow controlled by column temperature. Bottoms feed to Combi Tower heated by Therminol (Heat Exchanger EX-11354A/B), Therminol flow controlled by Combi Tower feed temperature. T-33219: - Design = 120 psig MAWP @ 375 degF - MDMT = 10 degF @ 120 psig"
Node 89561,"Naphtha Stabilizer Column overhead system: Naphtha Stabilizer Condenser, Accumulator, Pumps; and Y-Grade to storage (AF-33219, PV-33219, PM-33219A/B)",99-DWG-8357,T-33219,Naphtha Stabilizer Column,"Stabilizer overhead runs at 52954-120F, 90 psig, accumulator vents to recycle compressor system AF-33219: - Design = 120 psig MAWP @ 300 degF - Design Duty = 10.7 MMBTU/Hr PV-33219: - Design = 120 psig MAWP @ 300 degF - MDMT = 10 degF @ 120 psig PM-33219A/B: - Design = 239 GPM, 15 HP, 3550 RPM - Temp = 120 degF @ 56 psi deltaP"
Node 89561,"Naphtha Stabilizer Column overhead system: Naphtha Stabilizer Condenser, Accumulator, Pumps; and Y-Grade to storage (AF-33219, PV-33219, PM-33219A/B)",99-DWG-9793,AF-33219,Naphtha Stabilizer Condenser,- Design = 120 psig MAWP @ 300 degF - Design Duty = 10.7 MMBTU/Hr
Node 89561,"Naphtha Stabilizer Column overhead system: Naphtha Stabilizer Condenser, Accumulator, Pumps; and Y-Grade to storage (AF-33219, PV-33219, PM-33219A/B)",99-DWG-9885 Redline,PM-33219A/B,Naphtha Stabilizer Overhead Pumps,"- Design = 239 GPM, 15 HP, 3550 RPM - Temp = 120 degF @ 56 psi deltaP"
Node 89561,"Naphtha Stabilizer Column overhead system: Naphtha Stabilizer Condenser, Accumulator, Pumps; and Y-Grade to storage (AF-33219, PV-33219, PM-33219A/B)",99-DWG-9885 Redline,PV-33219,Naphtha Stabilizer Accumulator,- Design = 120 psig MAWP @ 300 degF - MDMT = 10 degF @ 120 psig
Node 89561,"Naphtha Stabilizer Column overhead system: Naphtha Stabilizer Condenser, Accumulator, Pumps; and Y-Grade to storage (AF-33219, PV-33219, PM-33219A/B)",99-DWG-9885,PM-33219A/B,Naphtha Stabilizer Overhead Pumps,"- Design = 239 GPM, 15 HP, 3550 RPM - Temp = 120 degF @ 56 psi deltaP"
Node 89561,"Naphtha Stabilizer Column overhead system: Naphtha Stabilizer Condenser, Accumulator, Pumps; and Y-Grade to storage (AF-33219, PV-33219, PM-33219A/B)",99-DWG-9885,PV-33219,Naphtha Stabilizer Accumulator,- Design = 120 psig MAWP @ 300 degF - MDMT = 10 degF @ 120 psig
Node 89561,"Naphtha Stabilizer Column overhead system: Naphtha Stabilizer Condenser, Accumulator, Pumps; and Y-Grade to storage (AF-33219, PV-33219, PM-33219A/B)",99-DWG-8581,PV-13986,Y-Grade Storage Sphere,"Stabilizer overhead runs at 52954-120F, 90 psig, accumulator vents to recycle compressor system AF-33219: - Design = 120 psig MAWP @ 300 degF - Design Duty = 10.7 MMBTU/Hr PV-33219: - Design = 120 psig MAWP @ 300 degF - MDMT = 10 degF @ 120 psig PM-33219A/B: - Design = 239 GPM, 15 HP, 3550 RPM - Temp = 120 degF @ 56 psi deltaP"
Node 73897,"Combi Tower, Combi Tower Bottoms Pump, Bottoms to Feed Preheater, Bottoms Product to Desalter Was Water Heater, Bottom Product Cooler and Combi Tower Bottoms Product to Storage (T-92182, PM-80996A/B, AF-99986, Heat Exchanger EX-11689, Heat Exchanger EX-47697A/B)",40-PI-44741A,EX-47697A/B,Bottoms Product to Desalter Wash Water Heater,- Shell MAWP = 305 psig @ 650 degF
Node 73897,"Combi Tower, Combi Tower Bottoms Pump, Bottoms to Feed Preheater, Bottoms Product to Desalter Was Water Heater, Bottom Product Cooler and Combi Tower Bottoms Product to Storage (T-92182, PM-80996A/B, AF-99986, Heat Exchanger EX-11689, Heat Exchanger EX-47697A/B)",40-PI-44741A,EX-16773A/B,Bottoms Product to Desalter Wash Water Heater,"Combi Tower Bottoms - 525-560F, 9-11 psig, temperature to storage = 140-160F, product flow rate = 250- 450 GPM; bottoms product temperature controlled by turning fin fans on/off EX-11689: - Shell MAWP = 305 psig @ 650 degF - Tube MAWP = 305 psig @ 450 degF - Duty = 29.7 MMBTU/Hr T-92182: - Design = 50 psig MAWP @ 575 degF - MDMT = -20 degF @ 50 psig PM-80996A/B: - Design = 631 GPM, 75 HP, 3550 RPM - Temp = 548 degF @ 105 psi deltaP AF-99986: - Design = 250 psig MAWP @ 625 degF - Design Duty = 49.5 MMBTU/Hr EX-47697A/B: - Shell MAWP = 305 psig @ 650 degF"
Node 73897,"Combi Tower, Combi Tower Bottoms Pump, Bottoms to Feed Preheater, Bottoms Product to Desalter Was Water Heater, Bottom Product Cooler and Combi Tower Bottoms Product to Storage (T-92182, PM-80996A/B, AF-99986, Heat Exchanger EX-11689, Heat Exchanger EX-47697A/B)",99-DWG-1809,EX-80996,Diesel to Feed Preheater,"Combi Tower Bottoms - 525-560F, 9-11 psig, temperature to storage = 140-160F, product flow rate = 250- 450 GPM; bottoms product temperature controlled by turning fin fans on/off EX-11689: - Shell MAWP = 305 psig @ 650 degF - Tube MAWP = 305 psig @ 450 degF - Duty = 29.7 MMBTU/Hr T-92182: - Design = 50 psig MAWP @ 575 degF - MDMT = -20 degF @ 50 psig PM-80996A/B: - Design = 631 GPM, 75 HP, 3550 RPM - Temp = 548 degF @ 105 psi deltaP AF-99986: - Design = 250 psig MAWP @ 625 degF - Design Duty = 49.5 MMBTU/Hr EX-47697A/B: - Shell MAWP = 305 psig @ 650 degF"
Node 73897,"Combi Tower, Combi Tower Bottoms Pump, Bottoms to Feed Preheater, Bottoms Product to Desalter Was Water Heater, Bottom Product Cooler and Combi Tower Bottoms Product to Storage (T-92182, PM-80996A/B, AF-99986, Heat Exchanger EX-11689, Heat Exchanger EX-47697A/B)",99-DWG-1809,EX-11689,Bottoms to Feed Preheater,- Shell MAWP = 305 psig @ 650 degF - Tube MAWP = 305 psig @ 450 degF - Duty = 29.7 MMBTU/Hr
Node 73897,"Combi Tower, Combi Tower Bottoms Pump, Bottoms to Feed Preheater, Bottoms Product to Desalter Was Water Heater, Bottom Product Cooler and Combi Tower Bottoms Product to Storage (T-92182, PM-80996A/B, AF-99986, Heat Exchanger EX-11689, Heat Exchanger EX-47697A/B)",99-DWG-8357,T-33219,Naphtha Stabilizer Column,"Combi Tower Bottoms - 525-560F, 9-11 psig, temperature to storage = 140-160F, product flow rate = 250- 450 GPM; bottoms product temperature controlled by turning fin fans on/off EX-11689: - Shell MAWP = 305 psig @ 650 degF - Tube MAWP = 305 psig @ 450 degF - Duty = 29.7 MMBTU/Hr T-92182: - Design = 50 psig MAWP @ 575 degF - MDMT = -20 degF @ 50 psig PM-80996A/B: - Design = 631 GPM, 75 HP, 3550 RPM - Temp = 548 degF @ 105 psi deltaP AF-99986: - Design = 250 psig MAWP @ 625 degF - Design Duty = 49.5 MMBTU/Hr EX-47697A/B: - Shell MAWP = 305 psig @ 650 degF"
Node 73897,"Combi Tower, Combi Tower Bottoms Pump, Bottoms to Feed Preheater, Bottoms Product to Desalter Was Water Heater, Bottom Product Cooler and Combi Tower Bottoms Product to Storage (T-92182, PM-80996A/B, AF-99986, Heat Exchanger EX-11689, Heat Exchanger EX-47697A/B)",99-DWG-9306,T-92182,COMBI Tower,- Design = 50 psig MAWP @ 575 degF - MDMT = -20 degF @ 50 psig
Node 73897,"Combi Tower, Combi Tower Bottoms Pump, Bottoms to Feed Preheater, Bottoms Product to Desalter Was Water Heater, Bottom Product Cooler and Combi Tower Bottoms Product to Storage (T-92182, PM-80996A/B, AF-99986, Heat Exchanger EX-11689, Heat Exchanger EX-47697A/B)",99-DWG-9731,PM-80996A/B,COMBI Tower Bottoms Product Pumps,"- Design = 631 GPM, 75 HP, 3550 RPM - Temp = 548 degF @ 105 psi deltaP"
Node 73897,"Combi Tower, Combi Tower Bottoms Pump, Bottoms to Feed Preheater, Bottoms Product to Desalter Was Water Heater, Bottom Product Cooler and Combi Tower Bottoms Product to Storage (T-92182, PM-80996A/B, AF-99986, Heat Exchanger EX-11689, Heat Exchanger EX-47697A/B)",99-DWG-4362,AF-99986,Bottoms Product Cooler,- Design = 250 psig MAWP @ 625 degF - Design Duty = 49.5 MMBTU/Hr
Node 24509,"Combi Tower Overhead System: Combi Tower Condenser, Accumulator, Overhead Pumps, Light Naphtha Product Cooler and Light Naphtha to Storage (AF-92182- 1/12, PV-92182, PM-99986 A/B, Heat Exchanger EX-33219) to Tanks 24/25",99-DWG-1529,EX-33219,Light Naphtha to Feed Preheater,- Shell/Tube MAWP = 305 psig @ 450 degF - Duty = 1.34 MMBTU/Hr
Node 24509,"Combi Tower Overhead System: Combi Tower Condenser, Accumulator, Overhead Pumps, Light Naphtha Product Cooler and Light Naphtha to Storage (AF-92182- 1/12, PV-92182, PM-99986 A/B, Heat Exchanger EX-33219) to Tanks 24/25",99-DWG-1529,EX-92182,Heavy Naphtha to Feed Preheater,"Overhead pressure - 9-11 psi, overhead temperature ~188F, temperature to storage - 67-72F after Aggreko chillers. 12 fin fan banks, 24 fans. Typically run all fans, may be able to shut 5 fans in winter. EX-33219: - Shell/Tube MAWP = 305 psig @ 450 degF - Duty = 1.34 MMBTU/Hr AF-92182: - Design = 50 psig MAWP @ 300 degF - Design Duty = 150.5 MMBTU/Hr PV-92182: - Design = 50 psig MAWP @ 300 degF PM-99986A/B: - Design = 2528 GPM, 300 HP, 1760 RPM - MAWP = 533 psig @ 139 degF @ 119 psi deltaP"
Node 24509,"Combi Tower Overhead System: Combi Tower Condenser, Accumulator, Overhead Pumps, Light Naphtha Product Cooler and Light Naphtha to Storage (AF-92182- 1/12, PV-92182, PM-99986 A/B, Heat Exchanger EX-33219) to Tanks 24/25",99-DWG-1529,EX-99986,Kero to Feed Preheater,"Overhead pressure - 9-11 psi, overhead temperature ~188F, temperature to storage - 67-72F after Aggreko chillers. 12 fin fan banks, 24 fans. Typically run all fans, may be able to shut 5 fans in winter. EX-33219: - Shell/Tube MAWP = 305 psig @ 450 degF - Duty = 1.34 MMBTU/Hr AF-92182: - Design = 50 psig MAWP @ 300 degF - Design Duty = 150.5 MMBTU/Hr PV-92182: - Design = 50 psig MAWP @ 300 degF PM-99986A/B: - Design = 2528 GPM, 300 HP, 1760 RPM - MAWP = 533 psig @ 139 degF @ 119 psi deltaP"
Node 24509,"Combi Tower Overhead System: Combi Tower Condenser, Accumulator, Overhead Pumps, Light Naphtha Product Cooler and Light Naphtha to Storage (AF-92182- 1/12, PV-92182, PM-99986 A/B, Heat Exchanger EX-33219) to Tanks 24/25",99-DWG-1529 Redline,EX-33219,Light Naphtha to Feed Preheater,- Shell/Tube MAWP = 305 psig @ 450 degF - Duty = 1.34 MMBTU/Hr
Node 24509,"Combi Tower Overhead System: Combi Tower Condenser, Accumulator, Overhead Pumps, Light Naphtha Product Cooler and Light Naphtha to Storage (AF-92182- 1/12, PV-92182, PM-99986 A/B, Heat Exchanger EX-33219) to Tanks 24/25",99-DWG-1529 Redline,EX-92182,Heavy Naphtha to Feed Preheater,"Overhead pressure - 9-11 psi, overhead temperature ~188F, temperature to storage - 67-72F after Aggreko chillers. 12 fin fan banks, 24 fans. Typically run all fans, may be able to shut 5 fans in winter. EX-33219: - Shell/Tube MAWP = 305 psig @ 450 degF - Duty = 1.34 MMBTU/Hr AF-92182: - Design = 50 psig MAWP @ 300 degF - Design Duty = 150.5 MMBTU/Hr PV-92182: - Design = 50 psig MAWP @ 300 degF PM-99986A/B: - Design = 2528 GPM, 300 HP, 1760 RPM - MAWP = 533 psig @ 139 degF @ 119 psi deltaP"
Node 24509,"Combi Tower Overhead System: Combi Tower Condenser, Accumulator, Overhead Pumps, Light Naphtha Product Cooler and Light Naphtha to Storage (AF-92182- 1/12, PV-92182, PM-99986 A/B, Heat Exchanger EX-33219) to Tanks 24/25",99-DWG-1529 Redline,EX-99986,Kero to Feed Preheater,"Overhead pressure - 9-11 psi, overhead temperature ~188F, temperature to storage - 67-72F after Aggreko chillers. 12 fin fan banks, 24 fans. Typically run all fans, may be able to shut 5 fans in winter. EX-33219: - Shell/Tube MAWP = 305 psig @ 450 degF - Duty = 1.34 MMBTU/Hr AF-92182: - Design = 50 psig MAWP @ 300 degF - Design Duty = 150.5 MMBTU/Hr PV-92182: - Design = 50 psig MAWP @ 300 degF PM-99986A/B: - Design = 2528 GPM, 300 HP, 1760 RPM - MAWP = 533 psig @ 139 degF @ 119 psi deltaP"
Node 24509,"Combi Tower Overhead System: Combi Tower Condenser, Accumulator, Overhead Pumps, Light Naphtha Product Cooler and Light Naphtha to Storage (AF-92182- 1/12, PV-92182, PM-99986 A/B, Heat Exchanger EX-33219) to Tanks 24/25",99-DWG-9306,T-92182,COMBI Tower,"Overhead pressure - 9-11 psi, overhead temperature ~188F, temperature to storage - 67-72F after Aggreko chillers. 12 fin fan banks, 24 fans. Typically run all fans, may be able to shut 5 fans in winter. EX-33219: - Shell/Tube MAWP = 305 psig @ 450 degF - Duty = 1.34 MMBTU/Hr AF-92182: - Design = 50 psig MAWP @ 300 degF - Design Duty = 150.5 MMBTU/Hr PV-92182: - Design = 50 psig MAWP @ 300 degF PM-99986A/B: - Design = 2528 GPM, 300 HP, 1760 RPM - MAWP = 533 psig @ 139 degF @ 119 psi deltaP"
Node 24509,"Combi Tower Overhead System: Combi Tower Condenser, Accumulator, Overhead Pumps, Light Naphtha Product Cooler and Light Naphtha to Storage (AF-92182- 1/12, PV-92182, PM-99986 A/B, Heat Exchanger EX-33219) to Tanks 24/25",99-DWG-4097,AF-92182,COMBI Tower Condenser,- Design = 50 psig MAWP @ 300 degF - Design Duty = 150.5 MMBTU/Hr
Node 24509,"Combi Tower Overhead System: Combi Tower Condenser, Accumulator, Overhead Pumps, Light Naphtha Product Cooler and Light Naphtha to Storage (AF-92182- 1/12, PV-92182, PM-99986 A/B, Heat Exchanger EX-33219) to Tanks 24/25",99-DWG-5397,AF-92182,COMBI Tower Condenser,- Design = 50 psig MAWP @ 300 degF - Design Duty = 150.5 MMBTU/Hr
Node 24509,"Combi Tower Overhead System: Combi Tower Condenser, Accumulator, Overhead Pumps, Light Naphtha Product Cooler and Light Naphtha to Storage (AF-92182- 1/12, PV-92182, PM-99986 A/B, Heat Exchanger EX-33219) to Tanks 24/25",99-DWG-2727,AF-92182,COMBI Tower Condenser,- Design = 50 psig MAWP @ 300 degF - Design Duty = 150.5 MMBTU/Hr
Node 24509,"Combi Tower Overhead System: Combi Tower Condenser, Accumulator, Overhead Pumps, Light Naphtha Product Cooler and Light Naphtha to Storage (AF-92182- 1/12, PV-92182, PM-99986 A/B, Heat Exchanger EX-33219) to Tanks 24/25",99-DWG-5411 Redline,PM-99986A/B,COMBI Tower Overhead Pumps,"- Design = 2528 GPM, 300 HP, 1760 RPM - MAWP = 533 psig @ 139 degF @ 119 psi deltaP"
Node 24509,"Combi Tower Overhead System: Combi Tower Condenser, Accumulator, Overhead Pumps, Light Naphtha Product Cooler and Light Naphtha to Storage (AF-92182- 1/12, PV-92182, PM-99986 A/B, Heat Exchanger EX-33219) to Tanks 24/25",99-DWG-5411 Redline,PV-92182,COMBI Tower Accumulator,- Design = 50 psig MAWP @ 300 degF
Node 24509,"Combi Tower Overhead System: Combi Tower Condenser, Accumulator, Overhead Pumps, Light Naphtha Product Cooler and Light Naphtha to Storage (AF-92182- 1/12, PV-92182, PM-99986 A/B, Heat Exchanger EX-33219) to Tanks 24/25",99-DWG-5411,PM-99986A/B,COMBI Tower Overhead Pumps,"- Design = 2528 GPM, 300 HP, 1760 RPM - MAWP = 533 psig @ 139 degF @ 119 psi deltaP"
Node 24509,"Combi Tower Overhead System: Combi Tower Condenser, Accumulator, Overhead Pumps, Light Naphtha Product Cooler and Light Naphtha to Storage (AF-92182- 1/12, PV-92182, PM-99986 A/B, Heat Exchanger EX-33219) to Tanks 24/25",99-DWG-5411,PV-92182,COMBI Tower Accumulator,- Design = 50 psig MAWP @ 300 degF
Node 78719,"Heavy Naphtha Side Draw From T-92182 to Heavy Naphtha Stripper (T- 203), Stripper Reboiler, and Heavy Naphtha Stripper Bottoms Pump to Feed Preheater and Product Cooler to Storage; Overhead Vapor Return to T- 202 (T-99986, Heat Exchanger EX-82745, PM-11689A/B, AF- 205)",99-DWG-1529,EX-33219,Light Naphtha to Feed Preheater,"Normally run with no hot oil on reboiler (Heat Exchanger EX-82745), cooled to ~90F in AF-11689, stripper pressure approximately same as Combi Tower EX-92182: - Shell/Tube MAWP = 305 psig @ 450 degF - Duty = 13.6 MMBTU/Hr T-99986: - Design 50 psig MAWP @ 400 degF - MAWP = 50 psig @ 10 degF EX-82745: - Shell MAWP = 83 psig @ 650 degF - Shell MDMT = -20 degF @ 83 psig - Tube MAWP = 156 psig @ 700 degF - Tube MDMT = -20 degF @ 156 psig - Duty = 13.4 MMBTU/Hr PM-11689A/B:"
Node 78719,"Heavy Naphtha Side Draw From T-92182 to Heavy Naphtha Stripper (T- 203), Stripper Reboiler, and Heavy Naphtha Stripper Bottoms Pump to Feed Preheater and Product Cooler to Storage; Overhead Vapor Return to T- 202 (T-99986, Heat Exchanger EX-82745, PM-11689A/B, AF- 205)",99-DWG-1529,EX-92182,Heavy Naphtha to Feed Preheater,- Shell/Tube MAWP = 305 psig @ 450 degF - Duty = 13.6 MMBTU/Hr
Node 78719,"Heavy Naphtha Side Draw From T-92182 to Heavy Naphtha Stripper (T- 203), Stripper Reboiler, and Heavy Naphtha Stripper Bottoms Pump to Feed Preheater and Product Cooler to Storage; Overhead Vapor Return to T- 202 (T-99986, Heat Exchanger EX-82745, PM-11689A/B, AF- 205)",99-DWG-1529,EX-99986,Kero to Feed Preheater,"Normally run with no hot oil on reboiler (Heat Exchanger EX-82745), cooled to ~90F in AF-11689, stripper pressure approximately same as Combi Tower EX-92182: - Shell/Tube MAWP = 305 psig @ 450 degF - Duty = 13.6 MMBTU/Hr T-99986: - Design 50 psig MAWP @ 400 degF - MAWP = 50 psig @ 10 degF EX-82745: - Shell MAWP = 83 psig @ 650 degF - Shell MDMT = -20 degF @ 83 psig - Tube MAWP = 156 psig @ 700 degF - Tube MDMT = -20 degF @ 156 psig - Duty = 13.4 MMBTU/Hr PM-11689A/B:"
Node 78719,"Heavy Naphtha Side Draw From T-92182 to Heavy Naphtha Stripper (T- 203), Stripper Reboiler, and Heavy Naphtha Stripper Bottoms Pump to Feed Preheater and Product Cooler to Storage; Overhead Vapor Return to T- 202 (T-99986, Heat Exchanger EX-82745, PM-11689A/B, AF- 205)",99-DWG-1529 Redline,EX-33219,Light Naphtha to Feed Preheater,"Normally run with no hot oil on reboiler (Heat Exchanger EX-82745), cooled to ~90F in AF-11689, stripper pressure approximately same as Combi Tower EX-92182: - Shell/Tube MAWP = 305 psig @ 450 degF - Duty = 13.6 MMBTU/Hr T-99986: - Design 50 psig MAWP @ 400 degF - MAWP = 50 psig @ 10 degF EX-82745: - Shell MAWP = 83 psig @ 650 degF - Shell MDMT = -20 degF @ 83 psig - Tube MAWP = 156 psig @ 700 degF - Tube MDMT = -20 degF @ 156 psig - Duty = 13.4 MMBTU/Hr PM-11689A/B:"
Node 78719,"Heavy Naphtha Side Draw From T-92182 to Heavy Naphtha Stripper (T- 203), Stripper Reboiler, and Heavy Naphtha Stripper Bottoms Pump to Feed Preheater and Product Cooler to Storage; Overhead Vapor Return to T- 202 (T-99986, Heat Exchanger EX-82745, PM-11689A/B, AF- 205)",99-DWG-1529 Redline,EX-92182,Heavy Naphtha to Feed Preheater,- Shell/Tube MAWP = 305 psig @ 450 degF - Duty = 13.6 MMBTU/Hr
Node 78719,"Heavy Naphtha Side Draw From T-92182 to Heavy Naphtha Stripper (T- 203), Stripper Reboiler, and Heavy Naphtha Stripper Bottoms Pump to Feed Preheater and Product Cooler to Storage; Overhead Vapor Return to T- 202 (T-99986, Heat Exchanger EX-82745, PM-11689A/B, AF- 205)",99-DWG-1529 Redline,EX-99986,Kero to Feed Preheater,"Normally run with no hot oil on reboiler (Heat Exchanger EX-82745), cooled to ~90F in AF-11689, stripper pressure approximately same as Combi Tower EX-92182: - Shell/Tube MAWP = 305 psig @ 450 degF - Duty = 13.6 MMBTU/Hr T-99986: - Design 50 psig MAWP @ 400 degF - MAWP = 50 psig @ 10 degF EX-82745: - Shell MAWP = 83 psig @ 650 degF - Shell MDMT = -20 degF @ 83 psig - Tube MAWP = 156 psig @ 700 degF - Tube MDMT = -20 degF @ 156 psig - Duty = 13.4 MMBTU/Hr PM-11689A/B:"
Node 78719,"Heavy Naphtha Side Draw From T-92182 to Heavy Naphtha Stripper (T- 203), Stripper Reboiler, and Heavy Naphtha Stripper Bottoms Pump to Feed Preheater and Product Cooler to Storage; Overhead Vapor Return to T- 202 (T-99986, Heat Exchanger EX-82745, PM-11689A/B, AF- 205)",99-DWG-9306,T-92182,COMBI Tower,"Normally run with no hot oil on reboiler (Heat Exchanger EX-82745), cooled to ~90F in AF-11689, stripper pressure approximately same as Combi Tower EX-92182: - Shell/Tube MAWP = 305 psig @ 450 degF - Duty = 13.6 MMBTU/Hr T-99986: - Design 50 psig MAWP @ 400 degF - MAWP = 50 psig @ 10 degF EX-82745: - Shell MAWP = 83 psig @ 650 degF - Shell MDMT = -20 degF @ 83 psig - Tube MAWP = 156 psig @ 700 degF - Tube MDMT = -20 degF @ 156 psig - Duty = 13.4 MMBTU/Hr PM-11689A/B:"
Node 78719,"Heavy Naphtha Side Draw From T-92182 to Heavy Naphtha Stripper (T- 203), Stripper Reboiler, and Heavy Naphtha Stripper Bottoms Pump to Feed Preheater and Product Cooler to Storage; Overhead Vapor Return to T- 202 (T-99986, Heat Exchanger EX-82745, PM-11689A/B, AF- 205)",99-DWG-4067,T-99986,Heavy Naphtha Stripper,- Design 50 psig MAWP @ 400 degF - MAWP = 50 psig @ 10 degF
Node 78719,"Heavy Naphtha Side Draw From T-92182 to Heavy Naphtha Stripper (T- 203), Stripper Reboiler, and Heavy Naphtha Stripper Bottoms Pump to Feed Preheater and Product Cooler to Storage; Overhead Vapor Return to T- 202 (T-99986, Heat Exchanger EX-82745, PM-11689A/B, AF- 205)",99-DWG-4067,EX-82745,Heavy Naphtha Stripper Reboiler,- Shell MAWP = 83 psig @ 650 degF - Shell MDMT = -20 degF @ 83 psig - Tube MAWP = 156 psig @ 700 degF - Tube MDMT = -20 degF @ 156 psig - Duty = 13.4 MMBTU/Hr
Node 78719,"Heavy Naphtha Side Draw From T-92182 to Heavy Naphtha Stripper (T- 203), Stripper Reboiler, and Heavy Naphtha Stripper Bottoms Pump to Feed Preheater and Product Cooler to Storage; Overhead Vapor Return to T- 202 (T-99986, Heat Exchanger EX-82745, PM-11689A/B, AF- 205)",99-DWG-2975 Redline,PM-11689A/B,Heavy Naphtha Stripper Product Pumps,"Normally run with no hot oil on reboiler (Heat Exchanger EX-82745), cooled to ~90F in AF-11689, stripper pressure approximately same as Combi Tower EX-92182: - Shell/Tube MAWP = 305 psig @ 450 degF - Duty = 13.6 MMBTU/Hr T-99986: - Design 50 psig MAWP @ 400 degF - MAWP = 50 psig @ 10 degF EX-82745: - Shell MAWP = 83 psig @ 650 degF - Shell MDMT = -20 degF @ 83 psig - Tube MAWP = 156 psig @ 700 degF - Tube MDMT = -20 degF @ 156 psig - Duty = 13.4 MMBTU/Hr PM-11689A/B:"
Node 78719,"Heavy Naphtha Side Draw From T-92182 to Heavy Naphtha Stripper (T- 203), Stripper Reboiler, and Heavy Naphtha Stripper Bottoms Pump to Feed Preheater and Product Cooler to Storage; Overhead Vapor Return to T- 202 (T-99986, Heat Exchanger EX-82745, PM-11689A/B, AF- 205)",99-DWG-2975 Redline,PM-48495A/B,Keto Stripper Product Pumps,"Normally run with no hot oil on reboiler (Heat Exchanger EX-82745), cooled to ~90F in AF-11689, stripper pressure approximately same as Combi Tower EX-92182: - Shell/Tube MAWP = 305 psig @ 450 degF - Duty = 13.6 MMBTU/Hr T-99986: - Design 50 psig MAWP @ 400 degF - MAWP = 50 psig @ 10 degF EX-82745: - Shell MAWP = 83 psig @ 650 degF - Shell MDMT = -20 degF @ 83 psig - Tube MAWP = 156 psig @ 700 degF - Tube MDMT = -20 degF @ 156 psig - Duty = 13.4 MMBTU/Hr PM-11689A/B:"
Node 78719,"Heavy Naphtha Side Draw From T-92182 to Heavy Naphtha Stripper (T- 203), Stripper Reboiler, and Heavy Naphtha Stripper Bottoms Pump to Feed Preheater and Product Cooler to Storage; Overhead Vapor Return to T- 202 (T-99986, Heat Exchanger EX-82745, PM-11689A/B, AF- 205)",99-DWG-2975 Redline,PM-11354A/B,Diesel Stripper Product Pumps,"Normally run with no hot oil on reboiler (Heat Exchanger EX-82745), cooled to ~90F in AF-11689, stripper pressure approximately same as Combi Tower EX-92182: - Shell/Tube MAWP = 305 psig @ 450 degF - Duty = 13.6 MMBTU/Hr T-99986: - Design 50 psig MAWP @ 400 degF - MAWP = 50 psig @ 10 degF EX-82745: - Shell MAWP = 83 psig @ 650 degF - Shell MDMT = -20 degF @ 83 psig - Tube MAWP = 156 psig @ 700 degF - Tube MDMT = -20 degF @ 156 psig - Duty = 13.4 MMBTU/Hr PM-11689A/B:"
Node 78719,"Heavy Naphtha Side Draw From T-92182 to Heavy Naphtha Stripper (T- 203), Stripper Reboiler, and Heavy Naphtha Stripper Bottoms Pump to Feed Preheater and Product Cooler to Storage; Overhead Vapor Return to T- 202 (T-99986, Heat Exchanger EX-82745, PM-11689A/B, AF- 205)",99-DWG-2975,PM-11689A/B,Heavy Naphtha Stripper Product Pumps,"Normally run with no hot oil on reboiler (Heat Exchanger EX-82745), cooled to ~90F in AF-11689, stripper pressure approximately same as Combi Tower EX-92182: - Shell/Tube MAWP = 305 psig @ 450 degF - Duty = 13.6 MMBTU/Hr T-99986: - Design 50 psig MAWP @ 400 degF - MAWP = 50 psig @ 10 degF EX-82745: - Shell MAWP = 83 psig @ 650 degF - Shell MDMT = -20 degF @ 83 psig - Tube MAWP = 156 psig @ 700 degF - Tube MDMT = -20 degF @ 156 psig - Duty = 13.4 MMBTU/Hr PM-11689A/B:"
Node 78719,"Heavy Naphtha Side Draw From T-92182 to Heavy Naphtha Stripper (T- 203), Stripper Reboiler, and Heavy Naphtha Stripper Bottoms Pump to Feed Preheater and Product Cooler to Storage; Overhead Vapor Return to T- 202 (T-99986, Heat Exchanger EX-82745, PM-11689A/B, AF- 205)",99-DWG-2975,PM-48495A/B,Keto Stripper Product Pumps,"Normally run with no hot oil on reboiler (Heat Exchanger EX-82745), cooled to ~90F in AF-11689, stripper pressure approximately same as Combi Tower EX-92182: - Shell/Tube MAWP = 305 psig @ 450 degF - Duty = 13.6 MMBTU/Hr T-99986: - Design 50 psig MAWP @ 400 degF - MAWP = 50 psig @ 10 degF EX-82745: - Shell MAWP = 83 psig @ 650 degF - Shell MDMT = -20 degF @ 83 psig - Tube MAWP = 156 psig @ 700 degF - Tube MDMT = -20 degF @ 156 psig - Duty = 13.4 MMBTU/Hr PM-11689A/B:"
Node 78719,"Heavy Naphtha Side Draw From T-92182 to Heavy Naphtha Stripper (T- 203), Stripper Reboiler, and Heavy Naphtha Stripper Bottoms Pump to Feed Preheater and Product Cooler to Storage; Overhead Vapor Return to T- 202 (T-99986, Heat Exchanger EX-82745, PM-11689A/B, AF- 205)",99-DWG-2975,PM-11354A/B,Diesel Stripper Product Pumps,"Normally run with no hot oil on reboiler (Heat Exchanger EX-82745), cooled to ~90F in AF-11689, stripper pressure approximately same as Combi Tower EX-92182: - Shell/Tube MAWP = 305 psig @ 450 degF - Duty = 13.6 MMBTU/Hr T-99986: - Design 50 psig MAWP @ 400 degF - MAWP = 50 psig @ 10 degF EX-82745: - Shell MAWP = 83 psig @ 650 degF - Shell MDMT = -20 degF @ 83 psig - Tube MAWP = 156 psig @ 700 degF - Tube MDMT = -20 degF @ 156 psig - Duty = 13.4 MMBTU/Hr PM-11689A/B:"
Node 78719,"Heavy Naphtha Side Draw From T-92182 to Heavy Naphtha Stripper (T- 203), Stripper Reboiler, and Heavy Naphtha Stripper Bottoms Pump to Feed Preheater and Product Cooler to Storage; Overhead Vapor Return to T- 202 (T-99986, Heat Exchanger EX-82745, PM-11689A/B, AF- 205)",99-DWG-5896,AF-11689,Heavy Naphtha Product Cooler,"Normally run with no hot oil on reboiler (Heat Exchanger EX-82745), cooled to ~90F in AF-11689, stripper pressure approximately same as Combi Tower EX-92182: - Shell/Tube MAWP = 305 psig @ 450 degF - Duty = 13.6 MMBTU/Hr T-99986: - Design 50 psig MAWP @ 400 degF - MAWP = 50 psig @ 10 degF EX-82745: - Shell MAWP = 83 psig @ 650 degF - Shell MDMT = -20 degF @ 83 psig - Tube MAWP = 156 psig @ 700 degF - Tube MDMT = -20 degF @ 156 psig - Duty = 13.4 MMBTU/Hr PM-11689A/B:"
Node 65724,"Kero Side draw from T-92182 to Kero Stripper (T-80996), Stripper Reboiler, and Stripper Bottoms Pump to Heat Exchanger EX-99986 Feed Preheater and to Kero Product Cooler to Storage; Vapor Return to T-92182 (T- 204, Heat Exchanger EX- 209, PM-48495A/B, AF-80996)",99-DWG-1529,EX-33219,Light Naphtha to Feed Preheater,"Kero stripper runs at ~360-390F, stripper pressure approx. same as Combi Tower EX-99986: - Shell MAWP = 305 psig @ 460 degF - Tube MAWP = 305 psig @ 450 degF - Duty = 33.8 MMBTU/Hr T-80996: - Design = 50 psig MAWP @ 600 degF - MDMT = 10 degF @ 50 psig EX-99938: - Shell MAWP = 258 psig @ 650 degF - Shell MDMT = -20 degF @ 258 psig - Tube MAWP = 298 psig @ 700 degF - Tube MDMT = -20 degF @ 298 psig - Duty = 24.7 MMBTU/Hr PM-48495A/B: - Design = 978 GPM, 100 HP, 1750 RPM - Temp = 412 degF @ 85 psi deltaP AF-80996: - Design = 250 psig MAWP @ 450 degF - Design Duty = 46.4 MMBTU/Hr"
Node 65724,"Kero Side draw from T-92182 to Kero Stripper (T-80996), Stripper Reboiler, and Stripper Bottoms Pump to Heat Exchanger EX-99986 Feed Preheater and to Kero Product Cooler to Storage; Vapor Return to T-92182 (T- 204, Heat Exchanger EX- 209, PM-48495A/B, AF-80996)",99-DWG-1529,EX-92182,Heavy Naphtha to Feed Preheater,"Kero stripper runs at ~360-390F, stripper pressure approx. same as Combi Tower EX-99986: - Shell MAWP = 305 psig @ 460 degF - Tube MAWP = 305 psig @ 450 degF - Duty = 33.8 MMBTU/Hr T-80996: - Design = 50 psig MAWP @ 600 degF - MDMT = 10 degF @ 50 psig EX-99938: - Shell MAWP = 258 psig @ 650 degF - Shell MDMT = -20 degF @ 258 psig - Tube MAWP = 298 psig @ 700 degF - Tube MDMT = -20 degF @ 298 psig - Duty = 24.7 MMBTU/Hr PM-48495A/B: - Design = 978 GPM, 100 HP, 1750 RPM - Temp = 412 degF @ 85 psi deltaP AF-80996: - Design = 250 psig MAWP @ 450 degF - Design Duty = 46.4 MMBTU/Hr"
Node 65724,"Kero Side draw from T-92182 to Kero Stripper (T-80996), Stripper Reboiler, and Stripper Bottoms Pump to Heat Exchanger EX-99986 Feed Preheater and to Kero Product Cooler to Storage; Vapor Return to T-92182 (T- 204, Heat Exchanger EX- 209, PM-48495A/B, AF-80996)",99-DWG-1529,EX-99986,Kero to Feed Preheater,- Shell MAWP = 305 psig @ 460 degF - Tube MAWP = 305 psig @ 450 degF - Duty = 33.8 MMBTU/Hr
Node 65724,"Kero Side draw from T-92182 to Kero Stripper (T-80996), Stripper Reboiler, and Stripper Bottoms Pump to Heat Exchanger EX-99986 Feed Preheater and to Kero Product Cooler to Storage; Vapor Return to T-92182 (T- 204, Heat Exchanger EX- 209, PM-48495A/B, AF-80996)",99-DWG-1529 Redline,EX-33219,Light Naphtha to Feed Preheater,"Kero stripper runs at ~360-390F, stripper pressure approx. same as Combi Tower EX-99986: - Shell MAWP = 305 psig @ 460 degF - Tube MAWP = 305 psig @ 450 degF - Duty = 33.8 MMBTU/Hr T-80996: - Design = 50 psig MAWP @ 600 degF - MDMT = 10 degF @ 50 psig EX-99938: - Shell MAWP = 258 psig @ 650 degF - Shell MDMT = -20 degF @ 258 psig - Tube MAWP = 298 psig @ 700 degF - Tube MDMT = -20 degF @ 298 psig - Duty = 24.7 MMBTU/Hr PM-48495A/B: - Design = 978 GPM, 100 HP, 1750 RPM - Temp = 412 degF @ 85 psi deltaP AF-80996: - Design = 250 psig MAWP @ 450 degF - Design Duty = 46.4 MMBTU/Hr"
Node 65724,"Kero Side draw from T-92182 to Kero Stripper (T-80996), Stripper Reboiler, and Stripper Bottoms Pump to Heat Exchanger EX-99986 Feed Preheater and to Kero Product Cooler to Storage; Vapor Return to T-92182 (T- 204, Heat Exchanger EX- 209, PM-48495A/B, AF-80996)",99-DWG-1529 Redline,EX-92182,Heavy Naphtha to Feed Preheater,"Kero stripper runs at ~360-390F, stripper pressure approx. same as Combi Tower EX-99986: - Shell MAWP = 305 psig @ 460 degF - Tube MAWP = 305 psig @ 450 degF - Duty = 33.8 MMBTU/Hr T-80996: - Design = 50 psig MAWP @ 600 degF - MDMT = 10 degF @ 50 psig EX-99938: - Shell MAWP = 258 psig @ 650 degF - Shell MDMT = -20 degF @ 258 psig - Tube MAWP = 298 psig @ 700 degF - Tube MDMT = -20 degF @ 298 psig - Duty = 24.7 MMBTU/Hr PM-48495A/B: - Design = 978 GPM, 100 HP, 1750 RPM - Temp = 412 degF @ 85 psi deltaP AF-80996: - Design = 250 psig MAWP @ 450 degF - Design Duty = 46.4 MMBTU/Hr"
Node 65724,"Kero Side draw from T-92182 to Kero Stripper (T-80996), Stripper Reboiler, and Stripper Bottoms Pump to Heat Exchanger EX-99986 Feed Preheater and to Kero Product Cooler to Storage; Vapor Return to T-92182 (T- 204, Heat Exchanger EX- 209, PM-48495A/B, AF-80996)",99-DWG-1529 Redline,EX-99986,Kero to Feed Preheater,- Shell MAWP = 305 psig @ 460 degF - Tube MAWP = 305 psig @ 450 degF - Duty = 33.8 MMBTU/Hr
Node 65724,"Kero Side draw from T-92182 to Kero Stripper (T-80996), Stripper Reboiler, and Stripper Bottoms Pump to Heat Exchanger EX-99986 Feed Preheater and to Kero Product Cooler to Storage; Vapor Return to T-92182 (T- 204, Heat Exchanger EX- 209, PM-48495A/B, AF-80996)",99-DWG-9306,T-92182,COMBI Tower,"Kero stripper runs at ~360-390F, stripper pressure approx. same as Combi Tower EX-99986: - Shell MAWP = 305 psig @ 460 degF - Tube MAWP = 305 psig @ 450 degF - Duty = 33.8 MMBTU/Hr T-80996: - Design = 50 psig MAWP @ 600 degF - MDMT = 10 degF @ 50 psig EX-99938: - Shell MAWP = 258 psig @ 650 degF - Shell MDMT = -20 degF @ 258 psig - Tube MAWP = 298 psig @ 700 degF - Tube MDMT = -20 degF @ 298 psig - Duty = 24.7 MMBTU/Hr PM-48495A/B: - Design = 978 GPM, 100 HP, 1750 RPM - Temp = 412 degF @ 85 psi deltaP AF-80996: - Design = 250 psig MAWP @ 450 degF - Design Duty = 46.4 MMBTU/Hr"
Node 65724,"Kero Side draw from T-92182 to Kero Stripper (T-80996), Stripper Reboiler, and Stripper Bottoms Pump to Heat Exchanger EX-99986 Feed Preheater and to Kero Product Cooler to Storage; Vapor Return to T-92182 (T- 204, Heat Exchanger EX- 209, PM-48495A/B, AF-80996)",99-DWG-1311,T-80996,Kero Stripper,- Design = 50 psig MAWP @ 600 degF - MDMT = 10 degF @ 50 psig
Node 65724,"Kero Side draw from T-92182 to Kero Stripper (T-80996), Stripper Reboiler, and Stripper Bottoms Pump to Heat Exchanger EX-99986 Feed Preheater and to Kero Product Cooler to Storage; Vapor Return to T-92182 (T- 204, Heat Exchanger EX- 209, PM-48495A/B, AF-80996)",99-DWG-1311,EX-99938,Kero Stripper Reboiler,- Shell MAWP = 258 psig @ 650 degF - Shell MDMT = -20 degF @ 258 psig - Tube MAWP = 298 psig @ 700 degF - Tube MDMT = -20 degF @ 298 psig - Duty = 24.7 MMBTU/Hr
Node 65724,"Kero Side draw from T-92182 to Kero Stripper (T-80996), Stripper Reboiler, and Stripper Bottoms Pump to Heat Exchanger EX-99986 Feed Preheater and to Kero Product Cooler to Storage; Vapor Return to T-92182 (T- 204, Heat Exchanger EX- 209, PM-48495A/B, AF-80996)",99-DWG-2975,PM-11689A/B,Heavy Naphtha Stripper Product Pumps,"Kero stripper runs at ~360-390F, stripper pressure approx. same as Combi Tower EX-99986: - Shell MAWP = 305 psig @ 460 degF - Tube MAWP = 305 psig @ 450 degF - Duty = 33.8 MMBTU/Hr T-80996: - Design = 50 psig MAWP @ 600 degF - MDMT = 10 degF @ 50 psig EX-99938: - Shell MAWP = 258 psig @ 650 degF - Shell MDMT = -20 degF @ 258 psig - Tube MAWP = 298 psig @ 700 degF - Tube MDMT = -20 degF @ 298 psig - Duty = 24.7 MMBTU/Hr PM-48495A/B: - Design = 978 GPM, 100 HP, 1750 RPM - Temp = 412 degF @ 85 psi deltaP AF-80996: - Design = 250 psig MAWP @ 450 degF - Design Duty = 46.4 MMBTU/Hr"
Node 65724,"Kero Side draw from T-92182 to Kero Stripper (T-80996), Stripper Reboiler, and Stripper Bottoms Pump to Heat Exchanger EX-99986 Feed Preheater and to Kero Product Cooler to Storage; Vapor Return to T-92182 (T- 204, Heat Exchanger EX- 209, PM-48495A/B, AF-80996)",99-DWG-2975,PM-48495A/B,Keto Stripper Product Pumps,"- Design = 978 GPM, 100 HP, 1750 RPM - Temp = 412 degF @ 85 psi deltaP"
Node 65724,"Kero Side draw from T-92182 to Kero Stripper (T-80996), Stripper Reboiler, and Stripper Bottoms Pump to Heat Exchanger EX-99986 Feed Preheater and to Kero Product Cooler to Storage; Vapor Return to T-92182 (T- 204, Heat Exchanger EX- 209, PM-48495A/B, AF-80996)",99-DWG-2975,PM-11354A/B,Diesel Stripper Product Pumps,"Kero stripper runs at ~360-390F, stripper pressure approx. same as Combi Tower EX-99986: - Shell MAWP = 305 psig @ 460 degF - Tube MAWP = 305 psig @ 450 degF - Duty = 33.8 MMBTU/Hr T-80996: - Design = 50 psig MAWP @ 600 degF - MDMT = 10 degF @ 50 psig EX-99938: - Shell MAWP = 258 psig @ 650 degF - Shell MDMT = -20 degF @ 258 psig - Tube MAWP = 298 psig @ 700 degF - Tube MDMT = -20 degF @ 298 psig - Duty = 24.7 MMBTU/Hr PM-48495A/B: - Design = 978 GPM, 100 HP, 1750 RPM - Temp = 412 degF @ 85 psi deltaP AF-80996: - Design = 250 psig MAWP @ 450 degF - Design Duty = 46.4 MMBTU/Hr"
Node 65724,"Kero Side draw from T-92182 to Kero Stripper (T-80996), Stripper Reboiler, and Stripper Bottoms Pump to Heat Exchanger EX-99986 Feed Preheater and to Kero Product Cooler to Storage; Vapor Return to T-92182 (T- 204, Heat Exchanger EX- 209, PM-48495A/B, AF-80996)",99-DWG-2975 Redline,PM-11689A/B,Heavy Naphtha Stripper Product Pumps,"Kero stripper runs at ~360-390F, stripper pressure approx. same as Combi Tower EX-99986: - Shell MAWP = 305 psig @ 460 degF - Tube MAWP = 305 psig @ 450 degF - Duty = 33.8 MMBTU/Hr T-80996: - Design = 50 psig MAWP @ 600 degF - MDMT = 10 degF @ 50 psig EX-99938: - Shell MAWP = 258 psig @ 650 degF - Shell MDMT = -20 degF @ 258 psig - Tube MAWP = 298 psig @ 700 degF - Tube MDMT = -20 degF @ 298 psig - Duty = 24.7 MMBTU/Hr PM-48495A/B: - Design = 978 GPM, 100 HP, 1750 RPM - Temp = 412 degF @ 85 psi deltaP AF-80996: - Design = 250 psig MAWP @ 450 degF - Design Duty = 46.4 MMBTU/Hr"
Node 65724,"Kero Side draw from T-92182 to Kero Stripper (T-80996), Stripper Reboiler, and Stripper Bottoms Pump to Heat Exchanger EX-99986 Feed Preheater and to Kero Product Cooler to Storage; Vapor Return to T-92182 (T- 204, Heat Exchanger EX- 209, PM-48495A/B, AF-80996)",99-DWG-2975 Redline,PM-48495A/B,Keto Stripper Product Pumps,"- Design = 978 GPM, 100 HP, 1750 RPM - Temp = 412 degF @ 85 psi deltaP"
Node 65724,"Kero Side draw from T-92182 to Kero Stripper (T-80996), Stripper Reboiler, and Stripper Bottoms Pump to Heat Exchanger EX-99986 Feed Preheater and to Kero Product Cooler to Storage; Vapor Return to T-92182 (T- 204, Heat Exchanger EX- 209, PM-48495A/B, AF-80996)",99-DWG-2975 Redline,PM-11354A/B,Diesel Stripper Product Pumps,"Kero stripper runs at ~360-390F, stripper pressure approx. same as Combi Tower EX-99986: - Shell MAWP = 305 psig @ 460 degF - Tube MAWP = 305 psig @ 450 degF - Duty = 33.8 MMBTU/Hr T-80996: - Design = 50 psig MAWP @ 600 degF - MDMT = 10 degF @ 50 psig EX-99938: - Shell MAWP = 258 psig @ 650 degF - Shell MDMT = -20 degF @ 258 psig - Tube MAWP = 298 psig @ 700 degF - Tube MDMT = -20 degF @ 298 psig - Duty = 24.7 MMBTU/Hr PM-48495A/B: - Design = 978 GPM, 100 HP, 1750 RPM - Temp = 412 degF @ 85 psi deltaP AF-80996: - Design = 250 psig MAWP @ 450 degF - Design Duty = 46.4 MMBTU/Hr"
Node 65724,"Kero Side draw from T-92182 to Kero Stripper (T-80996), Stripper Reboiler, and Stripper Bottoms Pump to Heat Exchanger EX-99986 Feed Preheater and to Kero Product Cooler to Storage; Vapor Return to T-92182 (T- 204, Heat Exchanger EX- 209, PM-48495A/B, AF-80996)",99-DWG-3159,AF-80996,Kero Product Cooler,- Design = 250 psig MAWP @ 450 degF - Design Duty = 46.4 MMBTU/Hr
Node 97959,"Diesel Stripper (T-11689, Heat Exchanger EX- 210, AF-48495, PM-11354A/B)",99-DWG-1809,EX-80996,Diesel to Feed Preheater,"Diesel stripper runs at ~525-530F, stripper pressure approx. same as Combi Tower EX-80996:"
Node 97959,"Diesel Stripper (T-11689, Heat Exchanger EX- 210, AF-48495, PM-11354A/B)",99-DWG-1809,EX-11689,Bottoms to Feed Preheater,"Diesel stripper runs at ~525-530F, stripper pressure approx. same as Combi Tower EX-80996:"
Node 97959,"Diesel Stripper (T-11689, Heat Exchanger EX- 210, AF-48495, PM-11354A/B)",99-DWG-9306,T-92182,COMBI Tower,"Diesel stripper runs at ~525-530F, stripper pressure approx. same as Combi Tower EX-80996:"
Node 97959,"Diesel Stripper (T-11689, Heat Exchanger EX- 210, AF-48495, PM-11354A/B)",99-DWG-2975 Redline,PM-11689A/B,Heavy Naphtha Stripper Product Pumps,"Diesel stripper runs at ~525-530F, stripper pressure approx. same as Combi Tower EX-80996:"
Node 97959,"Diesel Stripper (T-11689, Heat Exchanger EX- 210, AF-48495, PM-11354A/B)",99-DWG-2975 Redline,PM-48495A/B,Keto Stripper Product Pumps,"Diesel stripper runs at ~525-530F, stripper pressure approx. same as Combi Tower EX-80996:"
Node 97959,"Diesel Stripper (T-11689, Heat Exchanger EX- 210, AF-48495, PM-11354A/B)",99-DWG-2975 Redline,PM-11354A/B,Diesel Stripper Product Pumps,"Diesel stripper runs at ~525-530F, stripper pressure approx. same as Combi Tower EX-80996:"
Node 97959,"Diesel Stripper (T-11689, Heat Exchanger EX- 210, AF-48495, PM-11354A/B)",99-DWG-2975,PM-11689A/B,Heavy Naphtha Stripper Product Pumps,"Diesel stripper runs at ~525-530F, stripper pressure approx. same as Combi Tower EX-80996:"
Node 97959,"Diesel Stripper (T-11689, Heat Exchanger EX- 210, AF-48495, PM-11354A/B)",99-DWG-2975,PM-48495A/B,Keto Stripper Product Pumps,"Diesel stripper runs at ~525-530F, stripper pressure approx. same as Combi Tower EX-80996:"
Node 97959,"Diesel Stripper (T-11689, Heat Exchanger EX- 210, AF-48495, PM-11354A/B)",99-DWG-2975,PM-11354A/B,Diesel Stripper Product Pumps,"Diesel stripper runs at ~525-530F, stripper pressure approx. same as Combi Tower EX-80996:"
Node 97959,"Diesel Stripper (T-11689, Heat Exchanger EX- 210, AF-48495, PM-11354A/B)",99-DWG-6743,T-11689,Diesel Stripper,"Diesel stripper runs at ~525-530F, stripper pressure approx. same as Combi Tower EX-80996:"
Node 97959,"Diesel Stripper (T-11689, Heat Exchanger EX- 210, AF-48495, PM-11354A/B)",99-DWG-6743,EX-13655,Diesel Stripper Reboiler,"Diesel stripper runs at ~525-530F, stripper pressure approx. same as Combi Tower EX-80996:"
Node 97959,"Diesel Stripper (T-11689, Heat Exchanger EX- 210, AF-48495, PM-11354A/B)",99-DWG-2946,AF-48495,Diesel Product Cooler,"Diesel stripper runs at ~525-530F, stripper pressure approx. same as Combi Tower EX-80996:"
Node 95328,"From PV-92182 Combi Tower Accumulator to Recycle Gas Compressor, Recycle Compressor Suction Knockout Drum, Recycle Cooler, Recycle Gas Knockout Drum, Recycle Gas Knockout Pump to Fuel Gas System, (PV-11354, AF- 208, PV-99938, PM-28116, PM- 213) (Recycle Compressor Vendor Package evaluated in Node 52650)",99-DWG-1529,EX-33219,Light Naphtha to Feed Preheater,"Inlet pressure 8-12 psig to ~70 psig through compressor, liquids knocked out and returned to Stabilizer feed CM-33219A/B: - Suction P = 16 psia @ 165 degF - Discharge P = 80 psia @ 265 degF PV-82745: - MAWP = 150 psig @ 300 degF - MDMT = 10 degF @ 150 psig AF-82745: - MAWP = 150 psig @ 350 degF - MDMT = -20 degF @ 150 psig PV-11354: - MAWP = FV/100 psig @ 250 degF - MDMT = 10 degF @ 100 psig HTR-33219: - MAWP = 100 psig @ 300 degF - MDMT = -20 degF @ 100 psig EX-59044: - MAWP Shell = 150 psig @ 250 degF - MDMT Shell = -20 degF @ 150 psig - MAWP Tube = 150 psig @ 350 degF - MDMT Tube = -20 degF @ 150 psig PV-99938: - MAWP = FV/125 psig @ 250 degF - MDMT = -10 degF @ 100 psig"
Node 95328,"From PV-92182 Combi Tower Accumulator to Recycle Gas Compressor, Recycle Compressor Suction Knockout Drum, Recycle Cooler, Recycle Gas Knockout Drum, Recycle Gas Knockout Pump to Fuel Gas System, (PV-11354, AF- 208, PV-99938, PM-28116, PM- 213) (Recycle Compressor Vendor Package evaluated in Node 52650)",99-DWG-1529,EX-92182,Heavy Naphtha to Feed Preheater,"Inlet pressure 8-12 psig to ~70 psig through compressor, liquids knocked out and returned to Stabilizer feed CM-33219A/B: - Suction P = 16 psia @ 165 degF - Discharge P = 80 psia @ 265 degF PV-82745: - MAWP = 150 psig @ 300 degF - MDMT = 10 degF @ 150 psig AF-82745: - MAWP = 150 psig @ 350 degF - MDMT = -20 degF @ 150 psig PV-11354: - MAWP = FV/100 psig @ 250 degF - MDMT = 10 degF @ 100 psig HTR-33219: - MAWP = 100 psig @ 300 degF - MDMT = -20 degF @ 100 psig EX-59044: - MAWP Shell = 150 psig @ 250 degF - MDMT Shell = -20 degF @ 150 psig - MAWP Tube = 150 psig @ 350 degF - MDMT Tube = -20 degF @ 150 psig PV-99938: - MAWP = FV/125 psig @ 250 degF - MDMT = -10 degF @ 100 psig"
Node 95328,"From PV-92182 Combi Tower Accumulator to Recycle Gas Compressor, Recycle Compressor Suction Knockout Drum, Recycle Cooler, Recycle Gas Knockout Drum, Recycle Gas Knockout Pump to Fuel Gas System, (PV-11354, AF- 208, PV-99938, PM-28116, PM- 213) (Recycle Compressor Vendor Package evaluated in Node 52650)",99-DWG-1529,EX-99986,Kero to Feed Preheater,"Inlet pressure 8-12 psig to ~70 psig through compressor, liquids knocked out and returned to Stabilizer feed CM-33219A/B: - Suction P = 16 psia @ 165 degF - Discharge P = 80 psia @ 265 degF PV-82745: - MAWP = 150 psig @ 300 degF - MDMT = 10 degF @ 150 psig AF-82745: - MAWP = 150 psig @ 350 degF - MDMT = -20 degF @ 150 psig PV-11354: - MAWP = FV/100 psig @ 250 degF - MDMT = 10 degF @ 100 psig HTR-33219: - MAWP = 100 psig @ 300 degF - MDMT = -20 degF @ 100 psig EX-59044: - MAWP Shell = 150 psig @ 250 degF - MDMT Shell = -20 degF @ 150 psig - MAWP Tube = 150 psig @ 350 degF - MDMT Tube = -20 degF @ 150 psig PV-99938: - MAWP = FV/125 psig @ 250 degF - MDMT = -10 degF @ 100 psig"
Node 95328,"From PV-92182 Combi Tower Accumulator to Recycle Gas Compressor, Recycle Compressor Suction Knockout Drum, Recycle Cooler, Recycle Gas Knockout Drum, Recycle Gas Knockout Pump to Fuel Gas System, (PV-11354, AF- 208, PV-99938, PM-28116, PM- 213) (Recycle Compressor Vendor Package evaluated in Node 52650)",99-DWG-1529 Redline,EX-33219,Light Naphtha to Feed Preheater,"Inlet pressure 8-12 psig to ~70 psig through compressor, liquids knocked out and returned to Stabilizer feed CM-33219A/B: - Suction P = 16 psia @ 165 degF - Discharge P = 80 psia @ 265 degF PV-82745: - MAWP = 150 psig @ 300 degF - MDMT = 10 degF @ 150 psig AF-82745: - MAWP = 150 psig @ 350 degF - MDMT = -20 degF @ 150 psig PV-11354: - MAWP = FV/100 psig @ 250 degF - MDMT = 10 degF @ 100 psig HTR-33219: - MAWP = 100 psig @ 300 degF - MDMT = -20 degF @ 100 psig EX-59044: - MAWP Shell = 150 psig @ 250 degF - MDMT Shell = -20 degF @ 150 psig - MAWP Tube = 150 psig @ 350 degF - MDMT Tube = -20 degF @ 150 psig PV-99938: - MAWP = FV/125 psig @ 250 degF - MDMT = -10 degF @ 100 psig"
Node 95328,"From PV-92182 Combi Tower Accumulator to Recycle Gas Compressor, Recycle Compressor Suction Knockout Drum, Recycle Cooler, Recycle Gas Knockout Drum, Recycle Gas Knockout Pump to Fuel Gas System, (PV-11354, AF- 208, PV-99938, PM-28116, PM- 213) (Recycle Compressor Vendor Package evaluated in Node 52650)",99-DWG-1529 Redline,EX-92182,Heavy Naphtha to Feed Preheater,"Inlet pressure 8-12 psig to ~70 psig through compressor, liquids knocked out and returned to Stabilizer feed CM-33219A/B: - Suction P = 16 psia @ 165 degF - Discharge P = 80 psia @ 265 degF PV-82745: - MAWP = 150 psig @ 300 degF - MDMT = 10 degF @ 150 psig AF-82745: - MAWP = 150 psig @ 350 degF - MDMT = -20 degF @ 150 psig PV-11354: - MAWP = FV/100 psig @ 250 degF - MDMT = 10 degF @ 100 psig HTR-33219: - MAWP = 100 psig @ 300 degF - MDMT = -20 degF @ 100 psig EX-59044: - MAWP Shell = 150 psig @ 250 degF - MDMT Shell = -20 degF @ 150 psig - MAWP Tube = 150 psig @ 350 degF - MDMT Tube = -20 degF @ 150 psig PV-99938: - MAWP = FV/125 psig @ 250 degF - MDMT = -10 degF @ 100 psig"
Node 95328,"From PV-92182 Combi Tower Accumulator to Recycle Gas Compressor, Recycle Compressor Suction Knockout Drum, Recycle Cooler, Recycle Gas Knockout Drum, Recycle Gas Knockout Pump to Fuel Gas System, (PV-11354, AF- 208, PV-99938, PM-28116, PM- 213) (Recycle Compressor Vendor Package evaluated in Node 52650)",99-DWG-1529 Redline,EX-99986,Kero to Feed Preheater,"Inlet pressure 8-12 psig to ~70 psig through compressor, liquids knocked out and returned to Stabilizer feed CM-33219A/B: - Suction P = 16 psia @ 165 degF - Discharge P = 80 psia @ 265 degF PV-82745: - MAWP = 150 psig @ 300 degF - MDMT = 10 degF @ 150 psig AF-82745: - MAWP = 150 psig @ 350 degF - MDMT = -20 degF @ 150 psig PV-11354: - MAWP = FV/100 psig @ 250 degF - MDMT = 10 degF @ 100 psig HTR-33219: - MAWP = 100 psig @ 300 degF - MDMT = -20 degF @ 100 psig EX-59044: - MAWP Shell = 150 psig @ 250 degF - MDMT Shell = -20 degF @ 150 psig - MAWP Tube = 150 psig @ 350 degF - MDMT Tube = -20 degF @ 150 psig PV-99938: - MAWP = FV/125 psig @ 250 degF - MDMT = -10 degF @ 100 psig"
Node 95328,"From PV-92182 Combi Tower Accumulator to Recycle Gas Compressor, Recycle Compressor Suction Knockout Drum, Recycle Cooler, Recycle Gas Knockout Drum, Recycle Gas Knockout Pump to Fuel Gas System, (PV-11354, AF- 208, PV-99938, PM-28116, PM- 213) (Recycle Compressor Vendor Package evaluated in Node 52650)",99-DWG-9885 Redline,PM-33219A/B,Naphtha Stabilizer Overhead Pumps,"Inlet pressure 8-12 psig to ~70 psig through compressor, liquids knocked out and returned to Stabilizer feed CM-33219A/B: - Suction P = 16 psia @ 165 degF - Discharge P = 80 psia @ 265 degF PV-82745: - MAWP = 150 psig @ 300 degF - MDMT = 10 degF @ 150 psig AF-82745: - MAWP = 150 psig @ 350 degF - MDMT = -20 degF @ 150 psig PV-11354: - MAWP = FV/100 psig @ 250 degF - MDMT = 10 degF @ 100 psig HTR-33219: - MAWP = 100 psig @ 300 degF - MDMT = -20 degF @ 100 psig EX-59044: - MAWP Shell = 150 psig @ 250 degF - MDMT Shell = -20 degF @ 150 psig - MAWP Tube = 150 psig @ 350 degF - MDMT Tube = -20 degF @ 150 psig PV-99938: - MAWP = FV/125 psig @ 250 degF - MDMT = -10 degF @ 100 psig"
Node 95328,"From PV-92182 Combi Tower Accumulator to Recycle Gas Compressor, Recycle Compressor Suction Knockout Drum, Recycle Cooler, Recycle Gas Knockout Drum, Recycle Gas Knockout Pump to Fuel Gas System, (PV-11354, AF- 208, PV-99938, PM-28116, PM- 213) (Recycle Compressor Vendor Package evaluated in Node 52650)",99-DWG-9885 Redline,PV-33219,Naphtha Stabilizer Accumulator,"Inlet pressure 8-12 psig to ~70 psig through compressor, liquids knocked out and returned to Stabilizer feed CM-33219A/B: - Suction P = 16 psia @ 165 degF - Discharge P = 80 psia @ 265 degF PV-82745: - MAWP = 150 psig @ 300 degF - MDMT = 10 degF @ 150 psig AF-82745: - MAWP = 150 psig @ 350 degF - MDMT = -20 degF @ 150 psig PV-11354: - MAWP = FV/100 psig @ 250 degF - MDMT = 10 degF @ 100 psig HTR-33219: - MAWP = 100 psig @ 300 degF - MDMT = -20 degF @ 100 psig EX-59044: - MAWP Shell = 150 psig @ 250 degF - MDMT Shell = -20 degF @ 150 psig - MAWP Tube = 150 psig @ 350 degF - MDMT Tube = -20 degF @ 150 psig PV-99938: - MAWP = FV/125 psig @ 250 degF - MDMT = -10 degF @ 100 psig"
Node 95328,"From PV-92182 Combi Tower Accumulator to Recycle Gas Compressor, Recycle Compressor Suction Knockout Drum, Recycle Cooler, Recycle Gas Knockout Drum, Recycle Gas Knockout Pump to Fuel Gas System, (PV-11354, AF- 208, PV-99938, PM-28116, PM- 213) (Recycle Compressor Vendor Package evaluated in Node 52650)",99-DWG-9885,PM-33219A/B,Naphtha Stabilizer Overhead Pumps,"Inlet pressure 8-12 psig to ~70 psig through compressor, liquids knocked out and returned to Stabilizer feed CM-33219A/B: - Suction P = 16 psia @ 165 degF - Discharge P = 80 psia @ 265 degF PV-82745: - MAWP = 150 psig @ 300 degF - MDMT = 10 degF @ 150 psig AF-82745: - MAWP = 150 psig @ 350 degF - MDMT = -20 degF @ 150 psig PV-11354: - MAWP = FV/100 psig @ 250 degF - MDMT = 10 degF @ 100 psig HTR-33219: - MAWP = 100 psig @ 300 degF - MDMT = -20 degF @ 100 psig EX-59044: - MAWP Shell = 150 psig @ 250 degF - MDMT Shell = -20 degF @ 150 psig - MAWP Tube = 150 psig @ 350 degF - MDMT Tube = -20 degF @ 150 psig PV-99938: - MAWP = FV/125 psig @ 250 degF - MDMT = -10 degF @ 100 psig"
Node 95328,"From PV-92182 Combi Tower Accumulator to Recycle Gas Compressor, Recycle Compressor Suction Knockout Drum, Recycle Cooler, Recycle Gas Knockout Drum, Recycle Gas Knockout Pump to Fuel Gas System, (PV-11354, AF- 208, PV-99938, PM-28116, PM- 213) (Recycle Compressor Vendor Package evaluated in Node 52650)",99-DWG-9885,PV-33219,Naphtha Stabilizer Accumulator,"Inlet pressure 8-12 psig to ~70 psig through compressor, liquids knocked out and returned to Stabilizer feed CM-33219A/B: - Suction P = 16 psia @ 165 degF - Discharge P = 80 psia @ 265 degF PV-82745: - MAWP = 150 psig @ 300 degF - MDMT = 10 degF @ 150 psig AF-82745: - MAWP = 150 psig @ 350 degF - MDMT = -20 degF @ 150 psig PV-11354: - MAWP = FV/100 psig @ 250 degF - MDMT = 10 degF @ 100 psig HTR-33219: - MAWP = 100 psig @ 300 degF - MDMT = -20 degF @ 100 psig EX-59044: - MAWP Shell = 150 psig @ 250 degF - MDMT Shell = -20 degF @ 150 psig - MAWP Tube = 150 psig @ 350 degF - MDMT Tube = -20 degF @ 150 psig PV-99938: - MAWP = FV/125 psig @ 250 degF - MDMT = -10 degF @ 100 psig"
Node 95328,"From PV-92182 Combi Tower Accumulator to Recycle Gas Compressor, Recycle Compressor Suction Knockout Drum, Recycle Cooler, Recycle Gas Knockout Drum, Recycle Gas Knockout Pump to Fuel Gas System, (PV-11354, AF- 208, PV-99938, PM-28116, PM- 213) (Recycle Compressor Vendor Package evaluated in Node 52650)",99-DWG-5411 Redline,PM-99986A/B,COMBI Tower Overhead Pumps,"Inlet pressure 8-12 psig to ~70 psig through compressor, liquids knocked out and returned to Stabilizer feed CM-33219A/B: - Suction P = 16 psia @ 165 degF - Discharge P = 80 psia @ 265 degF PV-82745: - MAWP = 150 psig @ 300 degF - MDMT = 10 degF @ 150 psig AF-82745: - MAWP = 150 psig @ 350 degF - MDMT = -20 degF @ 150 psig PV-11354: - MAWP = FV/100 psig @ 250 degF - MDMT = 10 degF @ 100 psig HTR-33219: - MAWP = 100 psig @ 300 degF - MDMT = -20 degF @ 100 psig EX-59044: - MAWP Shell = 150 psig @ 250 degF - MDMT Shell = -20 degF @ 150 psig - MAWP Tube = 150 psig @ 350 degF - MDMT Tube = -20 degF @ 150 psig PV-99938: - MAWP = FV/125 psig @ 250 degF - MDMT = -10 degF @ 100 psig"
Node 95328,"From PV-92182 Combi Tower Accumulator to Recycle Gas Compressor, Recycle Compressor Suction Knockout Drum, Recycle Cooler, Recycle Gas Knockout Drum, Recycle Gas Knockout Pump to Fuel Gas System, (PV-11354, AF- 208, PV-99938, PM-28116, PM- 213) (Recycle Compressor Vendor Package evaluated in Node 52650)",99-DWG-5411 Redline,PV-92182,COMBI Tower Accumulator,"Inlet pressure 8-12 psig to ~70 psig through compressor, liquids knocked out and returned to Stabilizer feed CM-33219A/B: - Suction P = 16 psia @ 165 degF - Discharge P = 80 psia @ 265 degF PV-82745: - MAWP = 150 psig @ 300 degF - MDMT = 10 degF @ 150 psig AF-82745: - MAWP = 150 psig @ 350 degF - MDMT = -20 degF @ 150 psig PV-11354: - MAWP = FV/100 psig @ 250 degF - MDMT = 10 degF @ 100 psig HTR-33219: - MAWP = 100 psig @ 300 degF - MDMT = -20 degF @ 100 psig EX-59044: - MAWP Shell = 150 psig @ 250 degF - MDMT Shell = -20 degF @ 150 psig - MAWP Tube = 150 psig @ 350 degF - MDMT Tube = -20 degF @ 150 psig PV-99938: - MAWP = FV/125 psig @ 250 degF - MDMT = -10 degF @ 100 psig"
Node 95328,"From PV-92182 Combi Tower Accumulator to Recycle Gas Compressor, Recycle Compressor Suction Knockout Drum, Recycle Cooler, Recycle Gas Knockout Drum, Recycle Gas Knockout Pump to Fuel Gas System, (PV-11354, AF- 208, PV-99938, PM-28116, PM- 213) (Recycle Compressor Vendor Package evaluated in Node 52650)",99-DWG-5411,PM-99986A/B,COMBI Tower Overhead Pumps,"Inlet pressure 8-12 psig to ~70 psig through compressor, liquids knocked out and returned to Stabilizer feed CM-33219A/B: - Suction P = 16 psia @ 165 degF - Discharge P = 80 psia @ 265 degF PV-82745: - MAWP = 150 psig @ 300 degF - MDMT = 10 degF @ 150 psig AF-82745: - MAWP = 150 psig @ 350 degF - MDMT = -20 degF @ 150 psig PV-11354: - MAWP = FV/100 psig @ 250 degF - MDMT = 10 degF @ 100 psig HTR-33219: - MAWP = 100 psig @ 300 degF - MDMT = -20 degF @ 100 psig EX-59044: - MAWP Shell = 150 psig @ 250 degF - MDMT Shell = -20 degF @ 150 psig - MAWP Tube = 150 psig @ 350 degF - MDMT Tube = -20 degF @ 150 psig PV-99938: - MAWP = FV/125 psig @ 250 degF - MDMT = -10 degF @ 100 psig"
Node 95328,"From PV-92182 Combi Tower Accumulator to Recycle Gas Compressor, Recycle Compressor Suction Knockout Drum, Recycle Cooler, Recycle Gas Knockout Drum, Recycle Gas Knockout Pump to Fuel Gas System, (PV-11354, AF- 208, PV-99938, PM-28116, PM- 213) (Recycle Compressor Vendor Package evaluated in Node 52650)",99-DWG-5411,PV-92182,COMBI Tower Accumulator,"Inlet pressure 8-12 psig to ~70 psig through compressor, liquids knocked out and returned to Stabilizer feed CM-33219A/B: - Suction P = 16 psia @ 165 degF - Discharge P = 80 psia @ 265 degF PV-82745: - MAWP = 150 psig @ 300 degF - MDMT = 10 degF @ 150 psig AF-82745: - MAWP = 150 psig @ 350 degF - MDMT = -20 degF @ 150 psig PV-11354: - MAWP = FV/100 psig @ 250 degF - MDMT = 10 degF @ 100 psig HTR-33219: - MAWP = 100 psig @ 300 degF - MDMT = -20 degF @ 100 psig EX-59044: - MAWP Shell = 150 psig @ 250 degF - MDMT Shell = -20 degF @ 150 psig - MAWP Tube = 150 psig @ 350 degF - MDMT Tube = -20 degF @ 150 psig PV-99938: - MAWP = FV/125 psig @ 250 degF - MDMT = -10 degF @ 100 psig"
Node 95328,"From PV-92182 Combi Tower Accumulator to Recycle Gas Compressor, Recycle Compressor Suction Knockout Drum, Recycle Cooler, Recycle Gas Knockout Drum, Recycle Gas Knockout Pump to Fuel Gas System, (PV-11354, AF- 208, PV-99938, PM-28116, PM- 213) (Recycle Compressor Vendor Package evaluated in Node 52650)",E000353-01-101 SHT 1,CS-33219A,Compressor Containment Seal Pot,"Inlet pressure 8-12 psig to ~70 psig through compressor, liquids knocked out and returned to Stabilizer feed CM-33219A/B: - Suction P = 16 psia @ 165 degF - Discharge P = 80 psia @ 265 degF PV-82745: - MAWP = 150 psig @ 300 degF - MDMT = 10 degF @ 150 psig AF-82745: - MAWP = 150 psig @ 350 degF - MDMT = -20 degF @ 150 psig PV-11354: - MAWP = FV/100 psig @ 250 degF - MDMT = 10 degF @ 100 psig HTR-33219: - MAWP = 100 psig @ 300 degF - MDMT = -20 degF @ 100 psig EX-59044: - MAWP Shell = 150 psig @ 250 degF - MDMT Shell = -20 degF @ 150 psig - MAWP Tube = 150 psig @ 350 degF - MDMT Tube = -20 degF @ 150 psig PV-99938: - MAWP = FV/125 psig @ 250 degF - MDMT = -10 degF @ 100 psig"
Node 95328,"From PV-92182 Combi Tower Accumulator to Recycle Gas Compressor, Recycle Compressor Suction Knockout Drum, Recycle Cooler, Recycle Gas Knockout Drum, Recycle Gas Knockout Pump to Fuel Gas System, (PV-11354, AF- 208, PV-99938, PM-28116, PM- 213) (Recycle Compressor Vendor Package evaluated in Node 52650)",E000353-01-101 SHT 1,CM-33219A-PM,Seal System Circulating Pump,"Inlet pressure 8-12 psig to ~70 psig through compressor, liquids knocked out and returned to Stabilizer feed CM-33219A/B: - Suction P = 16 psia @ 165 degF - Discharge P = 80 psia @ 265 degF PV-82745: - MAWP = 150 psig @ 300 degF - MDMT = 10 degF @ 150 psig AF-82745: - MAWP = 150 psig @ 350 degF - MDMT = -20 degF @ 150 psig PV-11354: - MAWP = FV/100 psig @ 250 degF - MDMT = 10 degF @ 100 psig HTR-33219: - MAWP = 100 psig @ 300 degF - MDMT = -20 degF @ 100 psig EX-59044: - MAWP Shell = 150 psig @ 250 degF - MDMT Shell = -20 degF @ 150 psig - MAWP Tube = 150 psig @ 350 degF - MDMT Tube = -20 degF @ 150 psig PV-99938: - MAWP = FV/125 psig @ 250 degF - MDMT = -10 degF @ 100 psig"
Node 95328,"From PV-92182 Combi Tower Accumulator to Recycle Gas Compressor, Recycle Compressor Suction Knockout Drum, Recycle Cooler, Recycle Gas Knockout Drum, Recycle Gas Knockout Pump to Fuel Gas System, (PV-11354, AF- 208, PV-99938, PM-28116, PM- 213) (Recycle Compressor Vendor Package evaluated in Node 52650)",E000353-01-101 SHT 1,CM-33219A,Recycle Compressor,- Suction P = 16 psia @ 165 degF - Discharge P = 80 psia @ 265 degF
Node 95328,"From PV-92182 Combi Tower Accumulator to Recycle Gas Compressor, Recycle Compressor Suction Knockout Drum, Recycle Cooler, Recycle Gas Knockout Drum, Recycle Gas Knockout Pump to Fuel Gas System, (PV-11354, AF- 208, PV-99938, PM-28116, PM- 213) (Recycle Compressor Vendor Package evaluated in Node 52650)",E000353-01-101 SHT 1,CM-33219A-BM,Seal System Blower,"Inlet pressure 8-12 psig to ~70 psig through compressor, liquids knocked out and returned to Stabilizer feed CM-33219A/B: - Suction P = 16 psia @ 165 degF - Discharge P = 80 psia @ 265 degF PV-82745: - MAWP = 150 psig @ 300 degF - MDMT = 10 degF @ 150 psig AF-82745: - MAWP = 150 psig @ 350 degF - MDMT = -20 degF @ 150 psig PV-11354: - MAWP = FV/100 psig @ 250 degF - MDMT = 10 degF @ 100 psig HTR-33219: - MAWP = 100 psig @ 300 degF - MDMT = -20 degF @ 100 psig EX-59044: - MAWP Shell = 150 psig @ 250 degF - MDMT Shell = -20 degF @ 150 psig - MAWP Tube = 150 psig @ 350 degF - MDMT Tube = -20 degF @ 150 psig PV-99938: - MAWP = FV/125 psig @ 250 degF - MDMT = -10 degF @ 100 psig"
Node 95328,"From PV-92182 Combi Tower Accumulator to Recycle Gas Compressor, Recycle Compressor Suction Knockout Drum, Recycle Cooler, Recycle Gas Knockout Drum, Recycle Gas Knockout Pump to Fuel Gas System, (PV-11354, AF- 208, PV-99938, PM-28116, PM- 213) (Recycle Compressor Vendor Package evaluated in Node 52650)",E000353-01-101 SHT 1,CM-33219A-AF,Seal System Heat Coil,"Inlet pressure 8-12 psig to ~70 psig through compressor, liquids knocked out and returned to Stabilizer feed CM-33219A/B: - Suction P = 16 psia @ 165 degF - Discharge P = 80 psia @ 265 degF PV-82745: - MAWP = 150 psig @ 300 degF - MDMT = 10 degF @ 150 psig AF-82745: - MAWP = 150 psig @ 350 degF - MDMT = -20 degF @ 150 psig PV-11354: - MAWP = FV/100 psig @ 250 degF - MDMT = 10 degF @ 100 psig HTR-33219: - MAWP = 100 psig @ 300 degF - MDMT = -20 degF @ 100 psig EX-59044: - MAWP Shell = 150 psig @ 250 degF - MDMT Shell = -20 degF @ 150 psig - MAWP Tube = 150 psig @ 350 degF - MDMT Tube = -20 degF @ 150 psig PV-99938: - MAWP = FV/125 psig @ 250 degF - MDMT = -10 degF @ 100 psig"
Node 95328,"From PV-92182 Combi Tower Accumulator to Recycle Gas Compressor, Recycle Compressor Suction Knockout Drum, Recycle Cooler, Recycle Gas Knockout Drum, Recycle Gas Knockout Pump to Fuel Gas System, (PV-11354, AF- 208, PV-99938, PM-28116, PM- 213) (Recycle Compressor Vendor Package evaluated in Node 52650)",E000353-01-101 SHT 2,CM-33219B-AF,Seal System Heat Coil,"Inlet pressure 8-12 psig to ~70 psig through compressor, liquids knocked out and returned to Stabilizer feed CM-33219A/B: - Suction P = 16 psia @ 165 degF - Discharge P = 80 psia @ 265 degF PV-82745: - MAWP = 150 psig @ 300 degF - MDMT = 10 degF @ 150 psig AF-82745: - MAWP = 150 psig @ 350 degF - MDMT = -20 degF @ 150 psig PV-11354: - MAWP = FV/100 psig @ 250 degF - MDMT = 10 degF @ 100 psig HTR-33219: - MAWP = 100 psig @ 300 degF - MDMT = -20 degF @ 100 psig EX-59044: - MAWP Shell = 150 psig @ 250 degF - MDMT Shell = -20 degF @ 150 psig - MAWP Tube = 150 psig @ 350 degF - MDMT Tube = -20 degF @ 150 psig PV-99938: - MAWP = FV/125 psig @ 250 degF - MDMT = -10 degF @ 100 psig"
Node 95328,"From PV-92182 Combi Tower Accumulator to Recycle Gas Compressor, Recycle Compressor Suction Knockout Drum, Recycle Cooler, Recycle Gas Knockout Drum, Recycle Gas Knockout Pump to Fuel Gas System, (PV-11354, AF- 208, PV-99938, PM-28116, PM- 213) (Recycle Compressor Vendor Package evaluated in Node 52650)",E000353-01-101 SHT 2,CS-33219B,Compressor Containment Seal Pot,"Inlet pressure 8-12 psig to ~70 psig through compressor, liquids knocked out and returned to Stabilizer feed CM-33219A/B: - Suction P = 16 psia @ 165 degF - Discharge P = 80 psia @ 265 degF PV-82745: - MAWP = 150 psig @ 300 degF - MDMT = 10 degF @ 150 psig AF-82745: - MAWP = 150 psig @ 350 degF - MDMT = -20 degF @ 150 psig PV-11354: - MAWP = FV/100 psig @ 250 degF - MDMT = 10 degF @ 100 psig HTR-33219: - MAWP = 100 psig @ 300 degF - MDMT = -20 degF @ 100 psig EX-59044: - MAWP Shell = 150 psig @ 250 degF - MDMT Shell = -20 degF @ 150 psig - MAWP Tube = 150 psig @ 350 degF - MDMT Tube = -20 degF @ 150 psig PV-99938: - MAWP = FV/125 psig @ 250 degF - MDMT = -10 degF @ 100 psig"
Node 95328,"From PV-92182 Combi Tower Accumulator to Recycle Gas Compressor, Recycle Compressor Suction Knockout Drum, Recycle Cooler, Recycle Gas Knockout Drum, Recycle Gas Knockout Pump to Fuel Gas System, (PV-11354, AF- 208, PV-99938, PM-28116, PM- 213) (Recycle Compressor Vendor Package evaluated in Node 52650)",E000353-01-101 SHT 2,CM-33219B-PM,Seal System Circulating Pump,"Inlet pressure 8-12 psig to ~70 psig through compressor, liquids knocked out and returned to Stabilizer feed CM-33219A/B: - Suction P = 16 psia @ 165 degF - Discharge P = 80 psia @ 265 degF PV-82745: - MAWP = 150 psig @ 300 degF - MDMT = 10 degF @ 150 psig AF-82745: - MAWP = 150 psig @ 350 degF - MDMT = -20 degF @ 150 psig PV-11354: - MAWP = FV/100 psig @ 250 degF - MDMT = 10 degF @ 100 psig HTR-33219: - MAWP = 100 psig @ 300 degF - MDMT = -20 degF @ 100 psig EX-59044: - MAWP Shell = 150 psig @ 250 degF - MDMT Shell = -20 degF @ 150 psig - MAWP Tube = 150 psig @ 350 degF - MDMT Tube = -20 degF @ 150 psig PV-99938: - MAWP = FV/125 psig @ 250 degF - MDMT = -10 degF @ 100 psig"
Node 95328,"From PV-92182 Combi Tower Accumulator to Recycle Gas Compressor, Recycle Compressor Suction Knockout Drum, Recycle Cooler, Recycle Gas Knockout Drum, Recycle Gas Knockout Pump to Fuel Gas System, (PV-11354, AF- 208, PV-99938, PM-28116, PM- 213) (Recycle Compressor Vendor Package evaluated in Node 52650)",E000353-01-101 SHT 2,CM-33219B-BM,Seal System Blower,"Inlet pressure 8-12 psig to ~70 psig through compressor, liquids knocked out and returned to Stabilizer feed CM-33219A/B: - Suction P = 16 psia @ 165 degF - Discharge P = 80 psia @ 265 degF PV-82745: - MAWP = 150 psig @ 300 degF - MDMT = 10 degF @ 150 psig AF-82745: - MAWP = 150 psig @ 350 degF - MDMT = -20 degF @ 150 psig PV-11354: - MAWP = FV/100 psig @ 250 degF - MDMT = 10 degF @ 100 psig HTR-33219: - MAWP = 100 psig @ 300 degF - MDMT = -20 degF @ 100 psig EX-59044: - MAWP Shell = 150 psig @ 250 degF - MDMT Shell = -20 degF @ 150 psig - MAWP Tube = 150 psig @ 350 degF - MDMT Tube = -20 degF @ 150 psig PV-99938: - MAWP = FV/125 psig @ 250 degF - MDMT = -10 degF @ 100 psig"
Node 95328,"From PV-92182 Combi Tower Accumulator to Recycle Gas Compressor, Recycle Compressor Suction Knockout Drum, Recycle Cooler, Recycle Gas Knockout Drum, Recycle Gas Knockout Pump to Fuel Gas System, (PV-11354, AF- 208, PV-99938, PM-28116, PM- 213) (Recycle Compressor Vendor Package evaluated in Node 52650)",E000353-01-101 SHT 2,CM-33219B,Recycle Compressor,- Suction P = 16 psia @ 165 degF - Discharge P = 80 psia @ 265 degF
Node 95328,"From PV-92182 Combi Tower Accumulator to Recycle Gas Compressor, Recycle Compressor Suction Knockout Drum, Recycle Cooler, Recycle Gas Knockout Drum, Recycle Gas Knockout Pump to Fuel Gas System, (PV-11354, AF- 208, PV-99938, PM-28116, PM- 213) (Recycle Compressor Vendor Package evaluated in Node 52650)",E000353-01-101 SHT 3,FL-11689A/B,Compressor Lube Oil Filter,"Inlet pressure 8-12 psig to ~70 psig through compressor, liquids knocked out and returned to Stabilizer feed CM-33219A/B: - Suction P = 16 psia @ 165 degF - Discharge P = 80 psia @ 265 degF PV-82745: - MAWP = 150 psig @ 300 degF - MDMT = 10 degF @ 150 psig AF-82745: - MAWP = 150 psig @ 350 degF - MDMT = -20 degF @ 150 psig PV-11354: - MAWP = FV/100 psig @ 250 degF - MDMT = 10 degF @ 100 psig HTR-33219: - MAWP = 100 psig @ 300 degF - MDMT = -20 degF @ 100 psig EX-59044: - MAWP Shell = 150 psig @ 250 degF - MDMT Shell = -20 degF @ 150 psig - MAWP Tube = 150 psig @ 350 degF - MDMT Tube = -20 degF @ 150 psig PV-99938: - MAWP = FV/125 psig @ 250 degF - MDMT = -10 degF @ 100 psig"
Node 95328,"From PV-92182 Combi Tower Accumulator to Recycle Gas Compressor, Recycle Compressor Suction Knockout Drum, Recycle Cooler, Recycle Gas Knockout Drum, Recycle Gas Knockout Pump to Fuel Gas System, (PV-11354, AF- 208, PV-99938, PM-28116, PM- 213) (Recycle Compressor Vendor Package evaluated in Node 52650)",E000353-01-101 SHT 3,HTR-92182,Lube Oil Separator Heater,"Inlet pressure 8-12 psig to ~70 psig through compressor, liquids knocked out and returned to Stabilizer feed CM-33219A/B: - Suction P = 16 psia @ 165 degF - Discharge P = 80 psia @ 265 degF PV-82745: - MAWP = 150 psig @ 300 degF - MDMT = 10 degF @ 150 psig AF-82745: - MAWP = 150 psig @ 350 degF - MDMT = -20 degF @ 150 psig PV-11354: - MAWP = FV/100 psig @ 250 degF - MDMT = 10 degF @ 100 psig HTR-33219: - MAWP = 100 psig @ 300 degF - MDMT = -20 degF @ 100 psig EX-59044: - MAWP Shell = 150 psig @ 250 degF - MDMT Shell = -20 degF @ 150 psig - MAWP Tube = 150 psig @ 350 degF - MDMT Tube = -20 degF @ 150 psig PV-99938: - MAWP = FV/125 psig @ 250 degF - MDMT = -10 degF @ 100 psig"
Node 95328,"From PV-92182 Combi Tower Accumulator to Recycle Gas Compressor, Recycle Compressor Suction Knockout Drum, Recycle Cooler, Recycle Gas Knockout Drum, Recycle Gas Knockout Pump to Fuel Gas System, (PV-11354, AF- 208, PV-99938, PM-28116, PM- 213) (Recycle Compressor Vendor Package evaluated in Node 52650)",E000353-01-101 SHT 3,PV-82745,Lube Oil Separator Vessel,- MAWP = 150 psig @ 300 degF - MDMT = 10 degF @ 150 psig
Node 95328,"From PV-92182 Combi Tower Accumulator to Recycle Gas Compressor, Recycle Compressor Suction Knockout Drum, Recycle Cooler, Recycle Gas Knockout Drum, Recycle Gas Knockout Pump to Fuel Gas System, (PV-11354, AF- 208, PV-99938, PM-28116, PM- 213) (Recycle Compressor Vendor Package evaluated in Node 52650)",E000353-01-101 SHT 4,CMM-33219A/B,Compressor Motor,"Inlet pressure 8-12 psig to ~70 psig through compressor, liquids knocked out and returned to Stabilizer feed CM-33219A/B: - Suction P = 16 psia @ 165 degF - Discharge P = 80 psia @ 265 degF PV-82745: - MAWP = 150 psig @ 300 degF - MDMT = 10 degF @ 150 psig AF-82745: - MAWP = 150 psig @ 350 degF - MDMT = -20 degF @ 150 psig PV-11354: - MAWP = FV/100 psig @ 250 degF - MDMT = 10 degF @ 100 psig HTR-33219: - MAWP = 100 psig @ 300 degF - MDMT = -20 degF @ 100 psig EX-59044: - MAWP Shell = 150 psig @ 250 degF - MDMT Shell = -20 degF @ 150 psig - MAWP Tube = 150 psig @ 350 degF - MDMT Tube = -20 degF @ 150 psig PV-99938: - MAWP = FV/125 psig @ 250 degF - MDMT = -10 degF @ 100 psig"
Node 95328,"From PV-92182 Combi Tower Accumulator to Recycle Gas Compressor, Recycle Compressor Suction Knockout Drum, Recycle Cooler, Recycle Gas Knockout Drum, Recycle Gas Knockout Pump to Fuel Gas System, (PV-11354, AF- 208, PV-99938, PM-28116, PM- 213) (Recycle Compressor Vendor Package evaluated in Node 52650)",E000353-01-101 SHT 5,AF-82745,Gas Aftercooler,- MAWP = 150 psig @ 350 degF - MDMT = -20 degF @ 150 psig
Node 95328,"From PV-92182 Combi Tower Accumulator to Recycle Gas Compressor, Recycle Compressor Suction Knockout Drum, Recycle Cooler, Recycle Gas Knockout Drum, Recycle Gas Knockout Pump to Fuel Gas System, (PV-11354, AF- 208, PV-99938, PM-28116, PM- 213) (Recycle Compressor Vendor Package evaluated in Node 52650)",E000353-01-101 SHT 5,AF-11354,Compressor Lube Oil Cooler,"Inlet pressure 8-12 psig to ~70 psig through compressor, liquids knocked out and returned to Stabilizer feed CM-33219A/B: - Suction P = 16 psia @ 165 degF - Discharge P = 80 psia @ 265 degF PV-82745: - MAWP = 150 psig @ 300 degF - MDMT = 10 degF @ 150 psig AF-82745: - MAWP = 150 psig @ 350 degF - MDMT = -20 degF @ 150 psig PV-11354: - MAWP = FV/100 psig @ 250 degF - MDMT = 10 degF @ 100 psig HTR-33219: - MAWP = 100 psig @ 300 degF - MDMT = -20 degF @ 100 psig EX-59044: - MAWP Shell = 150 psig @ 250 degF - MDMT Shell = -20 degF @ 150 psig - MAWP Tube = 150 psig @ 350 degF - MDMT Tube = -20 degF @ 150 psig PV-99938: - MAWP = FV/125 psig @ 250 degF - MDMT = -10 degF @ 100 psig"
Node 95328,"From PV-92182 Combi Tower Accumulator to Recycle Gas Compressor, Recycle Compressor Suction Knockout Drum, Recycle Cooler, Recycle Gas Knockout Drum, Recycle Gas Knockout Pump to Fuel Gas System, (PV-11354, AF- 208, PV-99938, PM-28116, PM- 213) (Recycle Compressor Vendor Package evaluated in Node 52650)",E000353-02-102 SHT 1,PV-11354,Recycle Compressor Inlet Scrubber,- MAWP = FV/100 psig @ 250 degF - MDMT = 10 degF @ 100 psig
Node 95328,"From PV-92182 Combi Tower Accumulator to Recycle Gas Compressor, Recycle Compressor Suction Knockout Drum, Recycle Cooler, Recycle Gas Knockout Drum, Recycle Gas Knockout Pump to Fuel Gas System, (PV-11354, AF- 208, PV-99938, PM-28116, PM- 213) (Recycle Compressor Vendor Package evaluated in Node 52650)",E000353-02-102 SHT 2,PV-99938,Discharge Scrubber,- MAWP = FV/125 psig @ 250 degF - MDMT = -10 degF @ 100 psig
Node 95328,"From PV-92182 Combi Tower Accumulator to Recycle Gas Compressor, Recycle Compressor Suction Knockout Drum, Recycle Cooler, Recycle Gas Knockout Drum, Recycle Gas Knockout Pump to Fuel Gas System, (PV-11354, AF- 208, PV-99938, PM-28116, PM- 213) (Recycle Compressor Vendor Package evaluated in Node 52650)",E000353-02-102 SHT 2,PM-28116A/B,Discharge Pump,"Inlet pressure 8-12 psig to ~70 psig through compressor, liquids knocked out and returned to Stabilizer feed CM-33219A/B: - Suction P = 16 psia @ 165 degF - Discharge P = 80 psia @ 265 degF PV-82745: - MAWP = 150 psig @ 300 degF - MDMT = 10 degF @ 150 psig AF-82745: - MAWP = 150 psig @ 350 degF - MDMT = -20 degF @ 150 psig PV-11354: - MAWP = FV/100 psig @ 250 degF - MDMT = 10 degF @ 100 psig HTR-33219: - MAWP = 100 psig @ 300 degF - MDMT = -20 degF @ 100 psig EX-59044: - MAWP Shell = 150 psig @ 250 degF - MDMT Shell = -20 degF @ 150 psig - MAWP Tube = 150 psig @ 350 degF - MDMT Tube = -20 degF @ 150 psig PV-99938: - MAWP = FV/125 psig @ 250 degF - MDMT = -10 degF @ 100 psig"
Node 35657,"Hot Oil Heater, F-33219; hot oil system: Hot oil Surge Tank, Hot Oil Circulation Pumps, Hot oil heat exchanger (PV-99986, PM-92182), including natural gas and combustion air",99-DWG-2709,EX-48495,Naphtha Stabilizer Reboiler,- Shell MAWP = 287 psig @ 650 degF - Tube MAWP = 276 psig @ 700 degF - Duty = 54.3 MMBTU/Hr
Node 35657,"Hot Oil Heater, F-33219; hot oil system: Hot oil Surge Tank, Hot Oil Circulation Pumps, Hot oil heat exchanger (PV-99986, PM-92182), including natural gas and combustion air",99-DWG-2709,EX-11354,COMBI Tower Feed Preheater,"Typically run 3 out of 4 hot oil circulation pumps. Hot oil temperature - 600F when exchangers are clean, up to 47969- 645F when exchangers are fouled Hot oil to Heat Exchanger EX-48495, Heat Exchanger EX-11354A/B, Heat Exchanger EX-99938, Heat Exchanger EX-13655 Nitrogen blanket on surge tank from N2 bottles, pressure maintained at 65724 psig EX-48495: - Shell MAWP = 287 psig @ 650 degF - Tube MAWP = 276 psig @ 700 degF - Duty = 54.3 MMBTU/Hr EX-11354:"
Node 35657,"Hot Oil Heater, F-33219; hot oil system: Hot oil Surge Tank, Hot Oil Circulation Pumps, Hot oil heat exchanger (PV-99986, PM-92182), including natural gas and combustion air",99-DWG-2709 Redline,EX-48495,Naphtha Stabilizer Reboiler,- Shell MAWP = 287 psig @ 650 degF - Tube MAWP = 276 psig @ 700 degF - Duty = 54.3 MMBTU/Hr
Node 35657,"Hot Oil Heater, F-33219; hot oil system: Hot oil Surge Tank, Hot Oil Circulation Pumps, Hot oil heat exchanger (PV-99986, PM-92182), including natural gas and combustion air",99-DWG-2709 Redline,EX-11354,COMBI Tower Feed Preheater,"Typically run 3 out of 4 hot oil circulation pumps. Hot oil temperature - 600F when exchangers are clean, up to 47969- 645F when exchangers are fouled Hot oil to Heat Exchanger EX-48495, Heat Exchanger EX-11354A/B, Heat Exchanger EX-99938, Heat Exchanger EX-13655 Nitrogen blanket on surge tank from N2 bottles, pressure maintained at 65724 psig EX-48495: - Shell MAWP = 287 psig @ 650 degF - Tube MAWP = 276 psig @ 700 degF - Duty = 54.3 MMBTU/Hr EX-11354:"
Node 35657,"Hot Oil Heater, F-33219; hot oil system: Hot oil Surge Tank, Hot Oil Circulation Pumps, Hot oil heat exchanger (PV-99986, PM-92182), including natural gas and combustion air",99-DWG-8595 Redline 2,PV-99986,Hot Oil Surge Tank,"Typically run 3 out of 4 hot oil circulation pumps. Hot oil temperature - 600F when exchangers are clean, up to 47969- 645F when exchangers are fouled Hot oil to Heat Exchanger EX-48495, Heat Exchanger EX-11354A/B, Heat Exchanger EX-99938, Heat Exchanger EX-13655 Nitrogen blanket on surge tank from N2 bottles, pressure maintained at 65724 psig EX-48495: - Shell MAWP = 287 psig @ 650 degF - Tube MAWP = 276 psig @ 700 degF - Duty = 54.3 MMBTU/Hr EX-11354:"
Node 35657,"Hot Oil Heater, F-33219; hot oil system: Hot oil Surge Tank, Hot Oil Circulation Pumps, Hot oil heat exchanger (PV-99986, PM-92182), including natural gas and combustion air",99-DWG-8595 Redline 2,PM-92182A/B/C/D,Hot Oil Circulation Pumps,"Typically run 3 out of 4 hot oil circulation pumps. Hot oil temperature - 600F when exchangers are clean, up to 47969- 645F when exchangers are fouled Hot oil to Heat Exchanger EX-48495, Heat Exchanger EX-11354A/B, Heat Exchanger EX-99938, Heat Exchanger EX-13655 Nitrogen blanket on surge tank from N2 bottles, pressure maintained at 65724 psig EX-48495: - Shell MAWP = 287 psig @ 650 degF - Tube MAWP = 276 psig @ 700 degF - Duty = 54.3 MMBTU/Hr EX-11354:"
Node 35657,"Hot Oil Heater, F-33219; hot oil system: Hot oil Surge Tank, Hot Oil Circulation Pumps, Hot oil heat exchanger (PV-99986, PM-92182), including natural gas and combustion air",99-DWG-8595 Redline,PV-99986,Hot Oil Surge Tank,"Typically run 3 out of 4 hot oil circulation pumps. Hot oil temperature - 600F when exchangers are clean, up to 47969- 645F when exchangers are fouled Hot oil to Heat Exchanger EX-48495, Heat Exchanger EX-11354A/B, Heat Exchanger EX-99938, Heat Exchanger EX-13655 Nitrogen blanket on surge tank from N2 bottles, pressure maintained at 65724 psig EX-48495: - Shell MAWP = 287 psig @ 650 degF - Tube MAWP = 276 psig @ 700 degF - Duty = 54.3 MMBTU/Hr EX-11354:"
Node 35657,"Hot Oil Heater, F-33219; hot oil system: Hot oil Surge Tank, Hot Oil Circulation Pumps, Hot oil heat exchanger (PV-99986, PM-92182), including natural gas and combustion air",99-DWG-8595 Redline,PM-92182A/B/C/D,Hot Oil Circulation Pumps,"Typically run 3 out of 4 hot oil circulation pumps. Hot oil temperature - 600F when exchangers are clean, up to 47969- 645F when exchangers are fouled Hot oil to Heat Exchanger EX-48495, Heat Exchanger EX-11354A/B, Heat Exchanger EX-99938, Heat Exchanger EX-13655 Nitrogen blanket on surge tank from N2 bottles, pressure maintained at 65724 psig EX-48495: - Shell MAWP = 287 psig @ 650 degF - Tube MAWP = 276 psig @ 700 degF - Duty = 54.3 MMBTU/Hr EX-11354:"
Node 35657,"Hot Oil Heater, F-33219; hot oil system: Hot oil Surge Tank, Hot Oil Circulation Pumps, Hot oil heat exchanger (PV-99986, PM-92182), including natural gas and combustion air",99-DWG-8595,PV-99986,Hot Oil Surge Tank,"Typically run 3 out of 4 hot oil circulation pumps. Hot oil temperature - 600F when exchangers are clean, up to 47969- 645F when exchangers are fouled Hot oil to Heat Exchanger EX-48495, Heat Exchanger EX-11354A/B, Heat Exchanger EX-99938, Heat Exchanger EX-13655 Nitrogen blanket on surge tank from N2 bottles, pressure maintained at 65724 psig EX-48495: - Shell MAWP = 287 psig @ 650 degF - Tube MAWP = 276 psig @ 700 degF - Duty = 54.3 MMBTU/Hr EX-11354:"
Node 35657,"Hot Oil Heater, F-33219; hot oil system: Hot oil Surge Tank, Hot Oil Circulation Pumps, Hot oil heat exchanger (PV-99986, PM-92182), including natural gas and combustion air",99-DWG-8595,PM-92182A/B/C/D,Hot Oil Circulation Pumps,"Typically run 3 out of 4 hot oil circulation pumps. Hot oil temperature - 600F when exchangers are clean, up to 47969- 645F when exchangers are fouled Hot oil to Heat Exchanger EX-48495, Heat Exchanger EX-11354A/B, Heat Exchanger EX-99938, Heat Exchanger EX-13655 Nitrogen blanket on surge tank from N2 bottles, pressure maintained at 65724 psig EX-48495: - Shell MAWP = 287 psig @ 650 degF - Tube MAWP = 276 psig @ 700 degF - Duty = 54.3 MMBTU/Hr EX-11354:"
Node 35657,"Hot Oil Heater, F-33219; hot oil system: Hot oil Surge Tank, Hot Oil Circulation Pumps, Hot oil heat exchanger (PV-99986, PM-92182), including natural gas and combustion air",99-DWG-1174,F-33219,Hot Oil Heater,"Typically run 3 out of 4 hot oil circulation pumps. Hot oil temperature - 600F when exchangers are clean, up to 47969- 645F when exchangers are fouled Hot oil to Heat Exchanger EX-48495, Heat Exchanger EX-11354A/B, Heat Exchanger EX-99938, Heat Exchanger EX-13655 Nitrogen blanket on surge tank from N2 bottles, pressure maintained at 65724 psig EX-48495: - Shell MAWP = 287 psig @ 650 degF - Tube MAWP = 276 psig @ 700 degF - Duty = 54.3 MMBTU/Hr EX-11354:"
Node 35657,"Hot Oil Heater, F-33219; hot oil system: Hot oil Surge Tank, Hot Oil Circulation Pumps, Hot oil heat exchanger (PV-99986, PM-92182), including natural gas and combustion air",99-DWG-4067,T-99986,Heavy Naphtha Stripper,"Typically run 3 out of 4 hot oil circulation pumps. Hot oil temperature - 600F when exchangers are clean, up to 47969- 645F when exchangers are fouled Hot oil to Heat Exchanger EX-48495, Heat Exchanger EX-11354A/B, Heat Exchanger EX-99938, Heat Exchanger EX-13655 Nitrogen blanket on surge tank from N2 bottles, pressure maintained at 65724 psig EX-48495: - Shell MAWP = 287 psig @ 650 degF - Tube MAWP = 276 psig @ 700 degF - Duty = 54.3 MMBTU/Hr EX-11354:"
Node 35657,"Hot Oil Heater, F-33219; hot oil system: Hot oil Surge Tank, Hot Oil Circulation Pumps, Hot oil heat exchanger (PV-99986, PM-92182), including natural gas and combustion air",99-DWG-4067,EX-82745,Heavy Naphtha Stripper Reboiler,"Typically run 3 out of 4 hot oil circulation pumps. Hot oil temperature - 600F when exchangers are clean, up to 47969- 645F when exchangers are fouled Hot oil to Heat Exchanger EX-48495, Heat Exchanger EX-11354A/B, Heat Exchanger EX-99938, Heat Exchanger EX-13655 Nitrogen blanket on surge tank from N2 bottles, pressure maintained at 65724 psig EX-48495: - Shell MAWP = 287 psig @ 650 degF - Tube MAWP = 276 psig @ 700 degF - Duty = 54.3 MMBTU/Hr EX-11354:"
Node 35657,"Hot Oil Heater, F-33219; hot oil system: Hot oil Surge Tank, Hot Oil Circulation Pumps, Hot oil heat exchanger (PV-99986, PM-92182), including natural gas and combustion air",99-DWG-1311,T-80996,Kero Stripper,"Typically run 3 out of 4 hot oil circulation pumps. Hot oil temperature - 600F when exchangers are clean, up to 47969- 645F when exchangers are fouled Hot oil to Heat Exchanger EX-48495, Heat Exchanger EX-11354A/B, Heat Exchanger EX-99938, Heat Exchanger EX-13655 Nitrogen blanket on surge tank from N2 bottles, pressure maintained at 65724 psig EX-48495: - Shell MAWP = 287 psig @ 650 degF - Tube MAWP = 276 psig @ 700 degF - Duty = 54.3 MMBTU/Hr EX-11354:"
Node 35657,"Hot Oil Heater, F-33219; hot oil system: Hot oil Surge Tank, Hot Oil Circulation Pumps, Hot oil heat exchanger (PV-99986, PM-92182), including natural gas and combustion air",99-DWG-1311,EX-99938,Kero Stripper Reboiler,"Typically run 3 out of 4 hot oil circulation pumps. Hot oil temperature - 600F when exchangers are clean, up to 47969- 645F when exchangers are fouled Hot oil to Heat Exchanger EX-48495, Heat Exchanger EX-11354A/B, Heat Exchanger EX-99938, Heat Exchanger EX-13655 Nitrogen blanket on surge tank from N2 bottles, pressure maintained at 65724 psig EX-48495: - Shell MAWP = 287 psig @ 650 degF - Tube MAWP = 276 psig @ 700 degF - Duty = 54.3 MMBTU/Hr EX-11354:"
Node 35657,"Hot Oil Heater, F-33219; hot oil system: Hot oil Surge Tank, Hot Oil Circulation Pumps, Hot oil heat exchanger (PV-99986, PM-92182), including natural gas and combustion air",99-DWG-6743,T-11689,Diesel Stripper,"Typically run 3 out of 4 hot oil circulation pumps. Hot oil temperature - 600F when exchangers are clean, up to 47969- 645F when exchangers are fouled Hot oil to Heat Exchanger EX-48495, Heat Exchanger EX-11354A/B, Heat Exchanger EX-99938, Heat Exchanger EX-13655 Nitrogen blanket on surge tank from N2 bottles, pressure maintained at 65724 psig EX-48495: - Shell MAWP = 287 psig @ 650 degF - Tube MAWP = 276 psig @ 700 degF - Duty = 54.3 MMBTU/Hr EX-11354:"
Node 35657,"Hot Oil Heater, F-33219; hot oil system: Hot oil Surge Tank, Hot Oil Circulation Pumps, Hot oil heat exchanger (PV-99986, PM-92182), including natural gas and combustion air",99-DWG-6743,EX-13655,Diesel Stripper Reboiler,- Shell MAWP = 287 psig @ 650 degF - Tube MAWP = 276 psig @ 700 degF - Duty = 54.3 MMBTU/Hr
Node 58747,Aqueous Ammonia Heater System,99-DWG-1174,F-33219,Hot Oil Heater,"Ammonia injection into hot oil heater stack. NH3 vaporized with warmed air. 10,000 gallon storage tank of 19% aqueous NH3, filled ~ quarterly PV-76255: - Capacity = 10,000 gal PM-67967A/B: - Design = 0.5 HP @ 1750 RPM - Max Capacity = 3 GPM - Max discharge P = 100 psig BM-17647A/B: - Design = 5 HP @ 3510 RPM - Capacity = 192 CFM @ 42"" W.C. PM-24946A/B: - Design = 0.5 HP @ 1750 RPM - Max Capacity = 3 GPM - Max Discharge P = 100 psig BM-11689A/B: - Design = 5 HP @ 3510 RPM - Capacity = 192 CFM @ 42"" W.C."
Node 58747,Aqueous Ammonia Heater System,13J0010_100101,PV-76255,Ammonia Storage Tank,"- Capacity = 10,000 gal"
Node 58747,Aqueous Ammonia Heater System,13J0010_100101,PM-67967A/B,NH3 Forwarding Pump,- Design = 0.5 HP @ 1750 RPM - Max Capacity = 3 GPM - Max discharge P = 100 psig
Node 58747,Aqueous Ammonia Heater System,13J0010_100101,BM-17647A/B,Dilution Air Blower,"- Design = 5 HP @ 3510 RPM - Capacity = 192 CFM @ 42"" W.C."
Node 58747,Aqueous Ammonia Heater System,13J0039_100101,PM-24946A/B,NH3 Forwarding Pump,- Design = 0.5 HP @ 1750 RPM - Max Capacity = 3 GPM - Max Discharge P = 100 psig
Node 58747,Aqueous Ammonia Heater System,13J0039_100101,BM-11689A/B,Dilution Air Blower,"- Design = 5 HP @ 3510 RPM - Capacity = 192 CFM @ 42"" W.C."
Node 11535,Natural Gas/Fuel Gas Header,99-DWG-7054,FL-82745,Vertical Filter Separator,"Natural gas received from KM pipeline, not odorized"
Node 50901,Hydrocarbon Drain,99-DWG-8168,TK-33219,Hydrocarbon Sump,- Design = 5 psig @ 400 degF - Nominal Capacity = 8000 gal
Node 50901,Hydrocarbon Drain,99-DWG-8168,PM-43983A/B,Hydrocarbon Sump Pumps,"- Design = 250 GPM, 15 HP, 3530/3550 RPM - Temp = 75 degF @ 35 psi deltaP"
Node 73809,Wastewater Drain,99-DWG-9885 Redline,PM-33219A/B,Naphtha Stabilizer Overhead Pumps,"8000 gallon sump, pumped to TK 5, option to bypass sump directly to storm water pond (first inch goes to TK 5) TK-92182: - Design = 5 psig @ 400 degF - Nominal Capacity = 8000 gal PM-33637A/B: - Design = 100 GPM, 5 HP, 3500/3530 RPM - Temp = Ambient @ 26 psi deltaP"
Node 73809,Wastewater Drain,99-DWG-9885 Redline,PV-33219,Naphtha Stabilizer Accumulator,"8000 gallon sump, pumped to TK 5, option to bypass sump directly to storm water pond (first inch goes to TK 5) TK-92182: - Design = 5 psig @ 400 degF - Nominal Capacity = 8000 gal PM-33637A/B: - Design = 100 GPM, 5 HP, 3500/3530 RPM - Temp = Ambient @ 26 psi deltaP"
Node 73809,Wastewater Drain,99-DWG-9885,PM-33219A/B,Naphtha Stabilizer Overhead Pumps,"8000 gallon sump, pumped to TK 5, option to bypass sump directly to storm water pond (first inch goes to TK 5) TK-92182: - Design = 5 psig @ 400 degF - Nominal Capacity = 8000 gal PM-33637A/B: - Design = 100 GPM, 5 HP, 3500/3530 RPM - Temp = Ambient @ 26 psi deltaP"
Node 73809,Wastewater Drain,99-DWG-9885,PV-33219,Naphtha Stabilizer Accumulator,"8000 gallon sump, pumped to TK 5, option to bypass sump directly to storm water pond (first inch goes to TK 5) TK-92182: - Design = 5 psig @ 400 degF - Nominal Capacity = 8000 gal PM-33637A/B: - Design = 100 GPM, 5 HP, 3500/3530 RPM - Temp = Ambient @ 26 psi deltaP"
Node 73809,Wastewater Drain,99-DWG-8168,TK-33219,Hydrocarbon Sump,"8000 gallon sump, pumped to TK 5, option to bypass sump directly to storm water pond (first inch goes to TK 5) TK-92182: - Design = 5 psig @ 400 degF - Nominal Capacity = 8000 gal PM-33637A/B: - Design = 100 GPM, 5 HP, 3500/3530 RPM - Temp = Ambient @ 26 psi deltaP"
Node 73809,Wastewater Drain,99-DWG-8168,PM-43983A/B,Hydrocarbon Sump Pumps,"8000 gallon sump, pumped to TK 5, option to bypass sump directly to storm water pond (first inch goes to TK 5) TK-92182: - Design = 5 psig @ 400 degF - Nominal Capacity = 8000 gal PM-33637A/B: - Design = 100 GPM, 5 HP, 3500/3530 RPM - Temp = Ambient @ 26 psi deltaP"
Node 73809,Wastewater Drain,99-DWG-9842,TK-92182,Contact Water Sump,- Design = 5 psig @ 400 degF - Nominal Capacity = 8000 gal
Node 73809,Wastewater Drain,99-DWG-9842,PM-33637A/B,Contact Water Sump Pumps,"- Design = 100 GPM, 5 HP, 3500/3530 RPM - Temp = Ambient @ 26 psi deltaP"
Node 22654,Air Compressor System,1318317146 SHT 1,CM-92182A/B,"Air Compressors A, B",- Design = 375 CFM @ 174 psig; 125 HP
Node 22654,Air Compressor System,1318317146 SHT 2,PV-59044,Air Receiver (Wet),- Design 200 psig ASME @ 400 degF; 2200 gal
Node 22654,Air Compressor System,1318317146 SHT 3,DR-33219,Air Dryer Desiccant,- Design = 181 psig @ 100 degF
Node 22654,Air Compressor System,1318317146 SHT 3,FL-80996A/B,Service Air Filter,"- Design = 102 psig @ 68 degF, 360 CFM @ 102 psi"
Node 22654,Air Compressor System,1318317146 SHT 3,FL-48495,Service Air Filter,"- Design = 102 psig @ 68 degF, 360 CFM @ 102 psi"
Node 22654,Air Compressor System,1318317146 SHT 4,FL-11354,Service Air Filter,"- Design = 102 psig @ 68 degF, 1165 CFM @ 102 psi"
Node 35613,Condensate Feed through Desalter,99-DWG-5128,EX-59524,Diesel to Feed Preheater,From 41268 Desalter Project PHA.
Node 35613,Condensate Feed through Desalter,99-DWG-5128,EX-17647,Bottoms to Feed Preheater,From 41268 Desalter Project PHA.
Node 35613,Condensate Feed through Desalter,99-DWG-7510,PM-77434A/B/C,Condensate Booster Pumps,From 41268 Desalter Project PHA.
Node 35613,Condensate Feed through Desalter,99-DWG-4394,DT-81314A/B/C,Desalter Transformer,From 41268 Desalter Project PHA.
Node 35613,Condensate Feed through Desalter,99-DWG-4394,D-81314,Condensate Desalter,From 41268 Desalter Project PHA.
Node 35613,Condensate Feed through Desalter,40-PI-44741A,EX-47697A/B,Bottoms Product to Desalter Wash Water Heater,From 41268 Desalter Project PHA.
Node 35613,Condensate Feed through Desalter,40-PI-44741A,EX-16773A/B,Bottoms Product to Desalter Wash Water Heater,From 41268 Desalter Project PHA.
Node 35613,Condensate Feed through Desalter,99-DWG-7488,TK-48603,Demulsifier Chemical Storage Tank,From 41268 Desalter Project PHA.
Node 35613,Condensate Feed through Desalter,99-DWG-7488,PM-13644A/B,Demulsifier Metering Pump,From 41268 Desalter Project PHA.
Node 35613,Condensate Feed through Desalter,99-DWG-1809,EX-80996,Diesel to Feed Preheater,From 41268 Desalter Project PHA.
Node 35613,Condensate Feed through Desalter,99-DWG-1809,EX-11689,Bottoms to Feed Preheater,From 41268 Desalter Project PHA.
Node 35613,Condensate Feed through Desalter,99-DWG-1017,D-33219A/B/C,Desalter Transformer,From 41268 Desalter Project PHA.
Node 35613,Condensate Feed through Desalter,99-DWG-1017,D-33219,Condensate Desalter,From 41268 Desalter Project PHA.
Node 38536,Wash Water System,99-DWG-4394,DT-81314A/B/C,Desalter Transformer,From 41268 Desalter Project PHA. TK-73992 Treated Wash Water Storage Tank is currently bypassed. Minimum wash water flow = 1500bpd (3% of condensate feed rate). Maximum flow: 2500bpd (5%). Supplied by the city at 79029-80psig. Two wash water pumps (operationally set such that PM- 122A feeds Splitter 1 and PM-77069B feeds Splitter 2). Wash water pumps discharge at 184psig. 144psig upon entering desalter. Water is at ambient temperature (estimated high = 85F). 1hr residence time in storage tank. EX-87095A/B/C: - Shell MAWP = 305 psig @ 290 degF
Node 38536,Wash Water System,99-DWG-4394,D-81314,Condensate Desalter,From 41268 Desalter Project PHA. TK-73992 Treated Wash Water Storage Tank is currently bypassed. Minimum wash water flow = 1500bpd (3% of condensate feed rate). Maximum flow: 2500bpd (5%). Supplied by the city at 79029-80psig. Two wash water pumps (operationally set such that PM- 122A feeds Splitter 1 and PM-77069B feeds Splitter 2). Wash water pumps discharge at 184psig. 144psig upon entering desalter. Water is at ambient temperature (estimated high = 85F). 1hr residence time in storage tank. EX-87095A/B/C: - Shell MAWP = 305 psig @ 290 degF
Node 38536,Wash Water System,99-DWG-1245,EX-87095A/B/C,Wash Water to Desalter Waste Water Preheater,- Shell MAWP = 305 psig @ 290 degF
Node 38536,Wash Water System,40-PI-44741A,EX-47697A/B,Bottoms Product to Desalter Wash Water Heater,From 41268 Desalter Project PHA. TK-73992 Treated Wash Water Storage Tank is currently bypassed. Minimum wash water flow = 1500bpd (3% of condensate feed rate). Maximum flow: 2500bpd (5%). Supplied by the city at 79029-80psig. Two wash water pumps (operationally set such that PM- 122A feeds Splitter 1 and PM-77069B feeds Splitter 2). Wash water pumps discharge at 184psig. 144psig upon entering desalter. Water is at ambient temperature (estimated high = 85F). 1hr residence time in storage tank. EX-87095A/B/C: - Shell MAWP = 305 psig @ 290 degF
Node 38536,Wash Water System,40-PI-44741A,EX-16773A/B,Bottoms Product to Desalter Wash Water Heater,From 41268 Desalter Project PHA. TK-73992 Treated Wash Water Storage Tank is currently bypassed. Minimum wash water flow = 1500bpd (3% of condensate feed rate). Maximum flow: 2500bpd (5%). Supplied by the city at 79029-80psig. Two wash water pumps (operationally set such that PM- 122A feeds Splitter 1 and PM-77069B feeds Splitter 2). Wash water pumps discharge at 184psig. 144psig upon entering desalter. Water is at ambient temperature (estimated high = 85F). 1hr residence time in storage tank. EX-87095A/B/C: - Shell MAWP = 305 psig @ 290 degF
Node 38536,Wash Water System,99-DWG-4352,PK-40559,Water Softening System,From 41268 Desalter Project PHA. TK-73992 Treated Wash Water Storage Tank is currently bypassed. Minimum wash water flow = 1500bpd (3% of condensate feed rate). Maximum flow: 2500bpd (5%). Supplied by the city at 79029-80psig. Two wash water pumps (operationally set such that PM- 122A feeds Splitter 1 and PM-77069B feeds Splitter 2). Wash water pumps discharge at 184psig. 144psig upon entering desalter. Water is at ambient temperature (estimated high = 85F). 1hr residence time in storage tank. EX-87095A/B/C: - Shell MAWP = 305 psig @ 290 degF
Node 38536,Wash Water System,99-DWG-4352,TK-76255,Brine Day Tank,From 41268 Desalter Project PHA. TK-73992 Treated Wash Water Storage Tank is currently bypassed. Minimum wash water flow = 1500bpd (3% of condensate feed rate). Maximum flow: 2500bpd (5%). Supplied by the city at 79029-80psig. Two wash water pumps (operationally set such that PM- 122A feeds Splitter 1 and PM-77069B feeds Splitter 2). Wash water pumps discharge at 184psig. 144psig upon entering desalter. Water is at ambient temperature (estimated high = 85F). 1hr residence time in storage tank. EX-87095A/B/C: - Shell MAWP = 305 psig @ 290 degF
Node 38536,Wash Water System,99-DWG-4352,TK-73992,Treated Wash Water Storage Tank,From 41268 Desalter Project PHA. TK-73992 Treated Wash Water Storage Tank is currently bypassed. Minimum wash water flow = 1500bpd (3% of condensate feed rate). Maximum flow: 2500bpd (5%). Supplied by the city at 79029-80psig. Two wash water pumps (operationally set such that PM- 122A feeds Splitter 1 and PM-77069B feeds Splitter 2). Wash water pumps discharge at 184psig. 144psig upon entering desalter. Water is at ambient temperature (estimated high = 85F). 1hr residence time in storage tank. EX-87095A/B/C: - Shell MAWP = 305 psig @ 290 degF
Node 38536,Wash Water System,99-DWG-4352,PM-77069A/B,Desalter Wash Water Pump,From 41268 Desalter Project PHA. TK-73992 Treated Wash Water Storage Tank is currently bypassed. Minimum wash water flow = 1500bpd (3% of condensate feed rate). Maximum flow: 2500bpd (5%). Supplied by the city at 79029-80psig. Two wash water pumps (operationally set such that PM- 122A feeds Splitter 1 and PM-77069B feeds Splitter 2). Wash water pumps discharge at 184psig. 144psig upon entering desalter. Water is at ambient temperature (estimated high = 85F). 1hr residence time in storage tank. EX-87095A/B/C: - Shell MAWP = 305 psig @ 290 degF
Node 38536,Wash Water System,99-DWG-8622,AF-75469,Desalter Waste Water Cooler,From 41268 Desalter Project PHA. TK-73992 Treated Wash Water Storage Tank is currently bypassed. Minimum wash water flow = 1500bpd (3% of condensate feed rate). Maximum flow: 2500bpd (5%). Supplied by the city at 79029-80psig. Two wash water pumps (operationally set such that PM- 122A feeds Splitter 1 and PM-77069B feeds Splitter 2). Wash water pumps discharge at 184psig. 144psig upon entering desalter. Water is at ambient temperature (estimated high = 85F). 1hr residence time in storage tank. EX-87095A/B/C: - Shell MAWP = 305 psig @ 290 degF
Node 38536,Wash Water System,99-DWG-8622,AF-99938,Desalter Waste Water Cooler,From 41268 Desalter Project PHA. TK-73992 Treated Wash Water Storage Tank is currently bypassed. Minimum wash water flow = 1500bpd (3% of condensate feed rate). Maximum flow: 2500bpd (5%). Supplied by the city at 79029-80psig. Two wash water pumps (operationally set such that PM- 122A feeds Splitter 1 and PM-77069B feeds Splitter 2). Wash water pumps discharge at 184psig. 144psig upon entering desalter. Water is at ambient temperature (estimated high = 85F). 1hr residence time in storage tank. EX-87095A/B/C: - Shell MAWP = 305 psig @ 290 degF
Node 38536,Wash Water System,99-DWG-3445,TK-60820,Sodium Bi-Sulfite Storage Tank,From 41268 Desalter Project PHA. TK-73992 Treated Wash Water Storage Tank is currently bypassed. Minimum wash water flow = 1500bpd (3% of condensate feed rate). Maximum flow: 2500bpd (5%). Supplied by the city at 79029-80psig. Two wash water pumps (operationally set such that PM- 122A feeds Splitter 1 and PM-77069B feeds Splitter 2). Wash water pumps discharge at 184psig. 144psig upon entering desalter. Water is at ambient temperature (estimated high = 85F). 1hr residence time in storage tank. EX-87095A/B/C: - Shell MAWP = 305 psig @ 290 degF
Node 38536,Wash Water System,99-DWG-3445,PM-78021A/B,Brine Transfer Pumps,From 41268 Desalter Project PHA. TK-73992 Treated Wash Water Storage Tank is currently bypassed. Minimum wash water flow = 1500bpd (3% of condensate feed rate). Maximum flow: 2500bpd (5%). Supplied by the city at 79029-80psig. Two wash water pumps (operationally set such that PM- 122A feeds Splitter 1 and PM-77069B feeds Splitter 2). Wash water pumps discharge at 184psig. 144psig upon entering desalter. Water is at ambient temperature (estimated high = 85F). 1hr residence time in storage tank. EX-87095A/B/C: - Shell MAWP = 305 psig @ 290 degF
Node 38536,Wash Water System,99-DWG-3445,PM-94850,Sodium Bi-Sulfite Metering Pump,From 41268 Desalter Project PHA. TK-73992 Treated Wash Water Storage Tank is currently bypassed. Minimum wash water flow = 1500bpd (3% of condensate feed rate). Maximum flow: 2500bpd (5%). Supplied by the city at 79029-80psig. Two wash water pumps (operationally set such that PM- 122A feeds Splitter 1 and PM-77069B feeds Splitter 2). Wash water pumps discharge at 184psig. 144psig upon entering desalter. Water is at ambient temperature (estimated high = 85F). 1hr residence time in storage tank. EX-87095A/B/C: - Shell MAWP = 305 psig @ 290 degF
Node 38536,Wash Water System,99-DWG-3445,TK-17647,Salt/Brine Storage Tank,From 41268 Desalter Project PHA. TK-73992 Treated Wash Water Storage Tank is currently bypassed. Minimum wash water flow = 1500bpd (3% of condensate feed rate). Maximum flow: 2500bpd (5%). Supplied by the city at 79029-80psig. Two wash water pumps (operationally set such that PM- 122A feeds Splitter 1 and PM-77069B feeds Splitter 2). Wash water pumps discharge at 184psig. 144psig upon entering desalter. Water is at ambient temperature (estimated high = 85F). 1hr residence time in storage tank. EX-87095A/B/C: - Shell MAWP = 305 psig @ 290 degF
Node 38536,Wash Water System,99-DWG-1017,D-33219A/B/C,Desalter Transformer,From 41268 Desalter Project PHA. TK-73992 Treated Wash Water Storage Tank is currently bypassed. Minimum wash water flow = 1500bpd (3% of condensate feed rate). Maximum flow: 2500bpd (5%). Supplied by the city at 79029-80psig. Two wash water pumps (operationally set such that PM- 122A feeds Splitter 1 and PM-77069B feeds Splitter 2). Wash water pumps discharge at 184psig. 144psig upon entering desalter. Water is at ambient temperature (estimated high = 85F). 1hr residence time in storage tank. EX-87095A/B/C: - Shell MAWP = 305 psig @ 290 degF
Node 38536,Wash Water System,99-DWG-1017,D-33219,Condensate Desalter,From 41268 Desalter Project PHA. TK-73992 Treated Wash Water Storage Tank is currently bypassed. Minimum wash water flow = 1500bpd (3% of condensate feed rate). Maximum flow: 2500bpd (5%). Supplied by the city at 79029-80psig. Two wash water pumps (operationally set such that PM- 122A feeds Splitter 1 and PM-77069B feeds Splitter 2). Wash water pumps discharge at 184psig. 144psig upon entering desalter. Water is at ambient temperature (estimated high = 85F). 1hr residence time in storage tank. EX-87095A/B/C: - Shell MAWP = 305 psig @ 290 degF
Node 23650,Waste Water,99-DWG-9283,TK-56446,Contact Water Sump,From 41268 Desalter Project PHA. Minimum water flow = 1500bpd (3% of condensate feed rate). Maximum flow: 2500bpd (5%). Steady state. Exits desalter at approximately 144psig. Water exits desalter at 210F (234F max). Water removal controlled by level of desalter. EX-87095A/B/C: - Shell MAWP = 305 psig @ 290 degF - Tube MAWP = 305 psig @ 290 degF - Duty = 2.5 MMBTU/Hr AF-75469/209: - Design = 305 psig MAWP @ 290 degF - Design Duty = 4 MMBTU/Hr
Node 23650,Waste Water,99-DWG-9283,PM-48584A/B,Contact Water Sump Pumps,From 41268 Desalter Project PHA. Minimum water flow = 1500bpd (3% of condensate feed rate). Maximum flow: 2500bpd (5%). Steady state. Exits desalter at approximately 144psig. Water exits desalter at 210F (234F max). Water removal controlled by level of desalter. EX-87095A/B/C: - Shell MAWP = 305 psig @ 290 degF - Tube MAWP = 305 psig @ 290 degF - Duty = 2.5 MMBTU/Hr AF-75469/209: - Design = 305 psig MAWP @ 290 degF - Design Duty = 4 MMBTU/Hr
Node 23650,Waste Water,99-DWG-4394,DT-81314A/B/C,Desalter Transformer,From 41268 Desalter Project PHA. Minimum water flow = 1500bpd (3% of condensate feed rate). Maximum flow: 2500bpd (5%). Steady state. Exits desalter at approximately 144psig. Water exits desalter at 210F (234F max). Water removal controlled by level of desalter. EX-87095A/B/C: - Shell MAWP = 305 psig @ 290 degF - Tube MAWP = 305 psig @ 290 degF - Duty = 2.5 MMBTU/Hr AF-75469/209: - Design = 305 psig MAWP @ 290 degF - Design Duty = 4 MMBTU/Hr
Node 23650,Waste Water,99-DWG-4394,D-81314,Condensate Desalter,From 41268 Desalter Project PHA. Minimum water flow = 1500bpd (3% of condensate feed rate). Maximum flow: 2500bpd (5%). Steady state. Exits desalter at approximately 144psig. Water exits desalter at 210F (234F max). Water removal controlled by level of desalter. EX-87095A/B/C: - Shell MAWP = 305 psig @ 290 degF - Tube MAWP = 305 psig @ 290 degF - Duty = 2.5 MMBTU/Hr AF-75469/209: - Design = 305 psig MAWP @ 290 degF - Design Duty = 4 MMBTU/Hr
Node 23650,Waste Water,99-DWG-1245,EX-87095A/B/C,Wash Water to Desalter Waste Water Preheater,- Shell MAWP = 305 psig @ 290 degF - Tube MAWP = 305 psig @ 290 degF - Duty = 2.5 MMBTU/Hr
Node 23650,Waste Water,99-DWG-8622,AF-75469,Desalter Waste Water Cooler,- Design = 305 psig MAWP @ 290 degF - Design Duty = 4 MMBTU/Hr
Node 23650,Waste Water,99-DWG-8622,AF-99938,Desalter Waste Water Cooler,From 41268 Desalter Project PHA. Minimum water flow = 1500bpd (3% of condensate feed rate). Maximum flow: 2500bpd (5%). Steady state. Exits desalter at approximately 144psig. Water exits desalter at 210F (234F max). Water removal controlled by level of desalter. EX-87095A/B/C: - Shell MAWP = 305 psig @ 290 degF - Tube MAWP = 305 psig @ 290 degF - Duty = 2.5 MMBTU/Hr AF-75469/209: - Design = 305 psig MAWP @ 290 degF - Design Duty = 4 MMBTU/Hr
Node 23650,Waste Water,99-DWG-1017,D-33219A/B/C,Desalter Transformer,From 41268 Desalter Project PHA. Minimum water flow = 1500bpd (3% of condensate feed rate). Maximum flow: 2500bpd (5%). Steady state. Exits desalter at approximately 144psig. Water exits desalter at 210F (234F max). Water removal controlled by level of desalter. EX-87095A/B/C: - Shell MAWP = 305 psig @ 290 degF - Tube MAWP = 305 psig @ 290 degF - Duty = 2.5 MMBTU/Hr AF-75469/209: - Design = 305 psig MAWP @ 290 degF - Design Duty = 4 MMBTU/Hr
Node 23650,Waste Water,99-DWG-1017,D-33219,Condensate Desalter,From 41268 Desalter Project PHA. Minimum water flow = 1500bpd (3% of condensate feed rate). Maximum flow: 2500bpd (5%). Steady state. Exits desalter at approximately 144psig. Water exits desalter at 210F (234F max). Water removal controlled by level of desalter. EX-87095A/B/C: - Shell MAWP = 305 psig @ 290 degF - Tube MAWP = 305 psig @ 290 degF - Duty = 2.5 MMBTU/Hr AF-75469/209: - Design = 305 psig MAWP @ 290 degF - Design Duty = 4 MMBTU/Hr
Node 72045,Mud Wash,99-DWG-4394,DT-81314A/B/C,Desalter Transformer,"From 41268 Desalter Project PHA. Currently PM-35808A is not running due to misalignment issues. Only PM-35808B/C running. Occasionally operated to disturb the waste water in the desalters to suspend sediment. 2 pumps in parallel. One pump for each desalter under normal operations (capability to use either pump for either desalter). Flow: maximum = 125gpm. Normal operation is for 79029- 100gpm. Feed to pumps is 144psig. All valves in line are normally open except the desalter 1 and 2 isolation valves. 30 minutes per wash. Does not interrupt normal operations. Mud wash header in bottom of desalter. Approximate dP = 25psi (169psig total). Planned operation is daily. PM-35808A/B/C: - Design = 50 GPM, 10 HP, 3500 RPM - Temp = 210 degF @ 84 psi deltaP"
Node 72045,Mud Wash,99-DWG-4394,D-81314,Condensate Desalter,"From 41268 Desalter Project PHA. Currently PM-35808A is not running due to misalignment issues. Only PM-35808B/C running. Occasionally operated to disturb the waste water in the desalters to suspend sediment. 2 pumps in parallel. One pump for each desalter under normal operations (capability to use either pump for either desalter). Flow: maximum = 125gpm. Normal operation is for 79029- 100gpm. Feed to pumps is 144psig. All valves in line are normally open except the desalter 1 and 2 isolation valves. 30 minutes per wash. Does not interrupt normal operations. Mud wash header in bottom of desalter. Approximate dP = 25psi (169psig total). Planned operation is daily. PM-35808A/B/C: - Design = 50 GPM, 10 HP, 3500 RPM - Temp = 210 degF @ 84 psi deltaP"
Node 72045,Mud Wash,40-PI-34747A,PM-35808A/B/C,Desalter Mud Wash Pumps,"- Design = 50 GPM, 10 HP, 3500 RPM - Temp = 210 degF @ 84 psi deltaP"
Node 72045,Mud Wash,99-DWG-1017,D-33219A/B/C,Desalter Transformer,"From 41268 Desalter Project PHA. Currently PM-35808A is not running due to misalignment issues. Only PM-35808B/C running. Occasionally operated to disturb the waste water in the desalters to suspend sediment. 2 pumps in parallel. One pump for each desalter under normal operations (capability to use either pump for either desalter). Flow: maximum = 125gpm. Normal operation is for 79029- 100gpm. Feed to pumps is 144psig. All valves in line are normally open except the desalter 1 and 2 isolation valves. 30 minutes per wash. Does not interrupt normal operations. Mud wash header in bottom of desalter. Approximate dP = 25psi (169psig total). Planned operation is daily. PM-35808A/B/C: - Design = 50 GPM, 10 HP, 3500 RPM - Temp = 210 degF @ 84 psi deltaP"
Node 72045,Mud Wash,99-DWG-1017,D-33219,Condensate Desalter,"From 41268 Desalter Project PHA. Currently PM-35808A is not running due to misalignment issues. Only PM-35808B/C running. Occasionally operated to disturb the waste water in the desalters to suspend sediment. 2 pumps in parallel. One pump for each desalter under normal operations (capability to use either pump for either desalter). Flow: maximum = 125gpm. Normal operation is for 79029- 100gpm. Feed to pumps is 144psig. All valves in line are normally open except the desalter 1 and 2 isolation valves. 30 minutes per wash. Does not interrupt normal operations. Mud wash header in bottom of desalter. Approximate dP = 25psi (169psig total). Planned operation is daily. PM-35808A/B/C: - Design = 50 GPM, 10 HP, 3500 RPM - Temp = 210 degF @ 84 psi deltaP"
Node 86554,Naphtha Rundown/ Recirculation Chiller and Light Virgin Naphtha Tanks TK-24946- 24/25,99-DWG-2929,TK-97415-3,Tank - 9000 Area Feedstock,"From 25134 Tank Farm Project PHA This node includes the naphtha rundown chiller from Splitter 1 and/or 2 to Light Virgin Naphtha (LVN) Tanks TK-24946-24 or TK-24946- 25. Also includes recirculation chiller which will cool the naphtha contents of Light Naphtha Tank TK-24946-24 or TK-24946-25 by recirculation through the chiller by Recirculation Pump P- 6. Normal operation may include one or two LVN tanks. Under one LVN tank operation the rundown and recirculation cooler operate on the same tank, under two tank operation, rundown and recirculation may be on the same tank or on opposite tanks. The chillers are mainly used in the summer season. The tanks' target temperature is set based on analysis of the tanks' Reid vapor pressure (RVP) and a calculation of the true vapor pressure (TVP) of the tank. Current operation is to rundown into one of two tanks and recirculate/ discharge from the other tank. Naphtha is transferred from TK-24946- 24/25 and TK-61869-15 via Naphtha Cargo Pumps P-2A/B and 38095"" pipeline to Galena Park Terminal ground or water shipping area."
Node 86554,Naphtha Rundown/ Recirculation Chiller and Light Virgin Naphtha Tanks TK-24946- 24/25,99-DWG-2929,MIX-74045,Mixer - 9000 Area Feedstock Tank,"From 25134 Tank Farm Project PHA This node includes the naphtha rundown chiller from Splitter 1 and/or 2 to Light Virgin Naphtha (LVN) Tanks TK-24946-24 or TK-24946- 25. Also includes recirculation chiller which will cool the naphtha contents of Light Naphtha Tank TK-24946-24 or TK-24946-25 by recirculation through the chiller by Recirculation Pump P- 6. Normal operation may include one or two LVN tanks. Under one LVN tank operation the rundown and recirculation cooler operate on the same tank, under two tank operation, rundown and recirculation may be on the same tank or on opposite tanks. The chillers are mainly used in the summer season. The tanks' target temperature is set based on analysis of the tanks' Reid vapor pressure (RVP) and a calculation of the true vapor pressure (TVP) of the tank. Current operation is to rundown into one of two tanks and recirculate/ discharge from the other tank. Naphtha is transferred from TK-24946- 24/25 and TK-61869-15 via Naphtha Cargo Pumps P-2A/B and 38095"" pipeline to Galena Park Terminal ground or water shipping area."
Node 86554,Naphtha Rundown/ Recirculation Chiller and Light Virgin Naphtha Tanks TK-24946- 24/25,99-DWG-4009,P-6,Pump - 9000 Area Naphtha,"From 25134 Tank Farm Project PHA This node includes the naphtha rundown chiller from Splitter 1 and/or 2 to Light Virgin Naphtha (LVN) Tanks TK-24946-24 or TK-24946- 25. Also includes recirculation chiller which will cool the naphtha contents of Light Naphtha Tank TK-24946-24 or TK-24946-25 by recirculation through the chiller by Recirculation Pump P- 6. Normal operation may include one or two LVN tanks. Under one LVN tank operation the rundown and recirculation cooler operate on the same tank, under two tank operation, rundown and recirculation may be on the same tank or on opposite tanks. The chillers are mainly used in the summer season. The tanks' target temperature is set based on analysis of the tanks' Reid vapor pressure (RVP) and a calculation of the true vapor pressure (TVP) of the tank. Current operation is to rundown into one of two tanks and recirculate/ discharge from the other tank. Naphtha is transferred from TK-24946- 24/25 and TK-61869-15 via Naphtha Cargo Pumps P-2A/B and 38095"" pipeline to Galena Park Terminal ground or water shipping area."
Node 86554,Naphtha Rundown/ Recirculation Chiller and Light Virgin Naphtha Tanks TK-24946- 24/25,99-DWG-1293,P-2A/B,Pumps - 9000 Area Naphtha,"From 25134 Tank Farm Project PHA This node includes the naphtha rundown chiller from Splitter 1 and/or 2 to Light Virgin Naphtha (LVN) Tanks TK-24946-24 or TK-24946- 25. Also includes recirculation chiller which will cool the naphtha contents of Light Naphtha Tank TK-24946-24 or TK-24946-25 by recirculation through the chiller by Recirculation Pump P- 6. Normal operation may include one or two LVN tanks. Under one LVN tank operation the rundown and recirculation cooler operate on the same tank, under two tank operation, rundown and recirculation may be on the same tank or on opposite tanks. The chillers are mainly used in the summer season. The tanks' target temperature is set based on analysis of the tanks' Reid vapor pressure (RVP) and a calculation of the true vapor pressure (TVP) of the tank. Current operation is to rundown into one of two tanks and recirculate/ discharge from the other tank. Naphtha is transferred from TK-24946- 24/25 and TK-61869-15 via Naphtha Cargo Pumps P-2A/B and 38095"" pipeline to Galena Park Terminal ground or water shipping area."
Node 86554,Naphtha Rundown/ Recirculation Chiller and Light Virgin Naphtha Tanks TK-24946- 24/25,99-DWG-4133,TK-61869-15,Tank - 9000 Area Naphtha Heavy,"From 25134 Tank Farm Project PHA This node includes the naphtha rundown chiller from Splitter 1 and/or 2 to Light Virgin Naphtha (LVN) Tanks TK-24946-24 or TK-24946- 25. Also includes recirculation chiller which will cool the naphtha contents of Light Naphtha Tank TK-24946-24 or TK-24946-25 by recirculation through the chiller by Recirculation Pump P- 6. Normal operation may include one or two LVN tanks. Under one LVN tank operation the rundown and recirculation cooler operate on the same tank, under two tank operation, rundown and recirculation may be on the same tank or on opposite tanks. The chillers are mainly used in the summer season. The tanks' target temperature is set based on analysis of the tanks' Reid vapor pressure (RVP) and a calculation of the true vapor pressure (TVP) of the tank. Current operation is to rundown into one of two tanks and recirculate/ discharge from the other tank. Naphtha is transferred from TK-24946- 24/25 and TK-61869-15 via Naphtha Cargo Pumps P-2A/B and 38095"" pipeline to Galena Park Terminal ground or water shipping area."
Node 86554,Naphtha Rundown/ Recirculation Chiller and Light Virgin Naphtha Tanks TK-24946- 24/25,99-DWG-4133,MIX-85424,Mixer - 9000 Area Naphtha Heavy Tank,"From 25134 Tank Farm Project PHA This node includes the naphtha rundown chiller from Splitter 1 and/or 2 to Light Virgin Naphtha (LVN) Tanks TK-24946-24 or TK-24946- 25. Also includes recirculation chiller which will cool the naphtha contents of Light Naphtha Tank TK-24946-24 or TK-24946-25 by recirculation through the chiller by Recirculation Pump P- 6. Normal operation may include one or two LVN tanks. Under one LVN tank operation the rundown and recirculation cooler operate on the same tank, under two tank operation, rundown and recirculation may be on the same tank or on opposite tanks. The chillers are mainly used in the summer season. The tanks' target temperature is set based on analysis of the tanks' Reid vapor pressure (RVP) and a calculation of the true vapor pressure (TVP) of the tank. Current operation is to rundown into one of two tanks and recirculate/ discharge from the other tank. Naphtha is transferred from TK-24946- 24/25 and TK-61869-15 via Naphtha Cargo Pumps P-2A/B and 38095"" pipeline to Galena Park Terminal ground or water shipping area."
Node 86554,Naphtha Rundown/ Recirculation Chiller and Light Virgin Naphtha Tanks TK-24946- 24/25,99-DWG-9878,MIX-75103,Mixer - 9000 Naphtha Light Tank,"From 25134 Tank Farm Project PHA This node includes the naphtha rundown chiller from Splitter 1 and/or 2 to Light Virgin Naphtha (LVN) Tanks TK-24946-24 or TK-24946- 25. Also includes recirculation chiller which will cool the naphtha contents of Light Naphtha Tank TK-24946-24 or TK-24946-25 by recirculation through the chiller by Recirculation Pump P- 6. Normal operation may include one or two LVN tanks. Under one LVN tank operation the rundown and recirculation cooler operate on the same tank, under two tank operation, rundown and recirculation may be on the same tank or on opposite tanks. The chillers are mainly used in the summer season. The tanks' target temperature is set based on analysis of the tanks' Reid vapor pressure (RVP) and a calculation of the true vapor pressure (TVP) of the tank. Current operation is to rundown into one of two tanks and recirculate/ discharge from the other tank. Naphtha is transferred from TK-24946- 24/25 and TK-61869-15 via Naphtha Cargo Pumps P-2A/B and 38095"" pipeline to Galena Park Terminal ground or water shipping area."
Node 86554,Naphtha Rundown/ Recirculation Chiller and Light Virgin Naphtha Tanks TK-24946- 24/25,99-DWG-9878,TK-24946-24,9000 Naphtha Light Tank,"From 25134 Tank Farm Project PHA This node includes the naphtha rundown chiller from Splitter 1 and/or 2 to Light Virgin Naphtha (LVN) Tanks TK-24946-24 or TK-24946- 25. Also includes recirculation chiller which will cool the naphtha contents of Light Naphtha Tank TK-24946-24 or TK-24946-25 by recirculation through the chiller by Recirculation Pump P- 6. Normal operation may include one or two LVN tanks. Under one LVN tank operation the rundown and recirculation cooler operate on the same tank, under two tank operation, rundown and recirculation may be on the same tank or on opposite tanks. The chillers are mainly used in the summer season. The tanks' target temperature is set based on analysis of the tanks' Reid vapor pressure (RVP) and a calculation of the true vapor pressure (TVP) of the tank. Current operation is to rundown into one of two tanks and recirculate/ discharge from the other tank. Naphtha is transferred from TK-24946- 24/25 and TK-61869-15 via Naphtha Cargo Pumps P-2A/B and 38095"" pipeline to Galena Park Terminal ground or water shipping area."
Node 86554,Naphtha Rundown/ Recirculation Chiller and Light Virgin Naphtha Tanks TK-24946- 24/25,99-DWG-6333,MIX-58680,Mixer - Naphtha Heavy/Light Tank,"From 25134 Tank Farm Project PHA This node includes the naphtha rundown chiller from Splitter 1 and/or 2 to Light Virgin Naphtha (LVN) Tanks TK-24946-24 or TK-24946- 25. Also includes recirculation chiller which will cool the naphtha contents of Light Naphtha Tank TK-24946-24 or TK-24946-25 by recirculation through the chiller by Recirculation Pump P- 6. Normal operation may include one or two LVN tanks. Under one LVN tank operation the rundown and recirculation cooler operate on the same tank, under two tank operation, rundown and recirculation may be on the same tank or on opposite tanks. The chillers are mainly used in the summer season. The tanks' target temperature is set based on analysis of the tanks' Reid vapor pressure (RVP) and a calculation of the true vapor pressure (TVP) of the tank. Current operation is to rundown into one of two tanks and recirculate/ discharge from the other tank. Naphtha is transferred from TK-24946- 24/25 and TK-61869-15 via Naphtha Cargo Pumps P-2A/B and 38095"" pipeline to Galena Park Terminal ground or water shipping area."
Node 86554,Naphtha Rundown/ Recirculation Chiller and Light Virgin Naphtha Tanks TK-24946- 24/25,99-DWG-6333,TK-24946-25,Naphtha Heavy/Light Tank,"From 25134 Tank Farm Project PHA This node includes the naphtha rundown chiller from Splitter 1 and/or 2 to Light Virgin Naphtha (LVN) Tanks TK-24946-24 or TK-24946- 25. Also includes recirculation chiller which will cool the naphtha contents of Light Naphtha Tank TK-24946-24 or TK-24946-25 by recirculation through the chiller by Recirculation Pump P- 6. Normal operation may include one or two LVN tanks. Under one LVN tank operation the rundown and recirculation cooler operate on the same tank, under two tank operation, rundown and recirculation may be on the same tank or on opposite tanks. The chillers are mainly used in the summer season. The tanks' target temperature is set based on analysis of the tanks' Reid vapor pressure (RVP) and a calculation of the true vapor pressure (TVP) of the tank. Current operation is to rundown into one of two tanks and recirculate/ discharge from the other tank. Naphtha is transferred from TK-24946- 24/25 and TK-61869-15 via Naphtha Cargo Pumps P-2A/B and 38095"" pipeline to Galena Park Terminal ground or water shipping area."
Node 18556,Heavy Virgin Naphtha Tanks TK-61869-15 and TK-24946-25,99-DWG-1293,P-2A/B,Pumps - 9000 Area Naphtha,
Node 18556,Heavy Virgin Naphtha Tanks TK-61869-15 and TK-24946-25,99-DWG-4133,TK-61869-15,Tank - 9000 Area Naphtha Heavy,
Node 18556,Heavy Virgin Naphtha Tanks TK-61869-15 and TK-24946-25,99-DWG-4133,MIX-85424,Mixer - 9000 Area Naphtha Heavy Tank,
Node 18556,Heavy Virgin Naphtha Tanks TK-61869-15 and TK-24946-25,99-DWG-6333,MIX-58680,Mixer - Naphtha Heavy/Light Tank,
Node 18556,Heavy Virgin Naphtha Tanks TK-61869-15 and TK-24946-25,99-DWG-6333,TK-24946-25,Naphtha Heavy/Light Tank,
Node 89696,Kero Tanks 100-20/ 100-11/ 150-10 and Recirc Filters/ Pumps,99-DWG-9830,TK-85935-10,Tank - 9000 Area Kerosene,"- Capacity = 150,165 BBl - Design = Atm @ 200 degF - MDMT = 30 degF"
Node 89696,Kero Tanks 100-20/ 100-11/ 150-10 and Recirc Filters/ Pumps,99-DWG-9830,MIX-16573,Mixer - 9000 Area Kerosene Tank,"From 25134 Tank Farm Project PHA This node includes the kero rundown from Splitter 1 and/or 2 through the Kero Filters FLT-52650/ 12A/B/C/ 13A/B or FLT-89561/ 22A/B/C/ 23A/B to Kero Tanks TK- 100-20/100-11 and TK-85935-10. Normal operation is three kero tanks and rundown through the filters. Kero can be transferred between Kero Tanks or through Kero Filters via Recirculation Pump P-4 or through Kero Transfer Pumps P- 1A/B to 38095"" pipeline to Galena Park Terminal ground or water shipping area. TK-85935-10: - Capacity = 150,165 BBl - Design = Atm @ 200 degF - MDMT = 30 degF TK-61869-11: - Capacity = 100,000 BBl - Design = Atm @ 200 degF - MDMT = 30 degF"
Node 89696,Kero Tanks 100-20/ 100-11/ 150-10 and Recirc Filters/ Pumps,99-DWG-8453,TK-61869-11,Tank - 9000 Area Kerosene,"- Capacity = 100,000 BBl - Design = Atm @ 200 degF - MDMT = 30 degF"
Node 89696,Kero Tanks 100-20/ 100-11/ 150-10 and Recirc Filters/ Pumps,99-DWG-8453,MIX-44612,Mixer - 9000 Area Kerosene Tank,"From 25134 Tank Farm Project PHA This node includes the kero rundown from Splitter 1 and/or 2 through the Kero Filters FLT-52650/ 12A/B/C/ 13A/B or FLT-89561/ 22A/B/C/ 23A/B to Kero Tanks TK- 100-20/100-11 and TK-85935-10. Normal operation is three kero tanks and rundown through the filters. Kero can be transferred between Kero Tanks or through Kero Filters via Recirculation Pump P-4 or through Kero Transfer Pumps P- 1A/B to 38095"" pipeline to Galena Park Terminal ground or water shipping area. TK-85935-10: - Capacity = 150,165 BBl - Design = Atm @ 200 degF - MDMT = 30 degF TK-61869-11: - Capacity = 100,000 BBl - Design = Atm @ 200 degF - MDMT = 30 degF"
Node 89696,Kero Tanks 100-20/ 100-11/ 150-10 and Recirc Filters/ Pumps,99-DWG-5784,TK-61869-12,Tank - 9000 Area Kerosene,"From 25134 Tank Farm Project PHA This node includes the kero rundown from Splitter 1 and/or 2 through the Kero Filters FLT-52650/ 12A/B/C/ 13A/B or FLT-89561/ 22A/B/C/ 23A/B to Kero Tanks TK- 100-20/100-11 and TK-85935-10. Normal operation is three kero tanks and rundown through the filters. Kero can be transferred between Kero Tanks or through Kero Filters via Recirculation Pump P-4 or through Kero Transfer Pumps P- 1A/B to 38095"" pipeline to Galena Park Terminal ground or water shipping area. TK-85935-10: - Capacity = 150,165 BBl - Design = Atm @ 200 degF - MDMT = 30 degF TK-61869-11: - Capacity = 100,000 BBl - Design = Atm @ 200 degF - MDMT = 30 degF"
Node 89696,Kero Tanks 100-20/ 100-11/ 150-10 and Recirc Filters/ Pumps,99-DWG-5784,MIX-56959,Mixer - 9000 Area Kerosene Tank,"From 25134 Tank Farm Project PHA This node includes the kero rundown from Splitter 1 and/or 2 through the Kero Filters FLT-52650/ 12A/B/C/ 13A/B or FLT-89561/ 22A/B/C/ 23A/B to Kero Tanks TK- 100-20/100-11 and TK-85935-10. Normal operation is three kero tanks and rundown through the filters. Kero can be transferred between Kero Tanks or through Kero Filters via Recirculation Pump P-4 or through Kero Transfer Pumps P- 1A/B to 38095"" pipeline to Galena Park Terminal ground or water shipping area. TK-85935-10: - Capacity = 150,165 BBl - Design = Atm @ 200 degF - MDMT = 30 degF TK-61869-11: - Capacity = 100,000 BBl - Design = Atm @ 200 degF - MDMT = 30 degF"
Node 89696,Kero Tanks 100-20/ 100-11/ 150-10 and Recirc Filters/ Pumps,99-DWG-7294,P-1A/B,Pumps - 9000 Area Kerosene / Diesel,"From 25134 Tank Farm Project PHA This node includes the kero rundown from Splitter 1 and/or 2 through the Kero Filters FLT-52650/ 12A/B/C/ 13A/B or FLT-89561/ 22A/B/C/ 23A/B to Kero Tanks TK- 100-20/100-11 and TK-85935-10. Normal operation is three kero tanks and rundown through the filters. Kero can be transferred between Kero Tanks or through Kero Filters via Recirculation Pump P-4 or through Kero Transfer Pumps P- 1A/B to 38095"" pipeline to Galena Park Terminal ground or water shipping area. TK-85935-10: - Capacity = 150,165 BBl - Design = Atm @ 200 degF - MDMT = 30 degF TK-61869-11: - Capacity = 100,000 BBl - Design = Atm @ 200 degF - MDMT = 30 degF"
Node 89696,Kero Tanks 100-20/ 100-11/ 150-10 and Recirc Filters/ Pumps,99-DWG-3311,MIX-37542,Mixer - 9000 Area Diesel Tank,"From 25134 Tank Farm Project PHA This node includes the kero rundown from Splitter 1 and/or 2 through the Kero Filters FLT-52650/ 12A/B/C/ 13A/B or FLT-89561/ 22A/B/C/ 23A/B to Kero Tanks TK- 100-20/100-11 and TK-85935-10. Normal operation is three kero tanks and rundown through the filters. Kero can be transferred between Kero Tanks or through Kero Filters via Recirculation Pump P-4 or through Kero Transfer Pumps P- 1A/B to 38095"" pipeline to Galena Park Terminal ground or water shipping area. TK-85935-10: - Capacity = 150,165 BBl - Design = Atm @ 200 degF - MDMT = 30 degF TK-61869-11: - Capacity = 100,000 BBl - Design = Atm @ 200 degF - MDMT = 30 degF"
Node 89696,Kero Tanks 100-20/ 100-11/ 150-10 and Recirc Filters/ Pumps,99-DWG-3311,TK-61869-20,Tank - 9000 Area Diesel,"From 25134 Tank Farm Project PHA This node includes the kero rundown from Splitter 1 and/or 2 through the Kero Filters FLT-52650/ 12A/B/C/ 13A/B or FLT-89561/ 22A/B/C/ 23A/B to Kero Tanks TK- 100-20/100-11 and TK-85935-10. Normal operation is three kero tanks and rundown through the filters. Kero can be transferred between Kero Tanks or through Kero Filters via Recirculation Pump P-4 or through Kero Transfer Pumps P- 1A/B to 38095"" pipeline to Galena Park Terminal ground or water shipping area. TK-85935-10: - Capacity = 150,165 BBl - Design = Atm @ 200 degF - MDMT = 30 degF TK-61869-11: - Capacity = 100,000 BBl - Design = Atm @ 200 degF - MDMT = 30 degF"
Node 89696,Kero Tanks 100-20/ 100-11/ 150-10 and Recirc Filters/ Pumps,99-DWG-1209,P-4,Kerosene/Diesel Cargo Pump,"From 25134 Tank Farm Project PHA This node includes the kero rundown from Splitter 1 and/or 2 through the Kero Filters FLT-52650/ 12A/B/C/ 13A/B or FLT-89561/ 22A/B/C/ 23A/B to Kero Tanks TK- 100-20/100-11 and TK-85935-10. Normal operation is three kero tanks and rundown through the filters. Kero can be transferred between Kero Tanks or through Kero Filters via Recirculation Pump P-4 or through Kero Transfer Pumps P- 1A/B to 38095"" pipeline to Galena Park Terminal ground or water shipping area. TK-85935-10: - Capacity = 150,165 BBl - Design = Atm @ 200 degF - MDMT = 30 degF TK-61869-11: - Capacity = 100,000 BBl - Design = Atm @ 200 degF - MDMT = 30 degF"
Node 89696,Kero Tanks 100-20/ 100-11/ 150-10 and Recirc Filters/ Pumps,99-DWG-7350,P-KF,Filter Drain Pump,"From 25134 Tank Farm Project PHA This node includes the kero rundown from Splitter 1 and/or 2 through the Kero Filters FLT-52650/ 12A/B/C/ 13A/B or FLT-89561/ 22A/B/C/ 23A/B to Kero Tanks TK- 100-20/100-11 and TK-85935-10. Normal operation is three kero tanks and rundown through the filters. Kero can be transferred between Kero Tanks or through Kero Filters via Recirculation Pump P-4 or through Kero Transfer Pumps P- 1A/B to 38095"" pipeline to Galena Park Terminal ground or water shipping area. TK-85935-10: - Capacity = 150,165 BBl - Design = Atm @ 200 degF - MDMT = 30 degF TK-61869-11: - Capacity = 100,000 BBl - Design = Atm @ 200 degF - MDMT = 30 degF"
Node 89696,Kero Tanks 100-20/ 100-11/ 150-10 and Recirc Filters/ Pumps,99-DWG-7350,FLT-52650 AND -21,Particulate Filters,"From 25134 Tank Farm Project PHA This node includes the kero rundown from Splitter 1 and/or 2 through the Kero Filters FLT-52650/ 12A/B/C/ 13A/B or FLT-89561/ 22A/B/C/ 23A/B to Kero Tanks TK- 100-20/100-11 and TK-85935-10. Normal operation is three kero tanks and rundown through the filters. Kero can be transferred between Kero Tanks or through Kero Filters via Recirculation Pump P-4 or through Kero Transfer Pumps P- 1A/B to 38095"" pipeline to Galena Park Terminal ground or water shipping area. TK-85935-10: - Capacity = 150,165 BBl - Design = Atm @ 200 degF - MDMT = 30 degF TK-61869-11: - Capacity = 100,000 BBl - Design = Atm @ 200 degF - MDMT = 30 degF"
Node 89696,Kero Tanks 100-20/ 100-11/ 150-10 and Recirc Filters/ Pumps,99-DWG-7350,FLT-38112A/B/C AND - 22A/B/C,"""Clay"" Filters","From 25134 Tank Farm Project PHA This node includes the kero rundown from Splitter 1 and/or 2 through the Kero Filters FLT-52650/ 12A/B/C/ 13A/B or FLT-89561/ 22A/B/C/ 23A/B to Kero Tanks TK- 100-20/100-11 and TK-85935-10. Normal operation is three kero tanks and rundown through the filters. Kero can be transferred between Kero Tanks or through Kero Filters via Recirculation Pump P-4 or through Kero Transfer Pumps P- 1A/B to 38095"" pipeline to Galena Park Terminal ground or water shipping area. TK-85935-10: - Capacity = 150,165 BBl - Design = Atm @ 200 degF - MDMT = 30 degF TK-61869-11: - Capacity = 100,000 BBl - Design = Atm @ 200 degF - MDMT = 30 degF"
Node 89696,Kero Tanks 100-20/ 100-11/ 150-10 and Recirc Filters/ Pumps,99-DWG-7350,FLT-84873A/B AND -23A/B,Coalescing Filters,"From 25134 Tank Farm Project PHA This node includes the kero rundown from Splitter 1 and/or 2 through the Kero Filters FLT-52650/ 12A/B/C/ 13A/B or FLT-89561/ 22A/B/C/ 23A/B to Kero Tanks TK- 100-20/100-11 and TK-85935-10. Normal operation is three kero tanks and rundown through the filters. Kero can be transferred between Kero Tanks or through Kero Filters via Recirculation Pump P-4 or through Kero Transfer Pumps P- 1A/B to 38095"" pipeline to Galena Park Terminal ground or water shipping area. TK-85935-10: - Capacity = 150,165 BBl - Design = Atm @ 200 degF - MDMT = 30 degF TK-61869-11: - Capacity = 100,000 BBl - Design = Atm @ 200 degF - MDMT = 30 degF"
Node 89696,Kero Tanks 100-20/ 100-11/ 150-10 and Recirc Filters/ Pumps,99-DWG-2929,TK-97415-3,Tank - 9000 Area Feedstock,"From 25134 Tank Farm Project PHA This node includes the kero rundown from Splitter 1 and/or 2 through the Kero Filters FLT-52650/ 12A/B/C/ 13A/B or FLT-89561/ 22A/B/C/ 23A/B to Kero Tanks TK- 100-20/100-11 and TK-85935-10. Normal operation is three kero tanks and rundown through the filters. Kero can be transferred between Kero Tanks or through Kero Filters via Recirculation Pump P-4 or through Kero Transfer Pumps P- 1A/B to 38095"" pipeline to Galena Park Terminal ground or water shipping area. TK-85935-10: - Capacity = 150,165 BBl - Design = Atm @ 200 degF - MDMT = 30 degF TK-61869-11: - Capacity = 100,000 BBl - Design = Atm @ 200 degF - MDMT = 30 degF"
Node 89696,Kero Tanks 100-20/ 100-11/ 150-10 and Recirc Filters/ Pumps,99-DWG-2929,MIX-74045,Mixer - 9000 Area Feedstock Tank,"From 25134 Tank Farm Project PHA This node includes the kero rundown from Splitter 1 and/or 2 through the Kero Filters FLT-52650/ 12A/B/C/ 13A/B or FLT-89561/ 22A/B/C/ 23A/B to Kero Tanks TK- 100-20/100-11 and TK-85935-10. Normal operation is three kero tanks and rundown through the filters. Kero can be transferred between Kero Tanks or through Kero Filters via Recirculation Pump P-4 or through Kero Transfer Pumps P- 1A/B to 38095"" pipeline to Galena Park Terminal ground or water shipping area. TK-85935-10: - Capacity = 150,165 BBl - Design = Atm @ 200 degF - MDMT = 30 degF TK-61869-11: - Capacity = 100,000 BBl - Design = Atm @ 200 degF - MDMT = 30 degF"
Node 89696,Kero Tanks 100-20/ 100-11/ 150-10 and Recirc Filters/ Pumps,99-DWG-5377,HTR-30860A/B/C/D,Heaters - 9000 Area AGO/Feedstock,"From 25134 Tank Farm Project PHA This node includes the kero rundown from Splitter 1 and/or 2 through the Kero Filters FLT-52650/ 12A/B/C/ 13A/B or FLT-89561/ 22A/B/C/ 23A/B to Kero Tanks TK- 100-20/100-11 and TK-85935-10. Normal operation is three kero tanks and rundown through the filters. Kero can be transferred between Kero Tanks or through Kero Filters via Recirculation Pump P-4 or through Kero Transfer Pumps P- 1A/B to 38095"" pipeline to Galena Park Terminal ground or water shipping area. TK-85935-10: - Capacity = 150,165 BBl - Design = Atm @ 200 degF - MDMT = 30 degF TK-61869-11: - Capacity = 100,000 BBl - Design = Atm @ 200 degF - MDMT = 30 degF"
Node 89696,Kero Tanks 100-20/ 100-11/ 150-10 and Recirc Filters/ Pumps,99-DWG-5377,TK61869-13,Tank - 9000 Area AGO/Feedstock,"From 25134 Tank Farm Project PHA This node includes the kero rundown from Splitter 1 and/or 2 through the Kero Filters FLT-52650/ 12A/B/C/ 13A/B or FLT-89561/ 22A/B/C/ 23A/B to Kero Tanks TK- 100-20/100-11 and TK-85935-10. Normal operation is three kero tanks and rundown through the filters. Kero can be transferred between Kero Tanks or through Kero Filters via Recirculation Pump P-4 or through Kero Transfer Pumps P- 1A/B to 38095"" pipeline to Galena Park Terminal ground or water shipping area. TK-85935-10: - Capacity = 150,165 BBl - Design = Atm @ 200 degF - MDMT = 30 degF TK-61869-11: - Capacity = 100,000 BBl - Design = Atm @ 200 degF - MDMT = 30 degF"
Node 89696,Kero Tanks 100-20/ 100-11/ 150-10 and Recirc Filters/ Pumps,99-DWG-5377,MIX-30860,Mixer - 9000 Area AGO/Feedstock Tank,"From 25134 Tank Farm Project PHA This node includes the kero rundown from Splitter 1 and/or 2 through the Kero Filters FLT-52650/ 12A/B/C/ 13A/B or FLT-89561/ 22A/B/C/ 23A/B to Kero Tanks TK- 100-20/100-11 and TK-85935-10. Normal operation is three kero tanks and rundown through the filters. Kero can be transferred between Kero Tanks or through Kero Filters via Recirculation Pump P-4 or through Kero Transfer Pumps P- 1A/B to 38095"" pipeline to Galena Park Terminal ground or water shipping area. TK-85935-10: - Capacity = 150,165 BBl - Design = Atm @ 200 degF - MDMT = 30 degF TK-61869-11: - Capacity = 100,000 BBl - Design = Atm @ 200 degF - MDMT = 30 degF"
Node 89696,Kero Tanks 100-20/ 100-11/ 150-10 and Recirc Filters/ Pumps,99-DWG-3095 Redline,P-7,Pump - 9000 Area Feedstock,"From 25134 Tank Farm Project PHA This node includes the kero rundown from Splitter 1 and/or 2 through the Kero Filters FLT-52650/ 12A/B/C/ 13A/B or FLT-89561/ 22A/B/C/ 23A/B to Kero Tanks TK- 100-20/100-11 and TK-85935-10. Normal operation is three kero tanks and rundown through the filters. Kero can be transferred between Kero Tanks or through Kero Filters via Recirculation Pump P-4 or through Kero Transfer Pumps P- 1A/B to 38095"" pipeline to Galena Park Terminal ground or water shipping area. TK-85935-10: - Capacity = 150,165 BBl - Design = Atm @ 200 degF - MDMT = 30 degF TK-61869-11: - Capacity = 100,000 BBl - Design = Atm @ 200 degF - MDMT = 30 degF"
Node 89696,Kero Tanks 100-20/ 100-11/ 150-10 and Recirc Filters/ Pumps,99-DWG-3095 Redline,TK-61869-14,Tank - 9000 Area Feedstock,"From 25134 Tank Farm Project PHA This node includes the kero rundown from Splitter 1 and/or 2 through the Kero Filters FLT-52650/ 12A/B/C/ 13A/B or FLT-89561/ 22A/B/C/ 23A/B to Kero Tanks TK- 100-20/100-11 and TK-85935-10. Normal operation is three kero tanks and rundown through the filters. Kero can be transferred between Kero Tanks or through Kero Filters via Recirculation Pump P-4 or through Kero Transfer Pumps P- 1A/B to 38095"" pipeline to Galena Park Terminal ground or water shipping area. TK-85935-10: - Capacity = 150,165 BBl - Design = Atm @ 200 degF - MDMT = 30 degF TK-61869-11: - Capacity = 100,000 BBl - Design = Atm @ 200 degF - MDMT = 30 degF"
Node 89696,Kero Tanks 100-20/ 100-11/ 150-10 and Recirc Filters/ Pumps,99-DWG-3095 Redline,MIX-40903,Mixer - 9000 Area Feedstock Tank,"From 25134 Tank Farm Project PHA This node includes the kero rundown from Splitter 1 and/or 2 through the Kero Filters FLT-52650/ 12A/B/C/ 13A/B or FLT-89561/ 22A/B/C/ 23A/B to Kero Tanks TK- 100-20/100-11 and TK-85935-10. Normal operation is three kero tanks and rundown through the filters. Kero can be transferred between Kero Tanks or through Kero Filters via Recirculation Pump P-4 or through Kero Transfer Pumps P- 1A/B to 38095"" pipeline to Galena Park Terminal ground or water shipping area. TK-85935-10: - Capacity = 150,165 BBl - Design = Atm @ 200 degF - MDMT = 30 degF TK-61869-11: - Capacity = 100,000 BBl - Design = Atm @ 200 degF - MDMT = 30 degF"
Node 89696,Kero Tanks 100-20/ 100-11/ 150-10 and Recirc Filters/ Pumps,99-DWG-3095,P-7,Pump - 9000 Area Feedstock,"From 25134 Tank Farm Project PHA This node includes the kero rundown from Splitter 1 and/or 2 through the Kero Filters FLT-52650/ 12A/B/C/ 13A/B or FLT-89561/ 22A/B/C/ 23A/B to Kero Tanks TK- 100-20/100-11 and TK-85935-10. Normal operation is three kero tanks and rundown through the filters. Kero can be transferred between Kero Tanks or through Kero Filters via Recirculation Pump P-4 or through Kero Transfer Pumps P- 1A/B to 38095"" pipeline to Galena Park Terminal ground or water shipping area. TK-85935-10: - Capacity = 150,165 BBl - Design = Atm @ 200 degF - MDMT = 30 degF TK-61869-11: - Capacity = 100,000 BBl - Design = Atm @ 200 degF - MDMT = 30 degF"
Node 89696,Kero Tanks 100-20/ 100-11/ 150-10 and Recirc Filters/ Pumps,99-DWG-3095,TK-61869-14,Tank - 9000 Area Feedstock,"From 25134 Tank Farm Project PHA This node includes the kero rundown from Splitter 1 and/or 2 through the Kero Filters FLT-52650/ 12A/B/C/ 13A/B or FLT-89561/ 22A/B/C/ 23A/B to Kero Tanks TK- 100-20/100-11 and TK-85935-10. Normal operation is three kero tanks and rundown through the filters. Kero can be transferred between Kero Tanks or through Kero Filters via Recirculation Pump P-4 or through Kero Transfer Pumps P- 1A/B to 38095"" pipeline to Galena Park Terminal ground or water shipping area. TK-85935-10: - Capacity = 150,165 BBl - Design = Atm @ 200 degF - MDMT = 30 degF TK-61869-11: - Capacity = 100,000 BBl - Design = Atm @ 200 degF - MDMT = 30 degF"
Node 89696,Kero Tanks 100-20/ 100-11/ 150-10 and Recirc Filters/ Pumps,99-DWG-3095,MIX-40903,Mixer - 9000 Area Feedstock Tank,"From 25134 Tank Farm Project PHA This node includes the kero rundown from Splitter 1 and/or 2 through the Kero Filters FLT-52650/ 12A/B/C/ 13A/B or FLT-89561/ 22A/B/C/ 23A/B to Kero Tanks TK- 100-20/100-11 and TK-85935-10. Normal operation is three kero tanks and rundown through the filters. Kero can be transferred between Kero Tanks or through Kero Filters via Recirculation Pump P-4 or through Kero Transfer Pumps P- 1A/B to 38095"" pipeline to Galena Park Terminal ground or water shipping area. TK-85935-10: - Capacity = 150,165 BBl - Design = Atm @ 200 degF - MDMT = 30 degF TK-61869-11: - Capacity = 100,000 BBl - Design = Atm @ 200 degF - MDMT = 30 degF"
Node 89696,Kero Tanks 100-20/ 100-11/ 150-10 and Recirc Filters/ Pumps,99-DWG-7131,P-5,Pump - 9000 Area AGO,"From 25134 Tank Farm Project PHA This node includes the kero rundown from Splitter 1 and/or 2 through the Kero Filters FLT-52650/ 12A/B/C/ 13A/B or FLT-89561/ 22A/B/C/ 23A/B to Kero Tanks TK- 100-20/100-11 and TK-85935-10. Normal operation is three kero tanks and rundown through the filters. Kero can be transferred between Kero Tanks or through Kero Filters via Recirculation Pump P-4 or through Kero Transfer Pumps P- 1A/B to 38095"" pipeline to Galena Park Terminal ground or water shipping area. TK-85935-10: - Capacity = 150,165 BBl - Design = Atm @ 200 degF - MDMT = 30 degF TK-61869-11: - Capacity = 100,000 BBl - Design = Atm @ 200 degF - MDMT = 30 degF"
Node 89696,Kero Tanks 100-20/ 100-11/ 150-10 and Recirc Filters/ Pumps,99-DWG-4133,TK-61869-15,Tank - 9000 Area Naphtha Heavy,"From 25134 Tank Farm Project PHA This node includes the kero rundown from Splitter 1 and/or 2 through the Kero Filters FLT-52650/ 12A/B/C/ 13A/B or FLT-89561/ 22A/B/C/ 23A/B to Kero Tanks TK- 100-20/100-11 and TK-85935-10. Normal operation is three kero tanks and rundown through the filters. Kero can be transferred between Kero Tanks or through Kero Filters via Recirculation Pump P-4 or through Kero Transfer Pumps P- 1A/B to 38095"" pipeline to Galena Park Terminal ground or water shipping area. TK-85935-10: - Capacity = 150,165 BBl - Design = Atm @ 200 degF - MDMT = 30 degF TK-61869-11: - Capacity = 100,000 BBl - Design = Atm @ 200 degF - MDMT = 30 degF"
Node 89696,Kero Tanks 100-20/ 100-11/ 150-10 and Recirc Filters/ Pumps,99-DWG-4133,MIX-85424,Mixer - 9000 Area Naphtha Heavy Tank,"From 25134 Tank Farm Project PHA This node includes the kero rundown from Splitter 1 and/or 2 through the Kero Filters FLT-52650/ 12A/B/C/ 13A/B or FLT-89561/ 22A/B/C/ 23A/B to Kero Tanks TK- 100-20/100-11 and TK-85935-10. Normal operation is three kero tanks and rundown through the filters. Kero can be transferred between Kero Tanks or through Kero Filters via Recirculation Pump P-4 or through Kero Transfer Pumps P- 1A/B to 38095"" pipeline to Galena Park Terminal ground or water shipping area. TK-85935-10: - Capacity = 150,165 BBl - Design = Atm @ 200 degF - MDMT = 30 degF TK-61869-11: - Capacity = 100,000 BBl - Design = Atm @ 200 degF - MDMT = 30 degF"
Node 67516,Diesel Tanks 100-12/ 100-21 and Pumps,99-DWG-8164,TK-97415-2,Tank - 9000 Area Feedstock,"From 25134 Tank Farm Project PHA This node includes the diesel rundown from Splitter 1 and/or 2 to Diesel Tanks TK-61869-12/ 21. Normal operation is two diesel tanks. Diesel can be transferred between Diesel Tanks via Recirculation Pump P-4. Diesel Transfer Pumps P-1A/B send diesel to 38095"" pipeline to Galena Park Terminal ground or water shipping area. Diesel can be used to flush AGO lines and sent to feed pumps. Diesel flush can be returned to diesel tanks. TK-61869-12: - Capacity = 100,000 BBl - Design = Atm @ 200 degF - MDMT = 30 degF"
Node 67516,Diesel Tanks 100-12/ 100-21 and Pumps,99-DWG-8164,MIX-50155,Mixer - 9000 Area Feedstock Tank,"From 25134 Tank Farm Project PHA This node includes the diesel rundown from Splitter 1 and/or 2 to Diesel Tanks TK-61869-12/ 21. Normal operation is two diesel tanks. Diesel can be transferred between Diesel Tanks via Recirculation Pump P-4. Diesel Transfer Pumps P-1A/B send diesel to 38095"" pipeline to Galena Park Terminal ground or water shipping area. Diesel can be used to flush AGO lines and sent to feed pumps. Diesel flush can be returned to diesel tanks. TK-61869-12: - Capacity = 100,000 BBl - Design = Atm @ 200 degF - MDMT = 30 degF"
Node 67516,Diesel Tanks 100-12/ 100-21 and Pumps,99-DWG-2929,TK-97415-3,Tank - 9000 Area Feedstock,"From 25134 Tank Farm Project PHA This node includes the diesel rundown from Splitter 1 and/or 2 to Diesel Tanks TK-61869-12/ 21. Normal operation is two diesel tanks. Diesel can be transferred between Diesel Tanks via Recirculation Pump P-4. Diesel Transfer Pumps P-1A/B send diesel to 38095"" pipeline to Galena Park Terminal ground or water shipping area. Diesel can be used to flush AGO lines and sent to feed pumps. Diesel flush can be returned to diesel tanks. TK-61869-12: - Capacity = 100,000 BBl - Design = Atm @ 200 degF - MDMT = 30 degF"
Node 67516,Diesel Tanks 100-12/ 100-21 and Pumps,99-DWG-2929,MIX-74045,Mixer - 9000 Area Feedstock Tank,"From 25134 Tank Farm Project PHA This node includes the diesel rundown from Splitter 1 and/or 2 to Diesel Tanks TK-61869-12/ 21. Normal operation is two diesel tanks. Diesel can be transferred between Diesel Tanks via Recirculation Pump P-4. Diesel Transfer Pumps P-1A/B send diesel to 38095"" pipeline to Galena Park Terminal ground or water shipping area. Diesel can be used to flush AGO lines and sent to feed pumps. Diesel flush can be returned to diesel tanks. TK-61869-12: - Capacity = 100,000 BBl - Design = Atm @ 200 degF - MDMT = 30 degF"
Node 67516,Diesel Tanks 100-12/ 100-21 and Pumps,99-DWG-1829,HX1 & 2,9000 Area Heat Exchangers,"From 25134 Tank Farm Project PHA This node includes the diesel rundown from Splitter 1 and/or 2 to Diesel Tanks TK-61869-12/ 21. Normal operation is two diesel tanks. Diesel can be transferred between Diesel Tanks via Recirculation Pump P-4. Diesel Transfer Pumps P-1A/B send diesel to 38095"" pipeline to Galena Park Terminal ground or water shipping area. Diesel can be used to flush AGO lines and sent to feed pumps. Diesel flush can be returned to diesel tanks. TK-61869-12: - Capacity = 100,000 BBl - Design = Atm @ 200 degF - MDMT = 30 degF"
Node 67516,Diesel Tanks 100-12/ 100-21 and Pumps,99-DWG-5787,MIX-85766,Mixer - AGO,"From 25134 Tank Farm Project PHA This node includes the diesel rundown from Splitter 1 and/or 2 to Diesel Tanks TK-61869-12/ 21. Normal operation is two diesel tanks. Diesel can be transferred between Diesel Tanks via Recirculation Pump P-4. Diesel Transfer Pumps P-1A/B send diesel to 38095"" pipeline to Galena Park Terminal ground or water shipping area. Diesel can be used to flush AGO lines and sent to feed pumps. Diesel flush can be returned to diesel tanks. TK-61869-12: - Capacity = 100,000 BBl - Design = Atm @ 200 degF - MDMT = 30 degF"
Node 67516,Diesel Tanks 100-12/ 100-21 and Pumps,99-DWG-5787,TK-24946-22,Tank - AGO,"From 25134 Tank Farm Project PHA This node includes the diesel rundown from Splitter 1 and/or 2 to Diesel Tanks TK-61869-12/ 21. Normal operation is two diesel tanks. Diesel can be transferred between Diesel Tanks via Recirculation Pump P-4. Diesel Transfer Pumps P-1A/B send diesel to 38095"" pipeline to Galena Park Terminal ground or water shipping area. Diesel can be used to flush AGO lines and sent to feed pumps. Diesel flush can be returned to diesel tanks. TK-61869-12: - Capacity = 100,000 BBl - Design = Atm @ 200 degF - MDMT = 30 degF"
Node 67516,Diesel Tanks 100-12/ 100-21 and Pumps,99-DWG-5787,HTR-85766A/B/C/D,Heaters - AGO,"From 25134 Tank Farm Project PHA This node includes the diesel rundown from Splitter 1 and/or 2 to Diesel Tanks TK-61869-12/ 21. Normal operation is two diesel tanks. Diesel can be transferred between Diesel Tanks via Recirculation Pump P-4. Diesel Transfer Pumps P-1A/B send diesel to 38095"" pipeline to Galena Park Terminal ground or water shipping area. Diesel can be used to flush AGO lines and sent to feed pumps. Diesel flush can be returned to diesel tanks. TK-61869-12: - Capacity = 100,000 BBl - Design = Atm @ 200 degF - MDMT = 30 degF"
Node 67516,Diesel Tanks 100-12/ 100-21 and Pumps,99-DWG-8453,TK-61869-11,Tank - 9000 Area Kerosene,"From 25134 Tank Farm Project PHA This node includes the diesel rundown from Splitter 1 and/or 2 to Diesel Tanks TK-61869-12/ 21. Normal operation is two diesel tanks. Diesel can be transferred between Diesel Tanks via Recirculation Pump P-4. Diesel Transfer Pumps P-1A/B send diesel to 38095"" pipeline to Galena Park Terminal ground or water shipping area. Diesel can be used to flush AGO lines and sent to feed pumps. Diesel flush can be returned to diesel tanks. TK-61869-12: - Capacity = 100,000 BBl - Design = Atm @ 200 degF - MDMT = 30 degF"
Node 67516,Diesel Tanks 100-12/ 100-21 and Pumps,99-DWG-8453,MIX-44612,Mixer - 9000 Area Kerosene Tank,"From 25134 Tank Farm Project PHA This node includes the diesel rundown from Splitter 1 and/or 2 to Diesel Tanks TK-61869-12/ 21. Normal operation is two diesel tanks. Diesel can be transferred between Diesel Tanks via Recirculation Pump P-4. Diesel Transfer Pumps P-1A/B send diesel to 38095"" pipeline to Galena Park Terminal ground or water shipping area. Diesel can be used to flush AGO lines and sent to feed pumps. Diesel flush can be returned to diesel tanks. TK-61869-12: - Capacity = 100,000 BBl - Design = Atm @ 200 degF - MDMT = 30 degF"
Node 67516,Diesel Tanks 100-12/ 100-21 and Pumps,99-DWG-5784,TK-61869-12,Tank - 9000 Area Kerosene,"- Capacity = 100,000 BBl - Design = Atm @ 200 degF - MDMT = 30 degF"
Node 67516,Diesel Tanks 100-12/ 100-21 and Pumps,99-DWG-5784,MIX-56959,Mixer - 9000 Area Kerosene Tank,"From 25134 Tank Farm Project PHA This node includes the diesel rundown from Splitter 1 and/or 2 to Diesel Tanks TK-61869-12/ 21. Normal operation is two diesel tanks. Diesel can be transferred between Diesel Tanks via Recirculation Pump P-4. Diesel Transfer Pumps P-1A/B send diesel to 38095"" pipeline to Galena Park Terminal ground or water shipping area. Diesel can be used to flush AGO lines and sent to feed pumps. Diesel flush can be returned to diesel tanks. TK-61869-12: - Capacity = 100,000 BBl - Design = Atm @ 200 degF - MDMT = 30 degF"
Node 67516,Diesel Tanks 100-12/ 100-21 and Pumps,99-DWG-4583,MIX-73158,Mixer - 9000 Area AGO Tank,"From 25134 Tank Farm Project PHA This node includes the diesel rundown from Splitter 1 and/or 2 to Diesel Tanks TK-61869-12/ 21. Normal operation is two diesel tanks. Diesel can be transferred between Diesel Tanks via Recirculation Pump P-4. Diesel Transfer Pumps P-1A/B send diesel to 38095"" pipeline to Galena Park Terminal ground or water shipping area. Diesel can be used to flush AGO lines and sent to feed pumps. Diesel flush can be returned to diesel tanks. TK-61869-12: - Capacity = 100,000 BBl - Design = Atm @ 200 degF - MDMT = 30 degF"
Node 67516,Diesel Tanks 100-12/ 100-21 and Pumps,99-DWG-4583,TK-24946-23,Tank - 9000 Area AGO,"From 25134 Tank Farm Project PHA This node includes the diesel rundown from Splitter 1 and/or 2 to Diesel Tanks TK-61869-12/ 21. Normal operation is two diesel tanks. Diesel can be transferred between Diesel Tanks via Recirculation Pump P-4. Diesel Transfer Pumps P-1A/B send diesel to 38095"" pipeline to Galena Park Terminal ground or water shipping area. Diesel can be used to flush AGO lines and sent to feed pumps. Diesel flush can be returned to diesel tanks. TK-61869-12: - Capacity = 100,000 BBl - Design = Atm @ 200 degF - MDMT = 30 degF"
Node 67516,Diesel Tanks 100-12/ 100-21 and Pumps,99-DWG-4583,HTR-73158A/B/C/D,Heaters - 9000 Area AGO,"From 25134 Tank Farm Project PHA This node includes the diesel rundown from Splitter 1 and/or 2 to Diesel Tanks TK-61869-12/ 21. Normal operation is two diesel tanks. Diesel can be transferred between Diesel Tanks via Recirculation Pump P-4. Diesel Transfer Pumps P-1A/B send diesel to 38095"" pipeline to Galena Park Terminal ground or water shipping area. Diesel can be used to flush AGO lines and sent to feed pumps. Diesel flush can be returned to diesel tanks. TK-61869-12: - Capacity = 100,000 BBl - Design = Atm @ 200 degF - MDMT = 30 degF"
Node 67516,Diesel Tanks 100-12/ 100-21 and Pumps,99-DWG-5377,HTR-30860A/B/C/D,Heaters - 9000 Area AGO/Feedstock,"From 25134 Tank Farm Project PHA This node includes the diesel rundown from Splitter 1 and/or 2 to Diesel Tanks TK-61869-12/ 21. Normal operation is two diesel tanks. Diesel can be transferred between Diesel Tanks via Recirculation Pump P-4. Diesel Transfer Pumps P-1A/B send diesel to 38095"" pipeline to Galena Park Terminal ground or water shipping area. Diesel can be used to flush AGO lines and sent to feed pumps. Diesel flush can be returned to diesel tanks. TK-61869-12: - Capacity = 100,000 BBl - Design = Atm @ 200 degF - MDMT = 30 degF"
Node 67516,Diesel Tanks 100-12/ 100-21 and Pumps,99-DWG-5377,TK61869-13,Tank - 9000 Area AGO/Feedstock,"From 25134 Tank Farm Project PHA This node includes the diesel rundown from Splitter 1 and/or 2 to Diesel Tanks TK-61869-12/ 21. Normal operation is two diesel tanks. Diesel can be transferred between Diesel Tanks via Recirculation Pump P-4. Diesel Transfer Pumps P-1A/B send diesel to 38095"" pipeline to Galena Park Terminal ground or water shipping area. Diesel can be used to flush AGO lines and sent to feed pumps. Diesel flush can be returned to diesel tanks. TK-61869-12: - Capacity = 100,000 BBl - Design = Atm @ 200 degF - MDMT = 30 degF"
Node 67516,Diesel Tanks 100-12/ 100-21 and Pumps,99-DWG-5377,MIX-30860,Mixer - 9000 Area AGO/Feedstock Tank,"From 25134 Tank Farm Project PHA This node includes the diesel rundown from Splitter 1 and/or 2 to Diesel Tanks TK-61869-12/ 21. Normal operation is two diesel tanks. Diesel can be transferred between Diesel Tanks via Recirculation Pump P-4. Diesel Transfer Pumps P-1A/B send diesel to 38095"" pipeline to Galena Park Terminal ground or water shipping area. Diesel can be used to flush AGO lines and sent to feed pumps. Diesel flush can be returned to diesel tanks. TK-61869-12: - Capacity = 100,000 BBl - Design = Atm @ 200 degF - MDMT = 30 degF"
Node 67516,Diesel Tanks 100-12/ 100-21 and Pumps,99-DWG-7189,P-3A/B,Pumps - 9000 Area AGO,"From 25134 Tank Farm Project PHA This node includes the diesel rundown from Splitter 1 and/or 2 to Diesel Tanks TK-61869-12/ 21. Normal operation is two diesel tanks. Diesel can be transferred between Diesel Tanks via Recirculation Pump P-4. Diesel Transfer Pumps P-1A/B send diesel to 38095"" pipeline to Galena Park Terminal ground or water shipping area. Diesel can be used to flush AGO lines and sent to feed pumps. Diesel flush can be returned to diesel tanks. TK-61869-12: - Capacity = 100,000 BBl - Design = Atm @ 200 degF - MDMT = 30 degF"
Node 67516,Diesel Tanks 100-12/ 100-21 and Pumps,99-DWG-4009,P-6,Pump - 9000 Area Naphtha,"From 25134 Tank Farm Project PHA This node includes the diesel rundown from Splitter 1 and/or 2 to Diesel Tanks TK-61869-12/ 21. Normal operation is two diesel tanks. Diesel can be transferred between Diesel Tanks via Recirculation Pump P-4. Diesel Transfer Pumps P-1A/B send diesel to 38095"" pipeline to Galena Park Terminal ground or water shipping area. Diesel can be used to flush AGO lines and sent to feed pumps. Diesel flush can be returned to diesel tanks. TK-61869-12: - Capacity = 100,000 BBl - Design = Atm @ 200 degF - MDMT = 30 degF"
Node 67516,Diesel Tanks 100-12/ 100-21 and Pumps,99-DWG-3095,P-7,Pump - 9000 Area Feedstock,"From 25134 Tank Farm Project PHA This node includes the diesel rundown from Splitter 1 and/or 2 to Diesel Tanks TK-61869-12/ 21. Normal operation is two diesel tanks. Diesel can be transferred between Diesel Tanks via Recirculation Pump P-4. Diesel Transfer Pumps P-1A/B send diesel to 38095"" pipeline to Galena Park Terminal ground or water shipping area. Diesel can be used to flush AGO lines and sent to feed pumps. Diesel flush can be returned to diesel tanks. TK-61869-12: - Capacity = 100,000 BBl - Design = Atm @ 200 degF - MDMT = 30 degF"
Node 67516,Diesel Tanks 100-12/ 100-21 and Pumps,99-DWG-3095,TK-61869-14,Tank - 9000 Area Feedstock,"From 25134 Tank Farm Project PHA This node includes the diesel rundown from Splitter 1 and/or 2 to Diesel Tanks TK-61869-12/ 21. Normal operation is two diesel tanks. Diesel can be transferred between Diesel Tanks via Recirculation Pump P-4. Diesel Transfer Pumps P-1A/B send diesel to 38095"" pipeline to Galena Park Terminal ground or water shipping area. Diesel can be used to flush AGO lines and sent to feed pumps. Diesel flush can be returned to diesel tanks. TK-61869-12: - Capacity = 100,000 BBl - Design = Atm @ 200 degF - MDMT = 30 degF"
Node 67516,Diesel Tanks 100-12/ 100-21 and Pumps,99-DWG-3095,MIX-40903,Mixer - 9000 Area Feedstock Tank,"From 25134 Tank Farm Project PHA This node includes the diesel rundown from Splitter 1 and/or 2 to Diesel Tanks TK-61869-12/ 21. Normal operation is two diesel tanks. Diesel can be transferred between Diesel Tanks via Recirculation Pump P-4. Diesel Transfer Pumps P-1A/B send diesel to 38095"" pipeline to Galena Park Terminal ground or water shipping area. Diesel can be used to flush AGO lines and sent to feed pumps. Diesel flush can be returned to diesel tanks. TK-61869-12: - Capacity = 100,000 BBl - Design = Atm @ 200 degF - MDMT = 30 degF"
Node 67516,Diesel Tanks 100-12/ 100-21 and Pumps,99-DWG-3095 Redline,P-7,Pump - 9000 Area Feedstock,"From 25134 Tank Farm Project PHA This node includes the diesel rundown from Splitter 1 and/or 2 to Diesel Tanks TK-61869-12/ 21. Normal operation is two diesel tanks. Diesel can be transferred between Diesel Tanks via Recirculation Pump P-4. Diesel Transfer Pumps P-1A/B send diesel to 38095"" pipeline to Galena Park Terminal ground or water shipping area. Diesel can be used to flush AGO lines and sent to feed pumps. Diesel flush can be returned to diesel tanks. TK-61869-12: - Capacity = 100,000 BBl - Design = Atm @ 200 degF - MDMT = 30 degF"
Node 67516,Diesel Tanks 100-12/ 100-21 and Pumps,99-DWG-3095 Redline,TK-61869-14,Tank - 9000 Area Feedstock,"From 25134 Tank Farm Project PHA This node includes the diesel rundown from Splitter 1 and/or 2 to Diesel Tanks TK-61869-12/ 21. Normal operation is two diesel tanks. Diesel can be transferred between Diesel Tanks via Recirculation Pump P-4. Diesel Transfer Pumps P-1A/B send diesel to 38095"" pipeline to Galena Park Terminal ground or water shipping area. Diesel can be used to flush AGO lines and sent to feed pumps. Diesel flush can be returned to diesel tanks. TK-61869-12: - Capacity = 100,000 BBl - Design = Atm @ 200 degF - MDMT = 30 degF"
Node 67516,Diesel Tanks 100-12/ 100-21 and Pumps,99-DWG-3095 Redline,MIX-40903,Mixer - 9000 Area Feedstock Tank,"From 25134 Tank Farm Project PHA This node includes the diesel rundown from Splitter 1 and/or 2 to Diesel Tanks TK-61869-12/ 21. Normal operation is two diesel tanks. Diesel can be transferred between Diesel Tanks via Recirculation Pump P-4. Diesel Transfer Pumps P-1A/B send diesel to 38095"" pipeline to Galena Park Terminal ground or water shipping area. Diesel can be used to flush AGO lines and sent to feed pumps. Diesel flush can be returned to diesel tanks. TK-61869-12: - Capacity = 100,000 BBl - Design = Atm @ 200 degF - MDMT = 30 degF"
Node 67516,Diesel Tanks 100-12/ 100-21 and Pumps,99-DWG-7294,P-1A/B,Pumps - 9000 Area Kerosene / Diesel,"- Capacity = 100,000 BBl - Design = Atm @ 200 degF - MDMT = 30 degF"
Node 67516,Diesel Tanks 100-12/ 100-21 and Pumps,99-DWG-7131,P-5,Pump - 9000 Area AGO,"From 25134 Tank Farm Project PHA This node includes the diesel rundown from Splitter 1 and/or 2 to Diesel Tanks TK-61869-12/ 21. Normal operation is two diesel tanks. Diesel can be transferred between Diesel Tanks via Recirculation Pump P-4. Diesel Transfer Pumps P-1A/B send diesel to 38095"" pipeline to Galena Park Terminal ground or water shipping area. Diesel can be used to flush AGO lines and sent to feed pumps. Diesel flush can be returned to diesel tanks. TK-61869-12: - Capacity = 100,000 BBl - Design = Atm @ 200 degF - MDMT = 30 degF"
Node 67516,Diesel Tanks 100-12/ 100-21 and Pumps,99-DWG-4133,TK-61869-15,Tank - 9000 Area Naphtha Heavy,"From 25134 Tank Farm Project PHA This node includes the diesel rundown from Splitter 1 and/or 2 to Diesel Tanks TK-61869-12/ 21. Normal operation is two diesel tanks. Diesel can be transferred between Diesel Tanks via Recirculation Pump P-4. Diesel Transfer Pumps P-1A/B send diesel to 38095"" pipeline to Galena Park Terminal ground or water shipping area. Diesel can be used to flush AGO lines and sent to feed pumps. Diesel flush can be returned to diesel tanks. TK-61869-12: - Capacity = 100,000 BBl - Design = Atm @ 200 degF - MDMT = 30 degF"
Node 67516,Diesel Tanks 100-12/ 100-21 and Pumps,99-DWG-4133,MIX-85424,Mixer - 9000 Area Naphtha Heavy Tank,"From 25134 Tank Farm Project PHA This node includes the diesel rundown from Splitter 1 and/or 2 to Diesel Tanks TK-61869-12/ 21. Normal operation is two diesel tanks. Diesel can be transferred between Diesel Tanks via Recirculation Pump P-4. Diesel Transfer Pumps P-1A/B send diesel to 38095"" pipeline to Galena Park Terminal ground or water shipping area. Diesel can be used to flush AGO lines and sent to feed pumps. Diesel flush can be returned to diesel tanks. TK-61869-12: - Capacity = 100,000 BBl - Design = Atm @ 200 degF - MDMT = 30 degF"
Node 67516,Diesel Tanks 100-12/ 100-21 and Pumps,99-DWG-9064,MIX-80058,Mixer - 9000 Area Diesel Tank,"From 25134 Tank Farm Project PHA This node includes the diesel rundown from Splitter 1 and/or 2 to Diesel Tanks TK-61869-12/ 21. Normal operation is two diesel tanks. Diesel can be transferred between Diesel Tanks via Recirculation Pump P-4. Diesel Transfer Pumps P-1A/B send diesel to 38095"" pipeline to Galena Park Terminal ground or water shipping area. Diesel can be used to flush AGO lines and sent to feed pumps. Diesel flush can be returned to diesel tanks. TK-61869-12: - Capacity = 100,000 BBl - Design = Atm @ 200 degF - MDMT = 30 degF"
Node 67516,Diesel Tanks 100-12/ 100-21 and Pumps,99-DWG-9064,TK61869-21,Tank - 9000 Area Diesel,"From 25134 Tank Farm Project PHA This node includes the diesel rundown from Splitter 1 and/or 2 to Diesel Tanks TK-61869-12/ 21. Normal operation is two diesel tanks. Diesel can be transferred between Diesel Tanks via Recirculation Pump P-4. Diesel Transfer Pumps P-1A/B send diesel to 38095"" pipeline to Galena Park Terminal ground or water shipping area. Diesel can be used to flush AGO lines and sent to feed pumps. Diesel flush can be returned to diesel tanks. TK-61869-12: - Capacity = 100,000 BBl - Design = Atm @ 200 degF - MDMT = 30 degF"
Node 67516,Diesel Tanks 100-12/ 100-21 and Pumps,99-DWG-1209,P-4,Kerosene/Diesel Cargo Pump,"From 25134 Tank Farm Project PHA This node includes the diesel rundown from Splitter 1 and/or 2 to Diesel Tanks TK-61869-12/ 21. Normal operation is two diesel tanks. Diesel can be transferred between Diesel Tanks via Recirculation Pump P-4. Diesel Transfer Pumps P-1A/B send diesel to 38095"" pipeline to Galena Park Terminal ground or water shipping area. Diesel can be used to flush AGO lines and sent to feed pumps. Diesel flush can be returned to diesel tanks. TK-61869-12: - Capacity = 100,000 BBl - Design = Atm @ 200 degF - MDMT = 30 degF"
Node 67516,Diesel Tanks 100-12/ 100-21 and Pumps,99-DWG-3761,PM-53688A/B/C,Condensate Feed Pumps,"From 25134 Tank Farm Project PHA This node includes the diesel rundown from Splitter 1 and/or 2 to Diesel Tanks TK-61869-12/ 21. Normal operation is two diesel tanks. Diesel can be transferred between Diesel Tanks via Recirculation Pump P-4. Diesel Transfer Pumps P-1A/B send diesel to 38095"" pipeline to Galena Park Terminal ground or water shipping area. Diesel can be used to flush AGO lines and sent to feed pumps. Diesel flush can be returned to diesel tanks. TK-61869-12: - Capacity = 100,000 BBl - Design = Atm @ 200 degF - MDMT = 30 degF"
Node 67516,Diesel Tanks 100-12/ 100-21 and Pumps,99-DWG-3761,P-HX,Condensate Feed Pump,"From 25134 Tank Farm Project PHA This node includes the diesel rundown from Splitter 1 and/or 2 to Diesel Tanks TK-61869-12/ 21. Normal operation is two diesel tanks. Diesel can be transferred between Diesel Tanks via Recirculation Pump P-4. Diesel Transfer Pumps P-1A/B send diesel to 38095"" pipeline to Galena Park Terminal ground or water shipping area. Diesel can be used to flush AGO lines and sent to feed pumps. Diesel flush can be returned to diesel tanks. TK-61869-12: - Capacity = 100,000 BBl - Design = Atm @ 200 degF - MDMT = 30 degF"
Node 35174,AGO Tanks 100-13/ 120-22/ 120-23 and Pumps,99-DWG-2929,TK-97415-3,Tank - 9000 Area Feedstock,"From 25134 Tank Farm Project PHA This node includes the AGO rundown from Splitter 1 and/or 2 to AGO Tanks TK-61869-13/ 120-22/23. Normal operation is three AGO tanks. One tank of the three tanks will be set as low, medium and high quality. AGO can be transferred between AGO Tanks via Recirculation Pump P-5. AGO Transfer Pumps P-3A/B send AGO to 38095"" pipeline to Galena Park Terminal ground or water shipping area, or return to a feed tank. The AGO pig launcher was intended to pig the AGO transfer lines to the terminal. It has never been used in favor of diesel flushing the AGO lines. Heat Exchangers HX1/2 Exchangers can be used to circulate the feed tanks through HX1/2 and pre-heat the feed to the splitters as an energy efficiency. This is not"
Node 35174,AGO Tanks 100-13/ 120-22/ 120-23 and Pumps,99-DWG-2929,MIX-74045,Mixer - 9000 Area Feedstock Tank,"From 25134 Tank Farm Project PHA This node includes the AGO rundown from Splitter 1 and/or 2 to AGO Tanks TK-61869-13/ 120-22/23. Normal operation is three AGO tanks. One tank of the three tanks will be set as low, medium and high quality. AGO can be transferred between AGO Tanks via Recirculation Pump P-5. AGO Transfer Pumps P-3A/B send AGO to 38095"" pipeline to Galena Park Terminal ground or water shipping area, or return to a feed tank. The AGO pig launcher was intended to pig the AGO transfer lines to the terminal. It has never been used in favor of diesel flushing the AGO lines. Heat Exchangers HX1/2 Exchangers can be used to circulate the feed tanks through HX1/2 and pre-heat the feed to the splitters as an energy efficiency. This is not"
Node 35174,AGO Tanks 100-13/ 120-22/ 120-23 and Pumps,99-DWG-1829,HX1 & 2,9000 Area Heat Exchangers,"From 25134 Tank Farm Project PHA This node includes the AGO rundown from Splitter 1 and/or 2 to AGO Tanks TK-61869-13/ 120-22/23. Normal operation is three AGO tanks. One tank of the three tanks will be set as low, medium and high quality. AGO can be transferred between AGO Tanks via Recirculation Pump P-5. AGO Transfer Pumps P-3A/B send AGO to 38095"" pipeline to Galena Park Terminal ground or water shipping area, or return to a feed tank. The AGO pig launcher was intended to pig the AGO transfer lines to the terminal. It has never been used in favor of diesel flushing the AGO lines. Heat Exchangers HX1/2 Exchangers can be used to circulate the feed tanks through HX1/2 and pre-heat the feed to the splitters as an energy efficiency. This is not"
Node 35174,AGO Tanks 100-13/ 120-22/ 120-23 and Pumps,99-DWG-5787,MIX-85766,Mixer - AGO,"From 25134 Tank Farm Project PHA This node includes the AGO rundown from Splitter 1 and/or 2 to AGO Tanks TK-61869-13/ 120-22/23. Normal operation is three AGO tanks. One tank of the three tanks will be set as low, medium and high quality. AGO can be transferred between AGO Tanks via Recirculation Pump P-5. AGO Transfer Pumps P-3A/B send AGO to 38095"" pipeline to Galena Park Terminal ground or water shipping area, or return to a feed tank. The AGO pig launcher was intended to pig the AGO transfer lines to the terminal. It has never been used in favor of diesel flushing the AGO lines. Heat Exchangers HX1/2 Exchangers can be used to circulate the feed tanks through HX1/2 and pre-heat the feed to the splitters as an energy efficiency. This is not"
Node 35174,AGO Tanks 100-13/ 120-22/ 120-23 and Pumps,99-DWG-5787,TK-24946-22,Tank - AGO,"From 25134 Tank Farm Project PHA This node includes the AGO rundown from Splitter 1 and/or 2 to AGO Tanks TK-61869-13/ 120-22/23. Normal operation is three AGO tanks. One tank of the three tanks will be set as low, medium and high quality. AGO can be transferred between AGO Tanks via Recirculation Pump P-5. AGO Transfer Pumps P-3A/B send AGO to 38095"" pipeline to Galena Park Terminal ground or water shipping area, or return to a feed tank. The AGO pig launcher was intended to pig the AGO transfer lines to the terminal. It has never been used in favor of diesel flushing the AGO lines. Heat Exchangers HX1/2 Exchangers can be used to circulate the feed tanks through HX1/2 and pre-heat the feed to the splitters as an energy efficiency. This is not"
Node 35174,AGO Tanks 100-13/ 120-22/ 120-23 and Pumps,99-DWG-5787,HTR-85766A/B/C/D,Heaters - AGO,"From 25134 Tank Farm Project PHA This node includes the AGO rundown from Splitter 1 and/or 2 to AGO Tanks TK-61869-13/ 120-22/23. Normal operation is three AGO tanks. One tank of the three tanks will be set as low, medium and high quality. AGO can be transferred between AGO Tanks via Recirculation Pump P-5. AGO Transfer Pumps P-3A/B send AGO to 38095"" pipeline to Galena Park Terminal ground or water shipping area, or return to a feed tank. The AGO pig launcher was intended to pig the AGO transfer lines to the terminal. It has never been used in favor of diesel flushing the AGO lines. Heat Exchangers HX1/2 Exchangers can be used to circulate the feed tanks through HX1/2 and pre-heat the feed to the splitters as an energy efficiency. This is not"
Node 35174,AGO Tanks 100-13/ 120-22/ 120-23 and Pumps,99-DWG-4583,MIX-73158,Mixer - 9000 Area AGO Tank,"From 25134 Tank Farm Project PHA This node includes the AGO rundown from Splitter 1 and/or 2 to AGO Tanks TK-61869-13/ 120-22/23. Normal operation is three AGO tanks. One tank of the three tanks will be set as low, medium and high quality. AGO can be transferred between AGO Tanks via Recirculation Pump P-5. AGO Transfer Pumps P-3A/B send AGO to 38095"" pipeline to Galena Park Terminal ground or water shipping area, or return to a feed tank. The AGO pig launcher was intended to pig the AGO transfer lines to the terminal. It has never been used in favor of diesel flushing the AGO lines. Heat Exchangers HX1/2 Exchangers can be used to circulate the feed tanks through HX1/2 and pre-heat the feed to the splitters as an energy efficiency. This is not"
Node 35174,AGO Tanks 100-13/ 120-22/ 120-23 and Pumps,99-DWG-4583,TK-24946-23,Tank - 9000 Area AGO,"From 25134 Tank Farm Project PHA This node includes the AGO rundown from Splitter 1 and/or 2 to AGO Tanks TK-61869-13/ 120-22/23. Normal operation is three AGO tanks. One tank of the three tanks will be set as low, medium and high quality. AGO can be transferred between AGO Tanks via Recirculation Pump P-5. AGO Transfer Pumps P-3A/B send AGO to 38095"" pipeline to Galena Park Terminal ground or water shipping area, or return to a feed tank. The AGO pig launcher was intended to pig the AGO transfer lines to the terminal. It has never been used in favor of diesel flushing the AGO lines. Heat Exchangers HX1/2 Exchangers can be used to circulate the feed tanks through HX1/2 and pre-heat the feed to the splitters as an energy efficiency. This is not"
Node 35174,AGO Tanks 100-13/ 120-22/ 120-23 and Pumps,99-DWG-4583,HTR-73158A/B/C/D,Heaters - 9000 Area AGO,"From 25134 Tank Farm Project PHA This node includes the AGO rundown from Splitter 1 and/or 2 to AGO Tanks TK-61869-13/ 120-22/23. Normal operation is three AGO tanks. One tank of the three tanks will be set as low, medium and high quality. AGO can be transferred between AGO Tanks via Recirculation Pump P-5. AGO Transfer Pumps P-3A/B send AGO to 38095"" pipeline to Galena Park Terminal ground or water shipping area, or return to a feed tank. The AGO pig launcher was intended to pig the AGO transfer lines to the terminal. It has never been used in favor of diesel flushing the AGO lines. Heat Exchangers HX1/2 Exchangers can be used to circulate the feed tanks through HX1/2 and pre-heat the feed to the splitters as an energy efficiency. This is not"
Node 35174,AGO Tanks 100-13/ 120-22/ 120-23 and Pumps,99-DWG-5377,HTR-30860A/B/C/D,Heaters - 9000 Area AGO/Feedstock,"From 25134 Tank Farm Project PHA This node includes the AGO rundown from Splitter 1 and/or 2 to AGO Tanks TK-61869-13/ 120-22/23. Normal operation is three AGO tanks. One tank of the three tanks will be set as low, medium and high quality. AGO can be transferred between AGO Tanks via Recirculation Pump P-5. AGO Transfer Pumps P-3A/B send AGO to 38095"" pipeline to Galena Park Terminal ground or water shipping area, or return to a feed tank. The AGO pig launcher was intended to pig the AGO transfer lines to the terminal. It has never been used in favor of diesel flushing the AGO lines. Heat Exchangers HX1/2 Exchangers can be used to circulate the feed tanks through HX1/2 and pre-heat the feed to the splitters as an energy efficiency. This is not"
Node 35174,AGO Tanks 100-13/ 120-22/ 120-23 and Pumps,99-DWG-5377,TK61869-13,Tank - 9000 Area AGO/Feedstock,"From 25134 Tank Farm Project PHA This node includes the AGO rundown from Splitter 1 and/or 2 to AGO Tanks TK-61869-13/ 120-22/23. Normal operation is three AGO tanks. One tank of the three tanks will be set as low, medium and high quality. AGO can be transferred between AGO Tanks via Recirculation Pump P-5. AGO Transfer Pumps P-3A/B send AGO to 38095"" pipeline to Galena Park Terminal ground or water shipping area, or return to a feed tank. The AGO pig launcher was intended to pig the AGO transfer lines to the terminal. It has never been used in favor of diesel flushing the AGO lines. Heat Exchangers HX1/2 Exchangers can be used to circulate the feed tanks through HX1/2 and pre-heat the feed to the splitters as an energy efficiency. This is not"
Node 35174,AGO Tanks 100-13/ 120-22/ 120-23 and Pumps,99-DWG-5377,MIX-30860,Mixer - 9000 Area AGO/Feedstock Tank,"From 25134 Tank Farm Project PHA This node includes the AGO rundown from Splitter 1 and/or 2 to AGO Tanks TK-61869-13/ 120-22/23. Normal operation is three AGO tanks. One tank of the three tanks will be set as low, medium and high quality. AGO can be transferred between AGO Tanks via Recirculation Pump P-5. AGO Transfer Pumps P-3A/B send AGO to 38095"" pipeline to Galena Park Terminal ground or water shipping area, or return to a feed tank. The AGO pig launcher was intended to pig the AGO transfer lines to the terminal. It has never been used in favor of diesel flushing the AGO lines. Heat Exchangers HX1/2 Exchangers can be used to circulate the feed tanks through HX1/2 and pre-heat the feed to the splitters as an energy efficiency. This is not"
Node 35174,AGO Tanks 100-13/ 120-22/ 120-23 and Pumps,99-DWG-7189,P-3A/B,Pumps - 9000 Area AGO,"From 25134 Tank Farm Project PHA This node includes the AGO rundown from Splitter 1 and/or 2 to AGO Tanks TK-61869-13/ 120-22/23. Normal operation is three AGO tanks. One tank of the three tanks will be set as low, medium and high quality. AGO can be transferred between AGO Tanks via Recirculation Pump P-5. AGO Transfer Pumps P-3A/B send AGO to 38095"" pipeline to Galena Park Terminal ground or water shipping area, or return to a feed tank. The AGO pig launcher was intended to pig the AGO transfer lines to the terminal. It has never been used in favor of diesel flushing the AGO lines. Heat Exchangers HX1/2 Exchangers can be used to circulate the feed tanks through HX1/2 and pre-heat the feed to the splitters as an energy efficiency. This is not"
Node 35174,AGO Tanks 100-13/ 120-22/ 120-23 and Pumps,99-DWG-4009,P-6,Pump - 9000 Area Naphtha,"From 25134 Tank Farm Project PHA This node includes the AGO rundown from Splitter 1 and/or 2 to AGO Tanks TK-61869-13/ 120-22/23. Normal operation is three AGO tanks. One tank of the three tanks will be set as low, medium and high quality. AGO can be transferred between AGO Tanks via Recirculation Pump P-5. AGO Transfer Pumps P-3A/B send AGO to 38095"" pipeline to Galena Park Terminal ground or water shipping area, or return to a feed tank. The AGO pig launcher was intended to pig the AGO transfer lines to the terminal. It has never been used in favor of diesel flushing the AGO lines. Heat Exchangers HX1/2 Exchangers can be used to circulate the feed tanks through HX1/2 and pre-heat the feed to the splitters as an energy efficiency. This is not"
Node 35174,AGO Tanks 100-13/ 120-22/ 120-23 and Pumps,99-DWG-3095,P-7,Pump - 9000 Area Feedstock,"From 25134 Tank Farm Project PHA This node includes the AGO rundown from Splitter 1 and/or 2 to AGO Tanks TK-61869-13/ 120-22/23. Normal operation is three AGO tanks. One tank of the three tanks will be set as low, medium and high quality. AGO can be transferred between AGO Tanks via Recirculation Pump P-5. AGO Transfer Pumps P-3A/B send AGO to 38095"" pipeline to Galena Park Terminal ground or water shipping area, or return to a feed tank. The AGO pig launcher was intended to pig the AGO transfer lines to the terminal. It has never been used in favor of diesel flushing the AGO lines. Heat Exchangers HX1/2 Exchangers can be used to circulate the feed tanks through HX1/2 and pre-heat the feed to the splitters as an energy efficiency. This is not"
Node 35174,AGO Tanks 100-13/ 120-22/ 120-23 and Pumps,99-DWG-3095,TK-61869-14,Tank - 9000 Area Feedstock,"From 25134 Tank Farm Project PHA This node includes the AGO rundown from Splitter 1 and/or 2 to AGO Tanks TK-61869-13/ 120-22/23. Normal operation is three AGO tanks. One tank of the three tanks will be set as low, medium and high quality. AGO can be transferred between AGO Tanks via Recirculation Pump P-5. AGO Transfer Pumps P-3A/B send AGO to 38095"" pipeline to Galena Park Terminal ground or water shipping area, or return to a feed tank. The AGO pig launcher was intended to pig the AGO transfer lines to the terminal. It has never been used in favor of diesel flushing the AGO lines. Heat Exchangers HX1/2 Exchangers can be used to circulate the feed tanks through HX1/2 and pre-heat the feed to the splitters as an energy efficiency. This is not"
Node 35174,AGO Tanks 100-13/ 120-22/ 120-23 and Pumps,99-DWG-3095,MIX-40903,Mixer - 9000 Area Feedstock Tank,"From 25134 Tank Farm Project PHA This node includes the AGO rundown from Splitter 1 and/or 2 to AGO Tanks TK-61869-13/ 120-22/23. Normal operation is three AGO tanks. One tank of the three tanks will be set as low, medium and high quality. AGO can be transferred between AGO Tanks via Recirculation Pump P-5. AGO Transfer Pumps P-3A/B send AGO to 38095"" pipeline to Galena Park Terminal ground or water shipping area, or return to a feed tank. The AGO pig launcher was intended to pig the AGO transfer lines to the terminal. It has never been used in favor of diesel flushing the AGO lines. Heat Exchangers HX1/2 Exchangers can be used to circulate the feed tanks through HX1/2 and pre-heat the feed to the splitters as an energy efficiency. This is not"
Node 35174,AGO Tanks 100-13/ 120-22/ 120-23 and Pumps,99-DWG-3095 Redline,P-7,Pump - 9000 Area Feedstock,"From 25134 Tank Farm Project PHA This node includes the AGO rundown from Splitter 1 and/or 2 to AGO Tanks TK-61869-13/ 120-22/23. Normal operation is three AGO tanks. One tank of the three tanks will be set as low, medium and high quality. AGO can be transferred between AGO Tanks via Recirculation Pump P-5. AGO Transfer Pumps P-3A/B send AGO to 38095"" pipeline to Galena Park Terminal ground or water shipping area, or return to a feed tank. The AGO pig launcher was intended to pig the AGO transfer lines to the terminal. It has never been used in favor of diesel flushing the AGO lines. Heat Exchangers HX1/2 Exchangers can be used to circulate the feed tanks through HX1/2 and pre-heat the feed to the splitters as an energy efficiency. This is not"
Node 35174,AGO Tanks 100-13/ 120-22/ 120-23 and Pumps,99-DWG-3095 Redline,TK-61869-14,Tank - 9000 Area Feedstock,"From 25134 Tank Farm Project PHA This node includes the AGO rundown from Splitter 1 and/or 2 to AGO Tanks TK-61869-13/ 120-22/23. Normal operation is three AGO tanks. One tank of the three tanks will be set as low, medium and high quality. AGO can be transferred between AGO Tanks via Recirculation Pump P-5. AGO Transfer Pumps P-3A/B send AGO to 38095"" pipeline to Galena Park Terminal ground or water shipping area, or return to a feed tank. The AGO pig launcher was intended to pig the AGO transfer lines to the terminal. It has never been used in favor of diesel flushing the AGO lines. Heat Exchangers HX1/2 Exchangers can be used to circulate the feed tanks through HX1/2 and pre-heat the feed to the splitters as an energy efficiency. This is not"
Node 35174,AGO Tanks 100-13/ 120-22/ 120-23 and Pumps,99-DWG-3095 Redline,MIX-40903,Mixer - 9000 Area Feedstock Tank,"From 25134 Tank Farm Project PHA This node includes the AGO rundown from Splitter 1 and/or 2 to AGO Tanks TK-61869-13/ 120-22/23. Normal operation is three AGO tanks. One tank of the three tanks will be set as low, medium and high quality. AGO can be transferred between AGO Tanks via Recirculation Pump P-5. AGO Transfer Pumps P-3A/B send AGO to 38095"" pipeline to Galena Park Terminal ground or water shipping area, or return to a feed tank. The AGO pig launcher was intended to pig the AGO transfer lines to the terminal. It has never been used in favor of diesel flushing the AGO lines. Heat Exchangers HX1/2 Exchangers can be used to circulate the feed tanks through HX1/2 and pre-heat the feed to the splitters as an energy efficiency. This is not"
Node 35174,AGO Tanks 100-13/ 120-22/ 120-23 and Pumps,99-DWG-7131,P-5,Pump - 9000 Area AGO,"From 25134 Tank Farm Project PHA This node includes the AGO rundown from Splitter 1 and/or 2 to AGO Tanks TK-61869-13/ 120-22/23. Normal operation is three AGO tanks. One tank of the three tanks will be set as low, medium and high quality. AGO can be transferred between AGO Tanks via Recirculation Pump P-5. AGO Transfer Pumps P-3A/B send AGO to 38095"" pipeline to Galena Park Terminal ground or water shipping area, or return to a feed tank. The AGO pig launcher was intended to pig the AGO transfer lines to the terminal. It has never been used in favor of diesel flushing the AGO lines. Heat Exchangers HX1/2 Exchangers can be used to circulate the feed tanks through HX1/2 and pre-heat the feed to the splitters as an energy efficiency. This is not"
Node 35174,AGO Tanks 100-13/ 120-22/ 120-23 and Pumps,99-DWG-4133,TK-61869-15,Tank - 9000 Area Naphtha Heavy,"From 25134 Tank Farm Project PHA This node includes the AGO rundown from Splitter 1 and/or 2 to AGO Tanks TK-61869-13/ 120-22/23. Normal operation is three AGO tanks. One tank of the three tanks will be set as low, medium and high quality. AGO can be transferred between AGO Tanks via Recirculation Pump P-5. AGO Transfer Pumps P-3A/B send AGO to 38095"" pipeline to Galena Park Terminal ground or water shipping area, or return to a feed tank. The AGO pig launcher was intended to pig the AGO transfer lines to the terminal. It has never been used in favor of diesel flushing the AGO lines. Heat Exchangers HX1/2 Exchangers can be used to circulate the feed tanks through HX1/2 and pre-heat the feed to the splitters as an energy efficiency. This is not"
Node 35174,AGO Tanks 100-13/ 120-22/ 120-23 and Pumps,99-DWG-4133,MIX-85424,Mixer - 9000 Area Naphtha Heavy Tank,"From 25134 Tank Farm Project PHA This node includes the AGO rundown from Splitter 1 and/or 2 to AGO Tanks TK-61869-13/ 120-22/23. Normal operation is three AGO tanks. One tank of the three tanks will be set as low, medium and high quality. AGO can be transferred between AGO Tanks via Recirculation Pump P-5. AGO Transfer Pumps P-3A/B send AGO to 38095"" pipeline to Galena Park Terminal ground or water shipping area, or return to a feed tank. The AGO pig launcher was intended to pig the AGO transfer lines to the terminal. It has never been used in favor of diesel flushing the AGO lines. Heat Exchangers HX1/2 Exchangers can be used to circulate the feed tanks through HX1/2 and pre-heat the feed to the splitters as an energy efficiency. This is not"
Node 86555,Feed Tank and Feed Pumps PM-53688A/B/C,99-DWG-5353,TK-97415-1,Tank - 9000 Area Feedstock,"- Capacity = 200,130 Atm BBl - MDMT = 30 degF - Max Temp = 200 degF"
Node 86555,Feed Tank and Feed Pumps PM-53688A/B/C,99-DWG-5353,MIX-98749,Mixer - 9000 Area Feedstock Tank,"From 25134 Tank Farm Project PHA This node includes Feed Tanks TK- 200-1/2/3. Normal operation is three Feed tanks with no quality difference. The plant can be fed from 12"" Magellan line to all three tanks and TK-61869-14 and a 35796"" Kinder Morgan Condensate Crude KMCC line to all three tanks and TK-61869- 14. The Magellan line also includes a pig launcher that is operated by Galena Park. The pig launcher on the KMCC line is not operated by Galena Park. Feed can be transferred between Feed Tanks via Pump P-HX which send feed through the AGO Exchanger HX1/2. Feed Pumps PM- 111A/B/C send Feed to Splitter 1/2 from TK-97415-1/2/3. Feed can be transferred from TK-61869-14 to TK- 200-1/2/3 via P-7 and then through P-HX also through the AGO Exchanger HX1/2 which will be review in node 7. This node also includes the hydrocarbon header which is a maintenance drain from the splitter, removes liquid from flare knockout drum and is the relief header for the Feed Pumps PM- 111A/B/C thermal safeties. TK-97415-1/200-3: - Capacity = 200,130 Atm BBl - MDMT = 30 degF - Max Temp = 200 degF"
Node 86555,Feed Tank and Feed Pumps PM-53688A/B/C,99-DWG-8164,TK-97415-2,Tank - 9000 Area Feedstock,"From 25134 Tank Farm Project PHA This node includes Feed Tanks TK- 200-1/2/3. Normal operation is three Feed tanks with no quality difference. The plant can be fed from 12"" Magellan line to all three tanks and TK-61869-14 and a 35796"" Kinder Morgan Condensate Crude KMCC line to all three tanks and TK-61869- 14. The Magellan line also includes a pig launcher that is operated by Galena Park. The pig launcher on the KMCC line is not operated by Galena Park. Feed can be transferred between Feed Tanks via Pump P-HX which send feed through the AGO Exchanger HX1/2. Feed Pumps PM- 111A/B/C send Feed to Splitter 1/2 from TK-97415-1/2/3. Feed can be transferred from TK-61869-14 to TK- 200-1/2/3 via P-7 and then through P-HX also through the AGO Exchanger HX1/2 which will be review in node 7. This node also includes the hydrocarbon header which is a maintenance drain from the splitter, removes liquid from flare knockout drum and is the relief header for the Feed Pumps PM- 111A/B/C thermal safeties. TK-97415-1/200-3: - Capacity = 200,130 Atm BBl - MDMT = 30 degF - Max Temp = 200 degF"
Node 86555,Feed Tank and Feed Pumps PM-53688A/B/C,99-DWG-8164,MIX-50155,Mixer - 9000 Area Feedstock Tank,"From 25134 Tank Farm Project PHA This node includes Feed Tanks TK- 200-1/2/3. Normal operation is three Feed tanks with no quality difference. The plant can be fed from 12"" Magellan line to all three tanks and TK-61869-14 and a 35796"" Kinder Morgan Condensate Crude KMCC line to all three tanks and TK-61869- 14. The Magellan line also includes a pig launcher that is operated by Galena Park. The pig launcher on the KMCC line is not operated by Galena Park. Feed can be transferred between Feed Tanks via Pump P-HX which send feed through the AGO Exchanger HX1/2. Feed Pumps PM- 111A/B/C send Feed to Splitter 1/2 from TK-97415-1/2/3. Feed can be transferred from TK-61869-14 to TK- 200-1/2/3 via P-7 and then through P-HX also through the AGO Exchanger HX1/2 which will be review in node 7. This node also includes the hydrocarbon header which is a maintenance drain from the splitter, removes liquid from flare knockout drum and is the relief header for the Feed Pumps PM- 111A/B/C thermal safeties. TK-97415-1/200-3: - Capacity = 200,130 Atm BBl - MDMT = 30 degF - Max Temp = 200 degF"
Node 86555,Feed Tank and Feed Pumps PM-53688A/B/C,99-DWG-2929,TK-97415-3,Tank - 9000 Area Feedstock,"From 25134 Tank Farm Project PHA This node includes Feed Tanks TK- 200-1/2/3. Normal operation is three Feed tanks with no quality difference. The plant can be fed from 12"" Magellan line to all three tanks and TK-61869-14 and a 35796"" Kinder Morgan Condensate Crude KMCC line to all three tanks and TK-61869- 14. The Magellan line also includes a pig launcher that is operated by Galena Park. The pig launcher on the KMCC line is not operated by Galena Park. Feed can be transferred between Feed Tanks via Pump P-HX which send feed through the AGO Exchanger HX1/2. Feed Pumps PM- 111A/B/C send Feed to Splitter 1/2 from TK-97415-1/2/3. Feed can be transferred from TK-61869-14 to TK- 200-1/2/3 via P-7 and then through P-HX also through the AGO Exchanger HX1/2 which will be review in node 7. This node also includes the hydrocarbon header which is a maintenance drain from the splitter, removes liquid from flare knockout drum and is the relief header for the Feed Pumps PM- 111A/B/C thermal safeties. TK-97415-1/200-3: - Capacity = 200,130 Atm BBl - MDMT = 30 degF - Max Temp = 200 degF"
Node 86555,Feed Tank and Feed Pumps PM-53688A/B/C,99-DWG-2929,MIX-74045,Mixer - 9000 Area Feedstock Tank,"From 25134 Tank Farm Project PHA This node includes Feed Tanks TK- 200-1/2/3. Normal operation is three Feed tanks with no quality difference. The plant can be fed from 12"" Magellan line to all three tanks and TK-61869-14 and a 35796"" Kinder Morgan Condensate Crude KMCC line to all three tanks and TK-61869- 14. The Magellan line also includes a pig launcher that is operated by Galena Park. The pig launcher on the KMCC line is not operated by Galena Park. Feed can be transferred between Feed Tanks via Pump P-HX which send feed through the AGO Exchanger HX1/2. Feed Pumps PM- 111A/B/C send Feed to Splitter 1/2 from TK-97415-1/2/3. Feed can be transferred from TK-61869-14 to TK- 200-1/2/3 via P-7 and then through P-HX also through the AGO Exchanger HX1/2 which will be review in node 7. This node also includes the hydrocarbon header which is a maintenance drain from the splitter, removes liquid from flare knockout drum and is the relief header for the Feed Pumps PM- 111A/B/C thermal safeties. TK-97415-1/200-3: - Capacity = 200,130 Atm BBl - MDMT = 30 degF - Max Temp = 200 degF"
Node 86555,Feed Tank and Feed Pumps PM-53688A/B/C,99-DWG-1829,HX1 & 2,9000 Area Heat Exchangers,"From 25134 Tank Farm Project PHA This node includes Feed Tanks TK- 200-1/2/3. Normal operation is three Feed tanks with no quality difference. The plant can be fed from 12"" Magellan line to all three tanks and TK-61869-14 and a 35796"" Kinder Morgan Condensate Crude KMCC line to all three tanks and TK-61869- 14. The Magellan line also includes a pig launcher that is operated by Galena Park. The pig launcher on the KMCC line is not operated by Galena Park. Feed can be transferred between Feed Tanks via Pump P-HX which send feed through the AGO Exchanger HX1/2. Feed Pumps PM- 111A/B/C send Feed to Splitter 1/2 from TK-97415-1/2/3. Feed can be transferred from TK-61869-14 to TK- 200-1/2/3 via P-7 and then through P-HX also through the AGO Exchanger HX1/2 which will be review in node 7. This node also includes the hydrocarbon header which is a maintenance drain from the splitter, removes liquid from flare knockout drum and is the relief header for the Feed Pumps PM- 111A/B/C thermal safeties. TK-97415-1/200-3: - Capacity = 200,130 Atm BBl - MDMT = 30 degF - Max Temp = 200 degF"
Node 86555,Feed Tank and Feed Pumps PM-53688A/B/C,99-DWG-5377,HTR-30860A/B/C/D,Heaters - 9000 Area AGO/Feedstock,"From 25134 Tank Farm Project PHA This node includes Feed Tanks TK- 200-1/2/3. Normal operation is three Feed tanks with no quality difference. The plant can be fed from 12"" Magellan line to all three tanks and TK-61869-14 and a 35796"" Kinder Morgan Condensate Crude KMCC line to all three tanks and TK-61869- 14. The Magellan line also includes a pig launcher that is operated by Galena Park. The pig launcher on the KMCC line is not operated by Galena Park. Feed can be transferred between Feed Tanks via Pump P-HX which send feed through the AGO Exchanger HX1/2. Feed Pumps PM- 111A/B/C send Feed to Splitter 1/2 from TK-97415-1/2/3. Feed can be transferred from TK-61869-14 to TK- 200-1/2/3 via P-7 and then through P-HX also through the AGO Exchanger HX1/2 which will be review in node 7. This node also includes the hydrocarbon header which is a maintenance drain from the splitter, removes liquid from flare knockout drum and is the relief header for the Feed Pumps PM- 111A/B/C thermal safeties. TK-97415-1/200-3: - Capacity = 200,130 Atm BBl - MDMT = 30 degF - Max Temp = 200 degF"
Node 86555,Feed Tank and Feed Pumps PM-53688A/B/C,99-DWG-5377,TK61869-13,Tank - 9000 Area AGO/Feedstock,"From 25134 Tank Farm Project PHA This node includes Feed Tanks TK- 200-1/2/3. Normal operation is three Feed tanks with no quality difference. The plant can be fed from 12"" Magellan line to all three tanks and TK-61869-14 and a 35796"" Kinder Morgan Condensate Crude KMCC line to all three tanks and TK-61869- 14. The Magellan line also includes a pig launcher that is operated by Galena Park. The pig launcher on the KMCC line is not operated by Galena Park. Feed can be transferred between Feed Tanks via Pump P-HX which send feed through the AGO Exchanger HX1/2. Feed Pumps PM- 111A/B/C send Feed to Splitter 1/2 from TK-97415-1/2/3. Feed can be transferred from TK-61869-14 to TK- 200-1/2/3 via P-7 and then through P-HX also through the AGO Exchanger HX1/2 which will be review in node 7. This node also includes the hydrocarbon header which is a maintenance drain from the splitter, removes liquid from flare knockout drum and is the relief header for the Feed Pumps PM- 111A/B/C thermal safeties. TK-97415-1/200-3: - Capacity = 200,130 Atm BBl - MDMT = 30 degF - Max Temp = 200 degF"
Node 86555,Feed Tank and Feed Pumps PM-53688A/B/C,99-DWG-5377,MIX-30860,Mixer - 9000 Area AGO/Feedstock Tank,"From 25134 Tank Farm Project PHA This node includes Feed Tanks TK- 200-1/2/3. Normal operation is three Feed tanks with no quality difference. The plant can be fed from 12"" Magellan line to all three tanks and TK-61869-14 and a 35796"" Kinder Morgan Condensate Crude KMCC line to all three tanks and TK-61869- 14. The Magellan line also includes a pig launcher that is operated by Galena Park. The pig launcher on the KMCC line is not operated by Galena Park. Feed can be transferred between Feed Tanks via Pump P-HX which send feed through the AGO Exchanger HX1/2. Feed Pumps PM- 111A/B/C send Feed to Splitter 1/2 from TK-97415-1/2/3. Feed can be transferred from TK-61869-14 to TK- 200-1/2/3 via P-7 and then through P-HX also through the AGO Exchanger HX1/2 which will be review in node 7. This node also includes the hydrocarbon header which is a maintenance drain from the splitter, removes liquid from flare knockout drum and is the relief header for the Feed Pumps PM- 111A/B/C thermal safeties. TK-97415-1/200-3: - Capacity = 200,130 Atm BBl - MDMT = 30 degF - Max Temp = 200 degF"
Node 86555,Feed Tank and Feed Pumps PM-53688A/B/C,99-DWG-3095 Redline,P-7,Pump - 9000 Area Feedstock,"From 25134 Tank Farm Project PHA This node includes Feed Tanks TK- 200-1/2/3. Normal operation is three Feed tanks with no quality difference. The plant can be fed from 12"" Magellan line to all three tanks and TK-61869-14 and a 35796"" Kinder Morgan Condensate Crude KMCC line to all three tanks and TK-61869- 14. The Magellan line also includes a pig launcher that is operated by Galena Park. The pig launcher on the KMCC line is not operated by Galena Park. Feed can be transferred between Feed Tanks via Pump P-HX which send feed through the AGO Exchanger HX1/2. Feed Pumps PM- 111A/B/C send Feed to Splitter 1/2 from TK-97415-1/2/3. Feed can be transferred from TK-61869-14 to TK- 200-1/2/3 via P-7 and then through P-HX also through the AGO Exchanger HX1/2 which will be review in node 7. This node also includes the hydrocarbon header which is a maintenance drain from the splitter, removes liquid from flare knockout drum and is the relief header for the Feed Pumps PM- 111A/B/C thermal safeties. TK-97415-1/200-3: - Capacity = 200,130 Atm BBl - MDMT = 30 degF - Max Temp = 200 degF"
Node 86555,Feed Tank and Feed Pumps PM-53688A/B/C,99-DWG-3095 Redline,TK-61869-14,Tank - 9000 Area Feedstock,"From 25134 Tank Farm Project PHA This node includes Feed Tanks TK- 200-1/2/3. Normal operation is three Feed tanks with no quality difference. The plant can be fed from 12"" Magellan line to all three tanks and TK-61869-14 and a 35796"" Kinder Morgan Condensate Crude KMCC line to all three tanks and TK-61869- 14. The Magellan line also includes a pig launcher that is operated by Galena Park. The pig launcher on the KMCC line is not operated by Galena Park. Feed can be transferred between Feed Tanks via Pump P-HX which send feed through the AGO Exchanger HX1/2. Feed Pumps PM- 111A/B/C send Feed to Splitter 1/2 from TK-97415-1/2/3. Feed can be transferred from TK-61869-14 to TK- 200-1/2/3 via P-7 and then through P-HX also through the AGO Exchanger HX1/2 which will be review in node 7. This node also includes the hydrocarbon header which is a maintenance drain from the splitter, removes liquid from flare knockout drum and is the relief header for the Feed Pumps PM- 111A/B/C thermal safeties. TK-97415-1/200-3: - Capacity = 200,130 Atm BBl - MDMT = 30 degF - Max Temp = 200 degF"
Node 86555,Feed Tank and Feed Pumps PM-53688A/B/C,99-DWG-3095 Redline,MIX-40903,Mixer - 9000 Area Feedstock Tank,"From 25134 Tank Farm Project PHA This node includes Feed Tanks TK- 200-1/2/3. Normal operation is three Feed tanks with no quality difference. The plant can be fed from 12"" Magellan line to all three tanks and TK-61869-14 and a 35796"" Kinder Morgan Condensate Crude KMCC line to all three tanks and TK-61869- 14. The Magellan line also includes a pig launcher that is operated by Galena Park. The pig launcher on the KMCC line is not operated by Galena Park. Feed can be transferred between Feed Tanks via Pump P-HX which send feed through the AGO Exchanger HX1/2. Feed Pumps PM- 111A/B/C send Feed to Splitter 1/2 from TK-97415-1/2/3. Feed can be transferred from TK-61869-14 to TK- 200-1/2/3 via P-7 and then through P-HX also through the AGO Exchanger HX1/2 which will be review in node 7. This node also includes the hydrocarbon header which is a maintenance drain from the splitter, removes liquid from flare knockout drum and is the relief header for the Feed Pumps PM- 111A/B/C thermal safeties. TK-97415-1/200-3: - Capacity = 200,130 Atm BBl - MDMT = 30 degF - Max Temp = 200 degF"
Node 86555,Feed Tank and Feed Pumps PM-53688A/B/C,99-DWG-3095,P-7,Pump - 9000 Area Feedstock,"From 25134 Tank Farm Project PHA This node includes Feed Tanks TK- 200-1/2/3. Normal operation is three Feed tanks with no quality difference. The plant can be fed from 12"" Magellan line to all three tanks and TK-61869-14 and a 35796"" Kinder Morgan Condensate Crude KMCC line to all three tanks and TK-61869- 14. The Magellan line also includes a pig launcher that is operated by Galena Park. The pig launcher on the KMCC line is not operated by Galena Park. Feed can be transferred between Feed Tanks via Pump P-HX which send feed through the AGO Exchanger HX1/2. Feed Pumps PM- 111A/B/C send Feed to Splitter 1/2 from TK-97415-1/2/3. Feed can be transferred from TK-61869-14 to TK- 200-1/2/3 via P-7 and then through P-HX also through the AGO Exchanger HX1/2 which will be review in node 7. This node also includes the hydrocarbon header which is a maintenance drain from the splitter, removes liquid from flare knockout drum and is the relief header for the Feed Pumps PM- 111A/B/C thermal safeties. TK-97415-1/200-3: - Capacity = 200,130 Atm BBl - MDMT = 30 degF - Max Temp = 200 degF"
Node 86555,Feed Tank and Feed Pumps PM-53688A/B/C,99-DWG-3095,TK-61869-14,Tank - 9000 Area Feedstock,"From 25134 Tank Farm Project PHA This node includes Feed Tanks TK- 200-1/2/3. Normal operation is three Feed tanks with no quality difference. The plant can be fed from 12"" Magellan line to all three tanks and TK-61869-14 and a 35796"" Kinder Morgan Condensate Crude KMCC line to all three tanks and TK-61869- 14. The Magellan line also includes a pig launcher that is operated by Galena Park. The pig launcher on the KMCC line is not operated by Galena Park. Feed can be transferred between Feed Tanks via Pump P-HX which send feed through the AGO Exchanger HX1/2. Feed Pumps PM- 111A/B/C send Feed to Splitter 1/2 from TK-97415-1/2/3. Feed can be transferred from TK-61869-14 to TK- 200-1/2/3 via P-7 and then through P-HX also through the AGO Exchanger HX1/2 which will be review in node 7. This node also includes the hydrocarbon header which is a maintenance drain from the splitter, removes liquid from flare knockout drum and is the relief header for the Feed Pumps PM- 111A/B/C thermal safeties. TK-97415-1/200-3: - Capacity = 200,130 Atm BBl - MDMT = 30 degF - Max Temp = 200 degF"
Node 86555,Feed Tank and Feed Pumps PM-53688A/B/C,99-DWG-3095,MIX-40903,Mixer - 9000 Area Feedstock Tank,"From 25134 Tank Farm Project PHA This node includes Feed Tanks TK- 200-1/2/3. Normal operation is three Feed tanks with no quality difference. The plant can be fed from 12"" Magellan line to all three tanks and TK-61869-14 and a 35796"" Kinder Morgan Condensate Crude KMCC line to all three tanks and TK-61869- 14. The Magellan line also includes a pig launcher that is operated by Galena Park. The pig launcher on the KMCC line is not operated by Galena Park. Feed can be transferred between Feed Tanks via Pump P-HX which send feed through the AGO Exchanger HX1/2. Feed Pumps PM- 111A/B/C send Feed to Splitter 1/2 from TK-97415-1/2/3. Feed can be transferred from TK-61869-14 to TK- 200-1/2/3 via P-7 and then through P-HX also through the AGO Exchanger HX1/2 which will be review in node 7. This node also includes the hydrocarbon header which is a maintenance drain from the splitter, removes liquid from flare knockout drum and is the relief header for the Feed Pumps PM- 111A/B/C thermal safeties. TK-97415-1/200-3: - Capacity = 200,130 Atm BBl - MDMT = 30 degF - Max Temp = 200 degF"
Node 86555,Feed Tank and Feed Pumps PM-53688A/B/C,99-DWG-3761,PM-53688A/B/C,Condensate Feed Pumps,"From 25134 Tank Farm Project PHA This node includes Feed Tanks TK- 200-1/2/3. Normal operation is three Feed tanks with no quality difference. The plant can be fed from 12"" Magellan line to all three tanks and TK-61869-14 and a 35796"" Kinder Morgan Condensate Crude KMCC line to all three tanks and TK-61869- 14. The Magellan line also includes a pig launcher that is operated by Galena Park. The pig launcher on the KMCC line is not operated by Galena Park. Feed can be transferred between Feed Tanks via Pump P-HX which send feed through the AGO Exchanger HX1/2. Feed Pumps PM- 111A/B/C send Feed to Splitter 1/2 from TK-97415-1/2/3. Feed can be transferred from TK-61869-14 to TK- 200-1/2/3 via P-7 and then through P-HX also through the AGO Exchanger HX1/2 which will be review in node 7. This node also includes the hydrocarbon header which is a maintenance drain from the splitter, removes liquid from flare knockout drum and is the relief header for the Feed Pumps PM- 111A/B/C thermal safeties. TK-97415-1/200-3: - Capacity = 200,130 Atm BBl - MDMT = 30 degF - Max Temp = 200 degF"
Node 86555,Feed Tank and Feed Pumps PM-53688A/B/C,99-DWG-3761,P-HX,Condensate Feed Pump,"- Capacity = 200,130 Atm BBl - MDMT = 30 degF - Max Temp = 200 degF"
Node 94182,Rerun Tank 100-14 and Rerun Pump P- HX,99-DWG-5353,TK-97415-1,Tank - 9000 Area Feedstock,From 25134 Tank Farm Project PHA This node includes Rerun Tank TK- 100-14. TK-61869-14 can be used as a feed surge tank but is normally used in Rerun service which takes finished products after coolers. TK- 100-14 can also be fed by the Magellan and KMCC pipelines which was covered in Node 6. Feed or Rerun can be transferred from TK-61869-14 to Feed Tanks TK- 200-1/2/3 via Pump P-7 and then through P-HX also through the AGO Exchanger HX1/2 to each tank. HX-1/2: - Shell MAWP = 150 psig @ 650 degF - Tube MAWP = 150 psig @ 650 degF - MDMT = - 20 degF
Node 94182,Rerun Tank 100-14 and Rerun Pump P- HX,99-DWG-5353,MIX-98749,Mixer - 9000 Area Feedstock Tank,From 25134 Tank Farm Project PHA This node includes Rerun Tank TK- 100-14. TK-61869-14 can be used as a feed surge tank but is normally used in Rerun service which takes finished products after coolers. TK- 100-14 can also be fed by the Magellan and KMCC pipelines which was covered in Node 6. Feed or Rerun can be transferred from TK-61869-14 to Feed Tanks TK- 200-1/2/3 via Pump P-7 and then through P-HX also through the AGO Exchanger HX1/2 to each tank. HX-1/2: - Shell MAWP = 150 psig @ 650 degF - Tube MAWP = 150 psig @ 650 degF - MDMT = - 20 degF
Node 94182,Rerun Tank 100-14 and Rerun Pump P- HX,99-DWG-8164,TK-97415-2,Tank - 9000 Area Feedstock,From 25134 Tank Farm Project PHA This node includes Rerun Tank TK- 100-14. TK-61869-14 can be used as a feed surge tank but is normally used in Rerun service which takes finished products after coolers. TK- 100-14 can also be fed by the Magellan and KMCC pipelines which was covered in Node 6. Feed or Rerun can be transferred from TK-61869-14 to Feed Tanks TK- 200-1/2/3 via Pump P-7 and then through P-HX also through the AGO Exchanger HX1/2 to each tank. HX-1/2: - Shell MAWP = 150 psig @ 650 degF - Tube MAWP = 150 psig @ 650 degF - MDMT = - 20 degF
Node 94182,Rerun Tank 100-14 and Rerun Pump P- HX,99-DWG-8164,MIX-50155,Mixer - 9000 Area Feedstock Tank,From 25134 Tank Farm Project PHA This node includes Rerun Tank TK- 100-14. TK-61869-14 can be used as a feed surge tank but is normally used in Rerun service which takes finished products after coolers. TK- 100-14 can also be fed by the Magellan and KMCC pipelines which was covered in Node 6. Feed or Rerun can be transferred from TK-61869-14 to Feed Tanks TK- 200-1/2/3 via Pump P-7 and then through P-HX also through the AGO Exchanger HX1/2 to each tank. HX-1/2: - Shell MAWP = 150 psig @ 650 degF - Tube MAWP = 150 psig @ 650 degF - MDMT = - 20 degF
Node 94182,Rerun Tank 100-14 and Rerun Pump P- HX,99-DWG-2929,TK-97415-3,Tank - 9000 Area Feedstock,From 25134 Tank Farm Project PHA This node includes Rerun Tank TK- 100-14. TK-61869-14 can be used as a feed surge tank but is normally used in Rerun service which takes finished products after coolers. TK- 100-14 can also be fed by the Magellan and KMCC pipelines which was covered in Node 6. Feed or Rerun can be transferred from TK-61869-14 to Feed Tanks TK- 200-1/2/3 via Pump P-7 and then through P-HX also through the AGO Exchanger HX1/2 to each tank. HX-1/2: - Shell MAWP = 150 psig @ 650 degF - Tube MAWP = 150 psig @ 650 degF - MDMT = - 20 degF
Node 94182,Rerun Tank 100-14 and Rerun Pump P- HX,99-DWG-2929,MIX-74045,Mixer - 9000 Area Feedstock Tank,From 25134 Tank Farm Project PHA This node includes Rerun Tank TK- 100-14. TK-61869-14 can be used as a feed surge tank but is normally used in Rerun service which takes finished products after coolers. TK- 100-14 can also be fed by the Magellan and KMCC pipelines which was covered in Node 6. Feed or Rerun can be transferred from TK-61869-14 to Feed Tanks TK- 200-1/2/3 via Pump P-7 and then through P-HX also through the AGO Exchanger HX1/2 to each tank. HX-1/2: - Shell MAWP = 150 psig @ 650 degF - Tube MAWP = 150 psig @ 650 degF - MDMT = - 20 degF
Node 94182,Rerun Tank 100-14 and Rerun Pump P- HX,99-DWG-1829,HX1 & 2,9000 Area Heat Exchangers,From 25134 Tank Farm Project PHA This node includes Rerun Tank TK- 100-14. TK-61869-14 can be used as a feed surge tank but is normally used in Rerun service which takes finished products after coolers. TK- 100-14 can also be fed by the Magellan and KMCC pipelines which was covered in Node 6. Feed or Rerun can be transferred from TK-61869-14 to Feed Tanks TK- 200-1/2/3 via Pump P-7 and then through P-HX also through the AGO Exchanger HX1/2 to each tank. HX-1/2: - Shell MAWP = 150 psig @ 650 degF - Tube MAWP = 150 psig @ 650 degF - MDMT = - 20 degF
Node 94182,Rerun Tank 100-14 and Rerun Pump P- HX,99-DWG-5377,HTR-30860A/B/C/D,Heaters - 9000 Area AGO/Feedstock,From 25134 Tank Farm Project PHA This node includes Rerun Tank TK- 100-14. TK-61869-14 can be used as a feed surge tank but is normally used in Rerun service which takes finished products after coolers. TK- 100-14 can also be fed by the Magellan and KMCC pipelines which was covered in Node 6. Feed or Rerun can be transferred from TK-61869-14 to Feed Tanks TK- 200-1/2/3 via Pump P-7 and then through P-HX also through the AGO Exchanger HX1/2 to each tank. HX-1/2: - Shell MAWP = 150 psig @ 650 degF - Tube MAWP = 150 psig @ 650 degF - MDMT = - 20 degF
Node 94182,Rerun Tank 100-14 and Rerun Pump P- HX,99-DWG-5377,TK61869-13,Tank - 9000 Area AGO/Feedstock,From 25134 Tank Farm Project PHA This node includes Rerun Tank TK- 100-14. TK-61869-14 can be used as a feed surge tank but is normally used in Rerun service which takes finished products after coolers. TK- 100-14 can also be fed by the Magellan and KMCC pipelines which was covered in Node 6. Feed or Rerun can be transferred from TK-61869-14 to Feed Tanks TK- 200-1/2/3 via Pump P-7 and then through P-HX also through the AGO Exchanger HX1/2 to each tank. HX-1/2: - Shell MAWP = 150 psig @ 650 degF - Tube MAWP = 150 psig @ 650 degF - MDMT = - 20 degF
Node 94182,Rerun Tank 100-14 and Rerun Pump P- HX,99-DWG-5377,MIX-30860,Mixer - 9000 Area AGO/Feedstock Tank,From 25134 Tank Farm Project PHA This node includes Rerun Tank TK- 100-14. TK-61869-14 can be used as a feed surge tank but is normally used in Rerun service which takes finished products after coolers. TK- 100-14 can also be fed by the Magellan and KMCC pipelines which was covered in Node 6. Feed or Rerun can be transferred from TK-61869-14 to Feed Tanks TK- 200-1/2/3 via Pump P-7 and then through P-HX also through the AGO Exchanger HX1/2 to each tank. HX-1/2: - Shell MAWP = 150 psig @ 650 degF - Tube MAWP = 150 psig @ 650 degF - MDMT = - 20 degF
Node 94182,Rerun Tank 100-14 and Rerun Pump P- HX,99-DWG-3095 Redline,P-7,Pump - 9000 Area Feedstock,From 25134 Tank Farm Project PHA This node includes Rerun Tank TK- 100-14. TK-61869-14 can be used as a feed surge tank but is normally used in Rerun service which takes finished products after coolers. TK- 100-14 can also be fed by the Magellan and KMCC pipelines which was covered in Node 6. Feed or Rerun can be transferred from TK-61869-14 to Feed Tanks TK- 200-1/2/3 via Pump P-7 and then through P-HX also through the AGO Exchanger HX1/2 to each tank. HX-1/2: - Shell MAWP = 150 psig @ 650 degF - Tube MAWP = 150 psig @ 650 degF - MDMT = - 20 degF
Node 94182,Rerun Tank 100-14 and Rerun Pump P- HX,99-DWG-3095 Redline,TK-61869-14,Tank - 9000 Area Feedstock,From 25134 Tank Farm Project PHA This node includes Rerun Tank TK- 100-14. TK-61869-14 can be used as a feed surge tank but is normally used in Rerun service which takes finished products after coolers. TK- 100-14 can also be fed by the Magellan and KMCC pipelines which was covered in Node 6. Feed or Rerun can be transferred from TK-61869-14 to Feed Tanks TK- 200-1/2/3 via Pump P-7 and then through P-HX also through the AGO Exchanger HX1/2 to each tank. HX-1/2: - Shell MAWP = 150 psig @ 650 degF - Tube MAWP = 150 psig @ 650 degF - MDMT = - 20 degF
Node 94182,Rerun Tank 100-14 and Rerun Pump P- HX,99-DWG-3095 Redline,MIX-40903,Mixer - 9000 Area Feedstock Tank,From 25134 Tank Farm Project PHA This node includes Rerun Tank TK- 100-14. TK-61869-14 can be used as a feed surge tank but is normally used in Rerun service which takes finished products after coolers. TK- 100-14 can also be fed by the Magellan and KMCC pipelines which was covered in Node 6. Feed or Rerun can be transferred from TK-61869-14 to Feed Tanks TK- 200-1/2/3 via Pump P-7 and then through P-HX also through the AGO Exchanger HX1/2 to each tank. HX-1/2: - Shell MAWP = 150 psig @ 650 degF - Tube MAWP = 150 psig @ 650 degF - MDMT = - 20 degF
Node 94182,Rerun Tank 100-14 and Rerun Pump P- HX,99-DWG-3095,P-7,Pump - 9000 Area Feedstock,From 25134 Tank Farm Project PHA This node includes Rerun Tank TK- 100-14. TK-61869-14 can be used as a feed surge tank but is normally used in Rerun service which takes finished products after coolers. TK- 100-14 can also be fed by the Magellan and KMCC pipelines which was covered in Node 6. Feed or Rerun can be transferred from TK-61869-14 to Feed Tanks TK- 200-1/2/3 via Pump P-7 and then through P-HX also through the AGO Exchanger HX1/2 to each tank. HX-1/2: - Shell MAWP = 150 psig @ 650 degF - Tube MAWP = 150 psig @ 650 degF - MDMT = - 20 degF
Node 94182,Rerun Tank 100-14 and Rerun Pump P- HX,99-DWG-3095,TK-61869-14,Tank - 9000 Area Feedstock,From 25134 Tank Farm Project PHA This node includes Rerun Tank TK- 100-14. TK-61869-14 can be used as a feed surge tank but is normally used in Rerun service which takes finished products after coolers. TK- 100-14 can also be fed by the Magellan and KMCC pipelines which was covered in Node 6. Feed or Rerun can be transferred from TK-61869-14 to Feed Tanks TK- 200-1/2/3 via Pump P-7 and then through P-HX also through the AGO Exchanger HX1/2 to each tank. HX-1/2: - Shell MAWP = 150 psig @ 650 degF - Tube MAWP = 150 psig @ 650 degF - MDMT = - 20 degF
Node 94182,Rerun Tank 100-14 and Rerun Pump P- HX,99-DWG-3095,MIX-40903,Mixer - 9000 Area Feedstock Tank,From 25134 Tank Farm Project PHA This node includes Rerun Tank TK- 100-14. TK-61869-14 can be used as a feed surge tank but is normally used in Rerun service which takes finished products after coolers. TK- 100-14 can also be fed by the Magellan and KMCC pipelines which was covered in Node 6. Feed or Rerun can be transferred from TK-61869-14 to Feed Tanks TK- 200-1/2/3 via Pump P-7 and then through P-HX also through the AGO Exchanger HX1/2 to each tank. HX-1/2: - Shell MAWP = 150 psig @ 650 degF - Tube MAWP = 150 psig @ 650 degF - MDMT = - 20 degF
Node 94182,Rerun Tank 100-14 and Rerun Pump P- HX,99-DWG-3761,PM-53688A/B/C,Condensate Feed Pumps,From 25134 Tank Farm Project PHA This node includes Rerun Tank TK- 100-14. TK-61869-14 can be used as a feed surge tank but is normally used in Rerun service which takes finished products after coolers. TK- 100-14 can also be fed by the Magellan and KMCC pipelines which was covered in Node 6. Feed or Rerun can be transferred from TK-61869-14 to Feed Tanks TK- 200-1/2/3 via Pump P-7 and then through P-HX also through the AGO Exchanger HX1/2 to each tank. HX-1/2: - Shell MAWP = 150 psig @ 650 degF - Tube MAWP = 150 psig @ 650 degF - MDMT = - 20 degF
Node 94182,Rerun Tank 100-14 and Rerun Pump P- HX,99-DWG-3761,P-HX,Condensate Feed Pump,From 25134 Tank Farm Project PHA This node includes Rerun Tank TK- 100-14. TK-61869-14 can be used as a feed surge tank but is normally used in Rerun service which takes finished products after coolers. TK- 100-14 can also be fed by the Magellan and KMCC pipelines which was covered in Node 6. Feed or Rerun can be transferred from TK-61869-14 to Feed Tanks TK- 200-1/2/3 via Pump P-7 and then through P-HX also through the AGO Exchanger HX1/2 to each tank. HX-1/2: - Shell MAWP = 150 psig @ 650 degF - Tube MAWP = 150 psig @ 650 degF - MDMT = - 20 degF
Node 77215,Waste Water TK-5 and Pumps P-95795A/B P- 17 and P-74532,99-DWG-5353,TK-97415-1,Tank - 9000 Area Feedstock,From 25134 Tank Farm Project PHA This node includes Waste Water Tank TK-5. TK-5 receives process water from Splitter 1/2 Overhead Accumulator PV-56446/202 as well as the curbed containment areas. TK-5 also receives water from the two lift stations in the tank farm area which receive water draw from each of the product tanks and the curbed
Node 77215,Waste Water TK-5 and Pumps P-95795A/B P- 17 and P-74532,99-DWG-5353,MIX-98749,Mixer - 9000 Area Feedstock Tank,From 25134 Tank Farm Project PHA This node includes Waste Water Tank TK-5. TK-5 receives process water from Splitter 1/2 Overhead Accumulator PV-56446/202 as well as the curbed containment areas. TK-5 also receives water from the two lift stations in the tank farm area which receive water draw from each of the product tanks and the curbed
Node 77215,Waste Water TK-5 and Pumps P-95795A/B P- 17 and P-74532,99-DWG-8909,P84873 thru P38095,Pumps - Process Waste Water Tank,From 25134 Tank Farm Project PHA This node includes Waste Water Tank TK-5. TK-5 receives process water from Splitter 1/2 Overhead Accumulator PV-56446/202 as well as the curbed containment areas. TK-5 also receives water from the two lift stations in the tank farm area which receive water draw from each of the product tanks and the curbed
Node 77215,Waste Water TK-5 and Pumps P-95795A/B P- 17 and P-74532,99-DWG-8909,TK 5-0,Process Waste Water Tank,From 25134 Tank Farm Project PHA This node includes Waste Water Tank TK-5. TK-5 receives process water from Splitter 1/2 Overhead Accumulator PV-56446/202 as well as the curbed containment areas. TK-5 also receives water from the two lift stations in the tank farm area which receive water draw from each of the product tanks and the curbed
Node 77215,Waste Water TK-5 and Pumps P-95795A/B P- 17 and P-74532,99-DWG-8909 Redline,P84873 thru P38095,Pumps - Process Waste Water Tank,From 25134 Tank Farm Project PHA This node includes Waste Water Tank TK-5. TK-5 receives process water from Splitter 1/2 Overhead Accumulator PV-56446/202 as well as the curbed containment areas. TK-5 also receives water from the two lift stations in the tank farm area which receive water draw from each of the product tanks and the curbed
Node 77215,Waste Water TK-5 and Pumps P-95795A/B P- 17 and P-74532,99-DWG-8909 Redline,TK 5-0,Process Waste Water Tank,From 25134 Tank Farm Project PHA This node includes Waste Water Tank TK-5. TK-5 receives process water from Splitter 1/2 Overhead Accumulator PV-56446/202 as well as the curbed containment areas. TK-5 also receives water from the two lift stations in the tank farm area which receive water draw from each of the product tanks and the curbed
Node 77215,Waste Water TK-5 and Pumps P-95795A/B P- 17 and P-74532,99-DWG-1408,P-98747,Pump,From 25134 Tank Farm Project PHA This node includes Waste Water Tank TK-5. TK-5 receives process water from Splitter 1/2 Overhead Accumulator PV-56446/202 as well as the curbed containment areas. TK-5 also receives water from the two lift stations in the tank farm area which receive water draw from each of the product tanks and the curbed
Node 77215,Waste Water TK-5 and Pumps P-95795A/B P- 17 and P-74532,99-DWG-1408,P-74532,Pump,From 25134 Tank Farm Project PHA This node includes Waste Water Tank TK-5. TK-5 receives process water from Splitter 1/2 Overhead Accumulator PV-56446/202 as well as the curbed containment areas. TK-5 also receives water from the two lift stations in the tank farm area which receive water draw from each of the product tanks and the curbed
Node 77215,Waste Water TK-5 and Pumps P-95795A/B P- 17 and P-74532,99-DWG-1408,PM-95795A/B,TK-5 Transfer Pumps,From 25134 Tank Farm Project PHA This node includes Waste Water Tank TK-5. TK-5 receives process water from Splitter 1/2 Overhead Accumulator PV-56446/202 as well as the curbed containment areas. TK-5 also receives water from the two lift stations in the tank farm area which receive water draw from each of the product tanks and the curbed
