Safeguard_Text,Extracted_Tag_Clean,Technique,Node_ID,Confidence,Semantic_Score,S,Cause_Text,Consequence_Text
"8"" valve on feed outlet from EX-92182/203 is CSO",General SIF (No Tag),Tier 2: Semantic NLP Match,Node 19,Medium,0.354,4.0,"EX-99986 Exchanger Isolation | EX-92182 Exchanger Isolation | 8"" manual valve downstream of EX-92182 inadvertently closed",Blocked in flow from EX-92182; Potential thermal expansion and release with potential ignition and personnel impact | Potential thermal expansion and release with potential ignition and personnel impact
Ability to pump to splitter feed tank.,General SIF (No Tag),Tier 2: Semantic NLP Match,Node 45,Medium,0.378,3.0,Development of emulsion layer in Tank- 5.,Potential to discharge out of spec waste water; Potential to impact biologics at water treatment; Potential financial impact
All Hot Oil Circulation Pumps PM- 102A/B/C/D down - trips Hot Oil Heater F- 101,General SIF (No Tag),Tier 1: Explicit Interlock/AF Tag,Node 10,High,N/A,4.0,Multiple Hot Oil Circulation Pumps PM- 102A/B/C/D trip,"Reduced hot oil flow, potential for overheating of Hot Oil Heater F-81314 tubes, tube failure, loss of containment, ignition, heater damage, potential personnel impact"
All Hot Oil Circulation Pumps PM- 202A/B/C/D down - trips Hot Oil Heater F- 201,General SIF (No Tag),Tier 1: Explicit Interlock/AF Tag,Node 28,High,N/A,4.0,Multiple Hot Oil Circulation Pumps PM- 202A/B/C/D trip,"Reduced hot oil flow, potential for overheating of Hot Oil Heater F-33219 tubes, tube failure, loss of containment, ignition, heater damage, potential personnel impact"
CM-33219A/B run permissive requires at least one AF-82745 fan running to remain online,AF-82745 | CM-33219A,Tier 1: Explicit Interlock/AF Tag,Node 27,High,N/A,1.0,AF-82745 Gas Aftercooler Fan Failure,Reduced ability to cool CM-33219A/B compressor discharge gas; Potential higher BTUs; Potential increased offgas to Heater; Potential increased emissions with potential environmental impact
CM-81314A/B run permissive requires at least one AF-48603 fan running to remain online,AF-48603 | CM-81314A,Tier 1: Explicit Interlock/AF Tag,Node 9,High,N/A,1.0,AF-48603 Gas Aftercooler Fan Failure,Reduced ability to cool CM-81314A/B compressor discharge gas; Potential higher BTUs; Potential increased offgas to Heater; Potential increased emissions with potential environmental impact
Combustible gas detectors located throughout facility with action to emergency shutdown ESD,General SIF (No Tag),Tier 1: Explicit Interlock/AF Tag,Node 46,High,N/A,,Leak from any piping flange/ pump seal | Leak from any manual drain valve | Impacts to equipment from external sources,"Potential release of gas/ liquid to atmosphere, potential fire/explosion, personnel injury, environmental impact"
Constant operator monitoring,General SIF (No Tag),Tier 2: Semantic NLP Match,Node 11,Medium,0.359,4.0,"Shutoff valve XV-36955/40116 fails open due to debris or left open (Water draw off pot Interface level control, human intervention to actuate valve)","Potential to send Y Grade to Process Water Tank TK 5- 201. Potential release to atmosphere from vapor space above floating roof, ignition, personnel impact."
Desalter start-up and shutdown procedures,General SIF (No Tag),Tier 1: Explicit Interlock/AF Tag,Node 34,High,N/A,2.0,Failure to shut off water after starting up and before shutting down,Potential to short out the Desalter grids DT-81314A/B/C; Potential to damage the grids with potential financial impact
FAL-19313 low flow alarm downstream of AF-59524 will shutdown pumps PM- 106A/B,AF-59524 | FAL-19313,Tier 1: Explicit Interlock/AF Tag,Node 40,High,N/A,4.0,"MOV-66277/ 22/ 24 closed on outlet of tank TK-61869-11/20 and TK-85935-10 to Transfer Pump P-1A/B when tank is in transfer to pipeline | 12"" manual valve blocked on inlet valve to Transfer Pump P-1A/B or strainer plugs | MOV-98319/06/07 closed on outlet of tank TK-61869-11/20 and TK-85935-10 to Transfer Pump P-1A/B when tank is in transfer to pipeline | MOV-50697 fails closed when not performing diesel flush on outlet of pump P-1A/B | Plugged Kero Filters | Transfer Pump P-1A/B stops | Blocked 8"" manual outlet valve of Transfer Pump P-1A/B | MOV-99758 fails closed or 38095"" valve closed on product manifold out of facility","High level in Kero Stripper T-59524/204; Potential Combi Tower T-56446/202 flooding; high differential pressure; Potential to get kero liquids in the vapor return line; Potential damage to vapor return piping; Potential release with ignition and personnel impact | High level in Kero Stripper T-59524/204; Potential Combi Tower T-56446/202 flooding; leading to products Diesel and AGO going off-spec, operability/product quality issues; Potential financial impact | Potential Kero tank overfill (TK-61869-20/11, TK-85935-10); High level in Kero Stripper T-59524/204; Potential Combi Tower T- 102/202 flooding; high differential pressure; Potential to get kero liquids in the vapor return line; Potential damage to vapor return piping; Potential release with ignition and personnel impact | Potential Kero tank overfill (TK-61869-20/11, TK-85935-10); High level in Kero Stripper T-59524/204; Potential Combi Tower T- 102/202 flooding; leading to products Diesel and AGO going off- spec, operability/product quality issues; Potential financial impact"
FAL-19313 low flow alarm downstream of AF-59524 will shutdown pumps PM- 106A/B,AF-59524 | FAL-19313,Tier 1: Explicit Interlock/AF Tag,Node 7,High,N/A,4.0,Level control valve LCV-74017 fails closed | Manual valve closed inadvertently in Kero Stripper Product Pump PM-76255A/B suction or basket strainers on suction lines plugged | T-56446 Combi Tower Tray Pluggage,"Potential Combi Tower T-56446 flooding; leading to products Diesel and AGO going off-spec, operability/product quality issues; Potential financial impact | Potential Combi Tower T-56446 flooding; high differential pressure; Potential to get kero liquids in the vapor return line; Potential damage to vapor return piping; Potential release with ignition and personnel impact | High level in Kero Stripper T-59524; Potential Combi Tower T-56446 flooding; high differential pressure; Potential to get kero liquids in the vapor return line; Potential damage to vapor return piping; Potential release with ignition and personnel impact"
FAL-80717 low flow alarm downstream of AF-80996 will shutdown pumps PM- 206A/B,AF-80996 | FAL-80717,Tier 1: Explicit Interlock/AF Tag,Node 25,High,N/A,4.0,T-92182 Combi Tower Tray Pluggage | Level control valve LCV-20382 fails closed | Manual valve closed inadvertently in Kero Stripper Product Pump PM-48495A/B suction or basket strainers on suction lines plugged,"Potential Combi Tower T-92182 flooding; high differential pressure; Potential to get kero liquids in the vapor return line; Potential damage to vapor return piping; Potential release with ignition and personnel impact | High level in Kero Stripper T-80996; Potential Combi Tower T-92182 flooding; high differential pressure; Potential to get kero liquids in the vapor return line; Potential damage to vapor return piping; Potential release with ignition and personnel impact | Potential Combi Tower T-92182 flooding; leading to products Diesel and AGO going off-spec, operability/product quality issues; Potential financial impact"
FAL-80717 low flow alarm downstream of AF-80996 will shutdown pumps PM- 206A/B,AF-80996 | FAL-80717,Tier 1: Explicit Interlock/AF Tag,Node 40,High,N/A,4.0,"MOV-66277/ 22/ 24 closed on outlet of tank TK-61869-11/20 and TK-85935-10 to Transfer Pump P-1A/B when tank is in transfer to pipeline | 12"" manual valve blocked on inlet valve to Transfer Pump P-1A/B or strainer plugs | MOV-98319/06/07 closed on outlet of tank TK-61869-11/20 and TK-85935-10 to Transfer Pump P-1A/B when tank is in transfer to pipeline | MOV-50697 fails closed when not performing diesel flush on outlet of pump P-1A/B | Plugged Kero Filters | Transfer Pump P-1A/B stops | Blocked 8"" manual outlet valve of Transfer Pump P-1A/B | MOV-99758 fails closed or 38095"" valve closed on product manifold out of facility","High level in Kero Stripper T-59524/204; Potential Combi Tower T-56446/202 flooding; high differential pressure; Potential to get kero liquids in the vapor return line; Potential damage to vapor return piping; Potential release with ignition and personnel impact | High level in Kero Stripper T-59524/204; Potential Combi Tower T-56446/202 flooding; leading to products Diesel and AGO going off-spec, operability/product quality issues; Potential financial impact | Potential Kero tank overfill (TK-61869-20/11, TK-85935-10); High level in Kero Stripper T-59524/204; Potential Combi Tower T- 102/202 flooding; high differential pressure; Potential to get kero liquids in the vapor return line; Potential damage to vapor return piping; Potential release with ignition and personnel impact | Potential Kero tank overfill (TK-61869-20/11, TK-85935-10); High level in Kero Stripper T-59524/204; Potential Combi Tower T- 102/202 flooding; leading to products Diesel and AGO going off- spec, operability/product quality issues; Potential financial impact"
FALL-51015 low- low flow alarm will shutdown pumps PM- 312A/B,FALL-51015,Tier 1: Explicit Interlock/AF Tag,Node 12,High,N/A,4.0,"PM-43641A/B pumps fail to trip off | Manual valve(s) downstream of PM- 312A/B pumps inadvertently closed | 3"" manual valve on suction to PM-43641A/B pumps inadvertently closed","Potential to drain all level from PV-14664 Flare KO Drum; Potential to lose suction to PM-43641A/B pumps; Potential to cavitate pumps with seal failure, potential ignition and personnel impact | Blocked discharge from PM-43641A/B pumps; Potential to deadhead pumps with seal failure, potential ignition and personnel impact | Loss of suction to PM-43641A/B pumps; Potential to cavitate pumps with seal failure, potential ignition and personnel impact"
FCV- 24100/24120 fuel supply control valve will further control the fuel gas supply pressure,General SIF (No Tag),Tier 2: Semantic NLP Match,Node 28,Medium,0.351,4.0,What if fuel supply regulator fails open?,"Increased heating of hot oil; potential for overheating of Hot Oil Heater F-33219 tubes, tube failure, loss of containment, ignition, heater damage, potential personnel impact and environmental impact"
FD Fan BM-73992 or ID Fan BM-59524 shutdown trips Hot Oil Heater F-81314,BM-73992 | BM-59524,Tier 1: Explicit Interlock/AF Tag,Node 10,High,N/A,3.0,What if blower or motor fails?,"Potential for over temperature of Hot Oil Heater F- 101/ducts, heater damage"
FD Fan BM-99986 or ID Fan BM-80996 shutdown trips Hot Oil Heater F-33219,BM-99986 | BM-80996,Tier 1: Explicit Interlock/AF Tag,Node 28,High,N/A,3.0,What if blower or motor fails?,"Potential for over temperature of Hot Oil Heater F- 201/ducts, heater damage"
FSL-69404/5002 low flow switch will shutdown chiller compressor units,FSL-69404,Tier 1: Explicit Interlock/AF Tag,Node 38,High,N/A,1.0,"Manual valve closed downstream of rundown chiller EX-28669 to tank TK-24946-24/25 | Manual valve closed on suction of Naphtha Recirculation Pump P-6 or strainer plugs | Recirculation Pump P-6 stops | 10"" valve closed on discharge of Recirculation Pump P6 or MOV-63896/9449 closed on inlet to TK-24946-24 or MOV-94291/9441 closed on inlet to TK-24946-25 | MOV-59888/ 9429/ 9410/ 9412 closed on outlet of tank TK-24946-24/25 to Recirculation Pump P-6 when tank is in recirculation","Loss of Light Naphtha flow to storage from chiller, loss of heat load on glycol circuit, low delta temperature on chiller units, potential chiller compressor damage, release of glycol/ refrigerant and minor environmental impact, potential equipment damage"
Flow switch FS- 1/2 on low flow shutdown on glycol after chiller compressors with alarm,General SIF (No Tag),Tier 1: Explicit Interlock/AF Tag,Node 38,High,N/A,1.0,P-35796A/B/C glycol pump trip,"Loss of glycol flow to Light Naphtha Rundown/Recirculation Chillers EX-28669/115, increased tank temperature, increased light naphtha true vapor pressure (TVP), potential release from Light Naphtha Tank TK-24946-24/25, potential off-spec product, environmental exceedance"
Flow switch FS- 9125 low flow shutdown on pump P- HX with alarm,General SIF (No Tag),Tier 1: Explicit Interlock/AF Tag,Node 44,High,N/A,4.0,"All 8"" manual valves closed on feed manifold outlet of tank TK-97415/1/2/3 to Transfer Pump P-HX when transferring from tank to tank | Pump P-HX stops | Pump P-7 stops | 8"" valve closed on discharge of Pump P-7 | 10"" valve closed on discharge of Pump P- HX or 8"" valve closed on inlet of AGO Exchangers HX-1/2 | 12"" valve closed on suction to Pump P-7 or strainer plugs","Loss of Rerun flow to Pumps P-7 and P-HX, potential cavitation and seal leak of P-HX, release of rerun/ condensate to grade, potential seal fire or explosion, personnel injury, environmental impact | Decreased flow of Rerun tank to tank transfer rate, delay in transfer; Potential financial impact | Blocked flow from pump P-HX; Potential pump deadhead and seal leak of P-HX, release of rerun/ condensate to grade, potential seal fire or explosion, personnel injury, environmental impact"
Flow switch FS- 9202/04 low flow shutdown on pump P- 1A/B with alarm,General SIF (No Tag),Tier 1: Explicit Interlock/AF Tag,Node 40,High,N/A,4.0,"MOV-66277/ 22/ 24 closed on outlet of tank TK-61869-11/20 and TK-85935-10 to Transfer Pump P-1A/B when tank is in transfer to pipeline | 12"" manual valve blocked on inlet valve to Transfer Pump P-1A/B or strainer plugs | MOV-98319/06/07 closed on outlet of tank TK-61869-11/20 and TK-85935-10 to Transfer Pump P-1A/B when tank is in transfer to pipeline | MOV-50697 fails closed when not performing diesel flush on outlet of pump P-1A/B | Blocked 8"" manual outlet valve of Transfer Pump P-1A/B | MOV-99758 fails closed or 38095"" valve closed on product manifold out of facility","No flow of kero from kero tanks TK-61869-11/20 and 85935-10 to Transfer Pump P-1A/B, loss of flow to kero P-1A/B, potential cavitation and seal leak, release of kero to grade, potential seal fire, personnel injury, environmental impact | Loss of flow from kero P-1A/B, potential deadhead and seal leak, release of kero to grade, potential seal fire, personnel injury, environmental impact | No flow of kero from kero tanks TK-61869-11/20 and 85935- 10 to Transfer Pump P-1A/B, loss of flow to kero P-1A/B, potential cavitation and seal leak, release of kero to grade, potential seal fire, personnel injury, environmental impact"
Flow switch FS- 9202/04 low flow shutdown on pump P- 1A/B with alarm,General SIF (No Tag),Tier 1: Explicit Interlock/AF Tag,Node 41,High,N/A,4.0,"MOV-77397/ 09 closed on outlet of tank TK- 100-12/21 to Transfer Pump P-1A/B when tank is in transfer to pipeline | Blocked 8"" manual outlet valve of Transfer Pump P-1A/B | MOV-72031 /9326 closed on outlet of tank TK-61869-12/21 to Transfer Pump P-1A/B when tank is in transfer to pipeline | 12"" manual valve blocked on inlet valve to Transfer Pump P-1A/B or strainer plugs","Decreased flow of diesel from Diesel Tanks TK-61869- 12/21 to Transfer Pump P-1A/B, loss of flow to P-1A/B, potential cavitation and seal leak, release of diesel to grade, potential seal fire, personnel injury, environmental impact | Decreased flow of diesel from Diesel Tanks TK-61869-12/21 to Transfer Pump P-1A/B, loss of flow to P-1A/B, potential cavitation and seal leak, release of diesel to grade, potential seal fire, personnel injury, environmental impact | Blocked flow out of Transfer Pump P-1A/B, potential deadhead and seal leak, release of diesel to grade, potential seal fire, personnel injury, environmental impact"
Flow switch FS- 9212 low flow shutdown on pump P-4 with alarm,General SIF (No Tag),Tier 1: Explicit Interlock/AF Tag,Node 40,High,N/A,4.0,"12"" or 41824"" valve closed on suction to Kero Transfer Pump P-4 or strainer plugs | 10"" valve closed on discharge of Transfer Pump P-4","Loss of flow to Kero to Transfer Pump P-4, potential cavitation and seal leak, release of kero to atmosphere, potential seal fire, personnel injury, environmental impact | Loss of flow from Kero to Transfer Pump P-4, potential deadhead and seal leak, release of kero to atmosphere, potential seal fire, personnel injury, environmental impact"
Flow switch FS- 9212 low flow shutdown on pump P-4 with alarm,General SIF (No Tag),Tier 1: Explicit Interlock/AF Tag,Node 41,High,N/A,4.0,"10"" valve closed on discharge of Transfer Pump P-4 to other tank (when performing tank transfer) | 12"" or 41824"" valve closed on suction to Transfer Pump P-4 or strainer plugs | 10"" valve closed on discharge of Transfer Pump P-4","Loss of flow from Transfer Pump P-4, potential deadhead and seal leak, release of diesel to atmosphere, potential seal fire from seal, personnel injury, environmental impact | Loss of flow to Diesel to Transfer Pump P-4, potential cavitation and seal leak, release of diesel to atmosphere, potential seal fire from seal, personnel injury, environmental impact"
Flow switch FS- 9302/04 low flow shutdown on pump P- 3A/B with alarm,General SIF (No Tag),Tier 1: Explicit Interlock/AF Tag,Node 42,High,N/A,4.0,"MOV-85766/ 06/ 07 closed on outlet of tank TK-24946-22/23 and TK-61869-13 to Transfer Pump P-3A/B when tank is in transfer to pipeline | MOV-19780 /9327/ 9328 closed on outlet of tank TK-24946-22/23 and TK-61869-13 to Transfer Pump P-3A/B when tank is in transfer to pipeline | Blocked 14"" manual outlet valve of Transfer Pump P-3A/B | MOV-42589/12 closed on inlet valve to Transfer Pump P-3A/B or strainer plugs","Blocked flow from Transfer Pump P-3A/B, potential deadhead and seal leak, release of AGO to grade, potential ignition and personnel impact | Decreased flow of AGO from AGO Tanks TK-24946-22/23 and TK-61869-13 to Transfer Pump P-3A/B, loss of flow to AGO P- 3A/B, potential cavitation and seal leak, release of AGO to grade, potential ignition and personnel impact"
Flow switch FS- 9402 low flow shutdown on pump P-6 with alarm,General SIF (No Tag),Tier 1: Explicit Interlock/AF Tag,Node 38,High,N/A,4.0,"MOV-59888/ 9429/ 9410/ 9412 closed on outlet of tank TK-24946-24/25 to Transfer Pump P-2 when tank is in transfer to pipeline | Manual valve closed on suction of Naphtha Recirculation Pump P-6 or strainer plugs | High naphtha flow from Transfer Pumps P-2A/B (3100 vs 18888 gpm design vs required) out to product terminal | More recirculation outflow than inflow (operator error) | 10"" valve closed on discharge of Recirculation Pump P6 or MOV-63896/9449 closed on inlet to TK-24946-24 or MOV-94291/9441 closed on inlet to TK-24946-25 | MOV-59888/ 9429/ 9410/ 9412 closed on outlet of tank TK-24946-24/25 to Recirculation Pump P-6 when tank is in recirculation","Loss of flow to Light Naphtha Recirculation Pump P-6, potential cavitation and seal leak, release of naphtha to atmosphere, potential ignition and personnel impact | Loss of flow from Light Naphtha Recirculation Pump P-6, potential deadhead and seal leak, release of naphtha to atmosphere, potential ignition and personnel impact"
Flow switch FS- 9404 low flow shutdown on pump P-7 with alarm,General SIF (No Tag),Tier 1: Explicit Interlock/AF Tag,Node 44,High,N/A,4.0,"12"" valve closed on suction to Pump P-7 or strainer plugs | Pump P-HX stops | 10"" valve closed on discharge of Pump P- HX or 8"" valve closed on inlet of AGO Exchangers HX-1/2 | 8"" valve closed on discharge of Pump P-7","Loss of Rerun flow to Pump P-7, potential cavitation and seal leak, release of rerun to atmosphere, potential seal fire from seal, personnel injury, environmental impact, asset damage | Blocked flow from Pump P-7, potential deadhead and seal leak, release of rerun to atmosphere, potential seal fire from seal, personnel injury, environmental impact, asset damage"
Flow switch FS- 9630 low flow shutdown on pump P-5 with alarm,General SIF (No Tag),Tier 1: Explicit Interlock/AF Tag,Node 42,High,N/A,4.0,"12"" valve closed on suction to Transfer Pump P-5 or strainer plugs | 10"" valve closed on discharge of Transfer Pump P-5","Loss of flow to AGO to Transfer Pump P-5, potential cavitation and seal leak, release of AGO to atmosphere, potential ignition and personnel impact | Loss of flow to AGO from Transfer Pump P-5, potential deadhead and seal leak, release of AGO to atmosphere, potential seal fire from seal, personnel injury, environmental impact"
Flow switch low FSL-58270 low flow shutdown on pump P- 19 with alarm,FSL-58270,Tier 1: Explicit Interlock/AF Tag,Node 45,High,N/A,4.0,"Manual valve closed on Discharge of Pump P-74532 | 4"" manual valve closed on suction of Pump P-74532 or strainer plugs","Blocked flow from Skimmer Pump P-74532, potential deadhead and seal leak, release of hydrocarbon to grade, potential seal or pool fire, potential personnel injury, environmental impact, asset damage | No flow to Skimmer Pump P-74532, potential cavitation and seal leak, release of hydrocarbon to grade, potential seal or pool fire, potential personnel injury, environmental impact, asset damage"
Ground system trips system on loss of connectivity,General SIF (No Tag),Tier 1: Explicit Interlock/AF Tag,Node 11,High,N/A,4.0,Driver pulls away while loading or hose rupture | Trailer is not properly grounded before loading,"Potential release from hose/piping, ignition, personnel impact | Potential ignition inside trailer, personnel impact"
High flue gas duct temperature - trips Hot Oil Heater F-33219 TI- 24104A/B/C/D and TI- 59252A/B/C/D,General SIF (No Tag),Tier 1: Explicit Interlock/AF Tag,Node 28,High,N/A,2.0,FCV-21555 fails open or bypass inadvertently open,Inadvertent bypass of hot oil flow around EX-11354 Combi Tower Feed Preheater; Potential reduced heat to Combi Tower T- 202 feed; Potential off-spec product; Potential trip to Heater; Potential flaring; Potential downtime; Potential environmental and environmental impact
High flue gas duct temperature - trips Hot Oil Heater F-33219 TI- 67872A/B/C/D and TI- 59252A/B/C/D,General SIF (No Tag),Tier 1: Explicit Interlock/AF Tag,Node 28,High,N/A,4.0,Multiple Hot Oil Circulation Pumps PM- 202A/B/C/D trip | FCV-35336 fails closed or manual valve(s) inadvertently closed | Reduced heat transfer fluid flow | Hot oil blocked in at Hot Oil Heater F-33219 | What if burner tube ruptures? | What if fuel supply regulator fails open? | What if solids build up on tube internal surfaces? | What if vessel temperature control loop fails open or closed? | What if hot oil flow through the tubes stops? | What if fuel supply pressure increases? | What if burner tube skin temperature increases? (Caused by flow restriction in tube) | What if blower or motor fails?,"Potential to overpressure hot oil piping, loss of containment, release, personnel impact | Potential for over temperature of Hot Oil Heater F- 201/ducts, heater damage | Flow restriction in tubes; Potential for overheating of Hot Oil Heater F-33219 tubes, tube failure, loss of containment, ignition, heater damage, potential personnel impact and environmental impact | Loss of heat to Combi Tower T-92182 feed; Potential off- spec product; Potential trip to Heater; Potential flaring; Potential downtime; Potential environmental and environmental impact | Potential for overheating of Hot Oil Heater F-33219 tubes, tube failure, loss of containment, ignition, heater damage, potential personnel impact and environmental impact | Fails open - increased heating of hot oil; potential for overheating of Hot Oil Heater F-33219 tubes, tube failure, loss of containment, ignition, heater damage, potential personnel impact | Increased heating of hot oil; potential for overheating of Hot Oil Heater F-33219 tubes, tube failure, loss of containment, ignition, heater damage, potential personnel impact and environmental impact | Reduced hot oil flow, potential for overheating of Hot Oil Heater F-33219 tubes, tube failure, loss of containment, ignition, heater damage, potential personnel impact"
High flue gas duct temperature - trips Hot Oil Heater F-81314 TI- 84866A/B/C/D and TI- 87068A/B/C/D,General SIF (No Tag),Tier 1: Explicit Interlock/AF Tag,Node 10,High,N/A,4.0,What if burner tube ruptures? | Reduced heat transfer fluid flow | What if solids build up on tube internal surfaces? | What if fuel supply regulator fails open? | Hot oil blocked in at Hot Oil Heater F-81314 | What if vessel temperature control loop fails open or closed? | FCV-33121 fails open or bypass inadvertently open | FCV-10390 fails closed or manual valve(s) inadvertently closed | What if hot oil flow through the tubes stops? | What if fuel supply pressure increases? | What if burner tube skin temperature increases? (Caused by flow restriction in tube) | Multiple Hot Oil Circulation Pumps PM- 102A/B/C/D trip | What if blower or motor fails?,"Potential to overpressure hot oil piping, loss of containment, release, personnel impact | Increased heating of hot oil; potential for overheating of Hot Oil Heater F-81314 tubes, tube failure, loss of containment, ignition, heater damage, potential personnel impact and environmental impact | Inadvertent bypass of hot oil flow around EX-60820 Combi Tower Feed Preheater; Potential reduced heat to Combi Tower T- 102 feed; Potential off-spec product; Potential trip to Heater; Potential flaring; Potential downtime; Potential environmental and environmental impact | Flow restriction in tubes; Potential for overheating of Hot Oil Heater F-81314 tubes, tube failure, loss of containment, ignition, heater damage, potential personnel impact and environmental impact | Potential for over temperature of Hot Oil Heater F- 101/ducts, heater damage | Loss of heat to Combi Tower T-56446 feed; Potential off- spec product; Potential trip to Heater; Potential flaring; Potential downtime; Potential environmental and environmental impact | Reduced hot oil flow, potential for overheating of Hot Oil Heater F-81314 tubes, tube failure, loss of containment, ignition, heater damage, potential personnel impact | Fails open - increased heating of hot oil; potential for overheating of Hot Oil Heater F-81314 tubes, tube failure, loss of containment, ignition, heater damage, potential personnel impact | Potential for overheating of Hot Oil Heater F-81314 tubes, tube failure, loss of containment, ignition, heater damage, potential personnel impact and environmental impact"
LAH- 40004/40104 high level shutdown on PV- 410/411 will close inbound valves SDV- 65015/47638,General SIF (No Tag),Tier 1: Explicit Interlock/AF Tag,Node 11,High,N/A,4.0,"Lining up wrong Y-Grade Storage Sphere pressure vessel PV-13986/411 for unit production | Lining up correctly to truck rack, with wrong connection to return from truck rack. (Incorrect valve lineup to sphere)","Potential overfill of Y-Grade Storage Sphere pressure vessel PV-13986/411 to flare, potential to send liquids out of the flare. Potential personnel impacts. Potential environmental impact"
LAHH- 13505/23505 High- High Level Alarm on PV-60820/207 Suction Scrubber will shutdown Splitter 1/2 RGCs,PV-60820,Tier 1: Explicit Interlock/AF Tag,Node 38,High,N/A,1.0,Manual valve closed downstream of rundown chiller EX-28669 to tank TK-24946-24/25,"Loss of Light Naphtha flow to storage, deadhead of overhead pump not expected as reflux continue to flow, Combi Tower Accumulator pressure vessel PV-56446/ 202 fills, potential to overfill accumulator to Recycle Compressor Suction Scrubber pressure vessel PV-60820/ 207 compressor suction drum and to compressor, compressor damage"
LAHH-52011 high-high level alarm on Suction Scrubber PV-11354 will shutdown compressors CM- 201A/B,LAHH-52011 | PV-11354,Tier 1: Explicit Interlock/AF Tag,Node 22,High,N/A,1.0,"6"" manual valve from EX-11689 inadvertently closed | TCV-47043A malfunctions closed or upstream/downstream manual valve(s) inadvertently closed | TCV-78020B malfunctions closed or upstream/downstream manual valve(s) inadvertently closed | Manual valve on discharge from Combi Tower Bottoms Product Pump PM-80996A/B inadvertently closed | Combi Tower Bottoms Product Pump PM- 204A/B trips | 6"" manual valve on inlet to AF-99986 Bottoms Product Cooler inadvertently closed | 6"" manual valve on outlet from AF-99986 Bottoms Product Cooler inadvertently closed | LCV-60053 malfunctions closed or upstream/downstream manual valve(s) inadvertently closed","Potential to back-up flow to Combi Tower; High level in Combi Tower T-92182; Potential to overfill T-92182; Potential to overfill the Recycle Gas Compressor Suction Scrubber PV-11354 and send liquids to the RGC; Potential to damage compressor leading to financial impact | Product flow out from the shell side of EX-11689 blocked; No overpressure concerns, as the max pressure from the upstream pumps PM-80996A/B is 59524 psig, and the shell side is MAWP 14664 psig; High level in Combi Tower T-92182; Potential to overfill T-92182; Potential to overfill the Recycle Gas Compressor Suction Scrubber PV-11354 and send liquids to the RGC; Potential to damage compressor leading to financial impact | High level in Combi Tower T-92182; Potential to overfill T- 202; Potential to overfill the Recycle Gas Compressor Suction Scrubber PV-11354 and send liquids to the RGC; Potential to damage compressor leading to financial impact"
LAHH-52011 high-high level alarm on Suction Scrubber PV-11354 will shutdown compressors CM- 201A/B,LAHH-52011 | PV-11354,Tier 1: Explicit Interlock/AF Tag,Node 23,High,N/A,1.0,"12"" manual valve on inlet to Combi Tower Overhead Pumps PM-99986A/B inadvertently closed | 6"" manual valve on shell side outlet from EX-33219 inadvertently closed | LCV-34380 fails closed or upstream/downstream manual valve(s) inadvertently closed | 10"" manual valve on outlet from Combi Tower Overhead Pumps PM-99986A/B inadvertently closed",Potential to build up liquid level in PV-92182 Accumulator; Potential to overfill the Recycle Gas Compressor Suction Scrubber PV-11354 and send liquids to the RGC; Potential to damage compressor leading to financial impact | Inability to send liquids out of PV-92182 Accumulator; Potential to overfill the Recycle Gas Compressor Suction Scrubber PV-11354 and send liquids to the RGC; Potential to damage compressor leading to financial impact
LAHH-52011 high-high level alarm on Suction Scrubber PV-11354 will shutdown compressors CM- 201A/B,LAHH-52011 | PV-11354,Tier 1: Explicit Interlock/AF Tag,Node 27,High,N/A,1.0,Suction Scrubber pressure vessel PV-11354 demister pad saturated | Suction scrubber pump PM-91045A/B failure | PCV-36763A malfunctions open or bypass inadvertently open | Manual valve(s) on suction to Suction scrubber pump PM-91045A/B inadvertently closed | Manual valve(s) on discharge from Suction scrubber pump PM-91045A/B inadvertently closed,"Slow increase in pressure on Combi Tower T-92182; Potential carryover of water to RGC Potential to damage compressor leading to financial impact | Potential high level in Recycle Gas Compressor Suction Scrubber PV-11354; Potential to overfill PV-11354 and send liquids to the RGC; Potential to damage compressor leading to financial impact | Reduced pressure in Combi Tower T-92182, increased level in Combi Tower Accumulator pressure vessel PV-92182; Potential to overfill PV-92182 and carryover to Recycle Gas Compressor Suction Scrubber PV-11354; Potential to overfill PV-11354 and send liquids to the RGC; Potential to damage compressor leading to financial impact"
LAHH-67791 high-high level alarm on Suction Scrubber PV-60820 will shutdown compressors CM- 101A/B,LAHH-67791 | PV-60820,Tier 1: Explicit Interlock/AF Tag,Node 4,High,N/A,1.0,"6"" manual valve on inlet to AF-73992 Bottoms Product Cooler inadvertently closed | 6"" manual valve on outlet from AF-73992 Bottoms Product Cooler inadvertently closed | LCV-14439 malfunctions closed or upstream/downstream manual valve(s) inadvertently closed | Combi Tower Bottoms Product Pump PM- 104A/B trips | Manual valve on discharge from Combi Tower Bottoms Product Pump PM-59524A/B inadvertently closed | TCV-34810B malfunctions closed or upstream/downstream manual valve(s) inadvertently closed | TCV-30806A malfunctions closed or upstream/downstream manual valve(s) inadvertently closed | 6"" manual valve from EX-17647 inadvertently closed","High level in Combi Tower T-56446; Potential to overfill T- 102; Potential to overfill the Recycle Gas Compressor Suction Scrubber PV-60820 and send liquids to the RGC; Potential to damage compressor leading to financial impact | Product flow out from the shell side of EX-17647 blocked; No overpressure concerns, as the max pressure from the upstream pumps PM-59524A/B is 59524 psig, and the shell side is MAWP 14664 psig; High level in Combi Tower T-56446; Potential to overfill T-56446; Potential to overfill the Recycle Gas Compressor Suction Scrubber PV-60820 and send liquids to the RGC; Potential to damage compressor leading to financial impact | High level in Combi Tower T-56446; Potential to overfill T-56446; Potential to overfill the Recycle Gas Compressor Suction Scrubber PV-60820 and send liquids to the RGC; Potential to damage compressor leading to financial impact | Potential to back-up flow to Combi Tower; High level in Combi Tower T-56446; Potential to overfill T-56446; Potential to overfill the Recycle Gas Compressor Suction Scrubber PV-60820 and send liquids to the RGC; Potential to damage compressor leading to financial impact"
LAHH-67791 high-high level alarm on Suction Scrubber PV-60820 will shutdown compressors CM- 101A/B,LAHH-67791 | PV-60820,Tier 1: Explicit Interlock/AF Tag,Node 5,High,N/A,1.0,"10"" manual valve on outlet from Combi Tower Overhead Pumps PM-73992A/B inadvertently closed | LCV-62100 fails closed or upstream/downstream manual valve(s) inadvertently closed | 12"" manual valve on inlet to Combi Tower Overhead Pumps PM-73992A/B inadvertently closed | 6"" manual valve on shell side outlet from EX-81314 inadvertently closed",Potential to build up liquid level in PV-56446 Accumulator; Potential to overfill the Recycle Gas Compressor Suction Scrubber PV-60820 and send liquids to the RGC; Potential to damage compressor leading to financial impact | Inability to send liquids out of PV-56446 Accumulator; Potential to overfill the Recycle Gas Compressor Suction Scrubber PV-60820 and send liquids to the RGC; Potential to damage compressor leading to financial impact
LAHH-67791 high-high level alarm on Suction Scrubber PV-60820 will shutdown compressors CM- 101A/B,LAHH-67791 | PV-60820,Tier 1: Explicit Interlock/AF Tag,Node 9,High,N/A,1.0,Suction Scrubber pressure vessel PV-60820 demister pad saturated | Manual valve(s) on suction to Suction scrubber pump PM-87095A/B inadvertently closed | PCV-10363A malfunctions open or bypass inadvertently open | Manual valve(s) on discharge from Suction scrubber pump PM-87095A/B inadvertently closed | Suction scrubber pump PM-87095A/B failure,"Potential high level in Recycle Gas Compressor Suction Scrubber PV-60820; Potential to overfill PV-60820 and send liquids to the RGC; Potential to damage compressor leading to financial impact | Slow increase in pressure on Combi Tower T-56446; Potential carryover of water to RGC Potential to damage compressor leading to financial impact | Reduced pressure in Combi Tower T-56446, increased level in Combi Tower Accumulator pressure vessel PV-56446; Potential to overfill PV-56446 and carryover to Recycle Gas Compressor Suction Scrubber PV-60820; Potential to overfill PV-60820 and send liquids to the RGC; Potential to damage compressor leading to financial impact"
LAHH-80748 high-high level alarm on PV-14664 will initiate unit shutdown,LAHH-80748 | PV-14664,Tier 1: Explicit Interlock/AF Tag,Node 12,High,N/A,3.0,Failure to pump out level in PV-14664 Flare KO Drum,High level in PV-14664; Potential liquid carryover to flare; Potential liquid out of the flare with potential fire and area personnel impact
LAHH-80748 high-high level alarm on PV-14664 will initiate unit shutdown,LAHH-80748 | PV-14664,Tier 1: Explicit Interlock/AF Tag,Node 43,High,N/A,4.0,Manual valve(s) closed on hydrocarbon header from Flare knockout drum,"Potential for liquid carryover to flare, environmental impact, potential burning liquid fallout from flare, personnel impact | Potential for liquid carryover to flare, resulting in shutdown and financial impact"
LAL-62100 low level alarm on PV-56446 will shutdown pumps PM73992A/B,LAL-62100 | PV-56446,Tier 1: Explicit Interlock/AF Tag,Node 5,High,N/A,4.0,FCV-28836 reflux valve fails open or bypass valve open | Level control valve LCV-62100 light naphtha to storage fails open or bypass opened,"Potential loss of level in Accumulator PV-56446; Loss of suction to Combi Tower Overhead Pumps PM-73992A/B; Potential to cavitate pumps resulting in potential seal failure, loss of containment, potential ignition and personnel impact | Excess reflux sent to Combi Tower T-56446, potential increase in pressure, and potential to overpressure column, loss of containment, potential ignition and personnel impact"
LALL-31536 low- low alarm on Suction Scrubber P-11354 will shutdown pumps PM- 213A/B,LALL-31536,Tier 1: Explicit Interlock/AF Tag,Node 27,High,N/A,4.0,Manual valve(s) on suction to Suction scrubber pump PM-91045A/B inadvertently closed | Manual valve(s) on discharge from Suction scrubber pump PM-91045A/B inadvertently closed | Suction scrubber pump PM-91045A/B fails to stop,"Potential to pump out all level in Suction Scrubber PV-11354; Potential loss of suction to pumps PM-91045A/B with potential cavitation; Potential seal failure with loss of containment, potential ignition and personnel impact | Loss of suction to pumps PM-91045A/B with potential cavitation; Potential seal failure with loss of containment, potential ignition and personnel impact | Loss of discharge from pumps PM-91045A/B with potential deadhead; Potential seal failure with loss of containment, potential ignition and personnel impact"
LALL-58792 low- low alarm on Suction Scrubber P-60820 will shutdown pumps PM- 113A/B,LALL-58792,Tier 1: Explicit Interlock/AF Tag,Node 9,High,N/A,4.0,Manual valve(s) on suction to Suction scrubber pump PM-87095A/B inadvertently closed | Suction scrubber pump PM-87095A/B fails to stop | Manual valve(s) on discharge from Suction scrubber pump PM-87095A/B inadvertently closed,"Loss of suction to pumps PM-87095A/B with potential cavitation; Potential seal failure with loss of containment, potential ignition and personnel impact | Loss of discharge from pumps PM-87095A/B with potential deadhead; Potential seal failure with loss of containment, potential ignition and personnel impact | Potential to pump out all level in Suction Scrubber PV-60820; Potential loss of suction to pumps PM-87095A/B with potential cavitation; Potential seal failure with loss of containment, potential ignition and personnel impact"
LALL-71326 low- low level alarm on Naphtha Stabilizer Accumulator pressure vessel PV-33219 trips Naphtha Stabilizer Overhead Pumps PM- 201A/B,LALL-71326 | PV-33219,Tier 1: Explicit Interlock/AF Tag,Node 21,High,N/A,4.0,LCV-26713 on Y-Grade product line fails open or bypass inadvertently opened,"Loss of level in Naphtha Stabilizer Accumulator pressure vessel PV-33219, potential to run Naphtha Stabilizer Overhead Pump PM-33219A/B dry, pump cavitation and damage, potential release with personnel impact"
LIT-74055 low level interlock on PV- 106 will trip pumps PM- 119A/B and PM- 120A/B,LIT-74055,Tier 1: Explicit Interlock/AF Tag,Node 13,High,N/A,3.0,Ammonia Forwarding Pump PM-67967A/B fail to turn off,Potential to pull vacuum on PV-76255 Ammonia Storage Tank; Potential release of aqueous ammonia with potential personnel impact
LIT-74055 low level interlock on PV- 106 will trip pumps PM- 119A/B and PM- 120A/B,LIT-74055,Tier 1: Explicit Interlock/AF Tag,Node 29,High,N/A,3.0,Ammonia Forwarding Pump PM-24946A/B fail to turn off,Potential to pull vacuum on PV-76255 Ammonia Storage Tank; Potential release of aqueous ammonia with potential personnel impact
LSL-54389 low level switch will shut off power for the grids DT- 101A/B/C,LSL-54389,Tier 2: Semantic NLP Match,Node 34,Medium,0.393,2.0,PCV-55414/40591 (back pressure control valve) fails open or bypass inadvertently open,Potential loss of pressure in Desalter D-81314/201; Potential to expose the grid DT-81314A/B/C with potential to damage the grid from exposure; Potential financial impact and downtime
LSL-83912 low level switch will shut off power for grids DT- 201A/B/C,LSL-83912,Tier 2: Semantic NLP Match,Node 34,Medium,0.436,2.0,PCV-55414/40591 (back pressure control valve) fails open or bypass inadvertently open,Potential loss of pressure in Desalter D-81314/201; Potential to expose the grid DT-81314A/B/C with potential to damage the grid from exposure; Potential financial impact and downtime
LSLL-42521 low- low level switch on PV- 108 Lube Oil Separator will shutdown CM- 101A/B compressor,LSLL-42521,Tier 1: Explicit Interlock/AF Tag,Node 9,High,N/A,2.0,Pressure control valve PCV-82542 fails open (compressor discharge) | Recycle Compressor CM-81314A/B mechanical seal leaks,"Reduced residence time in PV-48603 Lube Oil Separator Vessel; Potential inability to separate out off-gas; Potential to damage the CM-81314A/B compressor casing, slide valve, and bearings; Potential to send contaminated lube oil to Heater; Potential asset damage; Potential environmental impact | Loss of barrier fluid; Potential loss of containment of barrier fluid; Potential release of lube oil with entrained gas; Potential environmental/financial impact"
LSLL-44190 low- low level switch on PV- 208 Lube Oil Separator will shutdown CM- 201A/B compressor,LSLL-44190,Tier 1: Explicit Interlock/AF Tag,Node 27,High,N/A,2.0,Recycle Compressor CM-33219A/B mechanical seal leaks | Pressure control valve PCV-15581 fails open (compressor discharge),"Reduced residence time in PV-82745 Lube Oil Separator Vessel; Potential inability to separate out off-gas; Potential to damage the CM-33219A/B compressor casing, slide valve, and bearings; Potential to send contaminated lube oil to Heater; Potential asset damage; Potential environmental impact | Loss of barrier fluid; Potential loss of containment of barrier fluid; Potential release of lube oil with entrained gas; Potential environmental/financial impact"
Level alarm low LALL-79796 on Naphtha Stabilizer Accumulator pressure vessel PV-81314 trips Naphtha Stabilizer Overhead Pumps PM- 101A/B,LALL-79796 | PV-81314,Tier 1: Explicit Interlock/AF Tag,Node 3,High,N/A,4.0,LCV-92846 on Y-Grade product line fails open or bypass inadvertently opened,"Loss of level in Naphtha Stabilizer Accumulator pressure vessel PV-81314, potential to run Naphtha Stabilizer Overhead Pump PM-81314A/B dry, pump cavitation and damage, potential release with personnel impact"
"Lower Explosive Limit alarms AT- 9401/9402/9403/9404 around the Naphtha Manifold will shutdown pumps P-6, P-2A/B with 1oo4 voting",General SIF (No Tag),Tier 1: Explicit Interlock/AF Tag,Node 38,High,N/A,4.0,"MOV-59888/ 9429/ 9410/ 9412 closed on outlet of tank TK-24946-24/25 to Transfer Pump P-2 when tank is in transfer to pipeline | Manual valve closed on suction of Naphtha Recirculation Pump P-6 or strainer plugs | High naphtha flow from Transfer Pumps P-2A/B (3100 vs 18888 gpm design vs required) out to product terminal | Blocked outlet of Transfer Pump P-2A/B or 38095"" valve closed on product manifold out of facility | More recirculation outflow than inflow (operator error) | MOV-94883/ 9415 closed or MOV- 9412/9410 closed on suction to Transfer Pump P- 2A/B or strainer plugs | 10"" valve closed on discharge of Recirculation Pump P6 or MOV-63896/9449 closed on inlet to TK-24946-24 or MOV-94291/9441 closed on inlet to TK-24946-25 | MOV-59888/ 9429/ 9410/ 9412 closed on outlet of tank TK-24946-24/25 to Recirculation Pump P-6 when tank is in recirculation","Decreased flow of naphtha from naphtha tank TK-24946- 24/25 to Transfer Pump P-2A/B, not expected to overpressure downstream piping, loss of flow to Light Naphtha P-2A/B, potential deadhead and seal leak, release of naphtha to atmosphere, potential ignition and personnel impact | Increased flow of naphtha out of naphtha tank TK-24946- 24/25 to Transfer Pump P-2A/B, low level and loss of flow to Light Naphtha pump P-2A/B, potential cavitation and seal leak, release of naphtha to atmosphere, potential ignition and personnel impact | Decreased flow of naphtha from naphtha tank TK-24946- 24/25 to Transfer Pump P-2A/B, loss of flow to Light Naphtha P- 2A/B, potential cavitation and seal leak, release of naphtha to atmosphere, potential ignition and personnel impact | Loss of flow to Light Naphtha Recirculation Pump P-6, potential cavitation and seal leak, release of naphtha to atmosphere, potential ignition and personnel impact | Loss of flow from Light Naphtha Recirculation Pump P-6, potential deadhead and seal leak, release of naphtha to atmosphere, potential ignition and personnel impact"
"Lower Explosive Limit alarms AT- 9401/9402/9403/9404 around the Naphtha Manifold will shutdown pumps P-6, P-2A/B with 1oo4 voting",General SIF (No Tag),Tier 1: Explicit Interlock/AF Tag,Node 39,High,N/A,4.0,"MOV-59888/ 9422/ 9411/ 9412 closed on outlet of tank TK-24946-25/TK-61869-15 | Blocked outlet of Transfer Pump P-2A/B or 38095"" valve closed on product manifold out of facility | MOV-94883/ 9415 Blocked inlet valve to Transfer Pump P-2A/B or strainer plugs","Decreased flow of naphtha from naphtha tank TK-24946- 25/TK-61869-15; Loss of flow to Light Naphtha P-2A/B, potential cavitation and seal leak, release of naphtha to grade, potential ignition and personnel impact | Decreased flow of naphtha from naphtha tank TK-24946- 24/25 to Transfer Pump P-2A/B, loss of flow to Light Naphtha P- 2A/B, potential cavitation and seal leak, release of naphtha to atmosphere, potential ignition and personnel impact | Decreased flow of naphtha from naphtha tank TK-24946-25 and TK-61869-15 to Transfer Pump P-2A/B, loss of flow to Heavy Naphtha P-2A/B, potential deadhead and seal leak, release of naphtha to atmosphere, potential ignition and personnel impact"
"Lower Explosive Limit alarms AT- 9401/9402/9403/9404 around the Naphtha Manifold will shutdown pumps P-6, P-2A/B with 1oo4 voting",General SIF (No Tag),Tier 1: Explicit Interlock/AF Tag,Node 44,High,N/A,4.0,"12"" valve closed on suction to Pump P-7 or strainer plugs | Pump P-HX stops | 10"" valve closed on discharge of Pump P- HX or 8"" valve closed on inlet of AGO Exchangers HX-1/2 | 8"" valve closed on discharge of Pump P-7","Loss of Rerun flow to Pump P-7, potential cavitation and seal leak, release of rerun to atmosphere, potential seal fire from seal, personnel injury, environmental impact, asset damage | Blocked flow from Pump P-7, potential deadhead and seal leak, release of rerun to atmosphere, potential seal fire from seal, personnel injury, environmental impact, asset damage"
Mechanical integrity program,General SIF (No Tag),Tier 2: Semantic NLP Match,Node 21,Medium,0.41,4.0,Elevated chlorides,Excess corrosion with potential loss of containment and potential ignition
Mechanical integrity program,General SIF (No Tag),Tier 2: Semantic NLP Match,Node 3,Medium,0.41,4.0,Elevated chlorides,Excess corrosion with potential loss of containment and potential ignition
Mechanical integrity program for piping inspection,General SIF (No Tag),Tier 2: Semantic NLP Match,Node 46,Medium,0.415,,Leak from any piping flange/ pump seal,"Potential release of gas/ liquid to atmosphere, potential fire/explosion, personnel injury, environmental impact"
No specific safeguards identified,General SIF (No Tag),Tier 2: Semantic NLP Match,Node 1,Medium,0.427,1.0,Tube leak/rupture on Heat Exchanger EX- 101 | Tube leak/rupture on Heat Exchanger EX- 102,"Shell and Tube MAWP both listed as 14664 psig @ 450 degF; Feed typically flows through the tubes at ~200-250 psig, therefore no concern of tube rupture; Loss of feed to product, product quality issue; Negligible downtime"
No specific safeguards identified,General SIF (No Tag),Tier 2: Semantic NLP Match,Node 10,Medium,0.427,2.0,What if air damper fails open? | Pressure control valve PCV-87570 set too high | FCV-55048 fails closed or manual valve(s) inadvertently closed | FCV-44346 fails closed or manual valve(s) inadvertently closed | What if vessel temperature control loop fails open or closed? | FCV-97246 malfunctions closed or manual valve(s) inadvertently closed | FCV-44346 on hot oil from Diesel Stripper Reboiler EX-70814 fails open or bypass inadvertently open | Hot Oil Circulation Pump PM- 102A/B/C/D aging and hot oil quality | What if fuel supply is cut off? | FCV-97246 on hot oil from Kero Stripper Reboiler EX-75469 fails open or bypass inadvertently open | What if fuel supply regulator fails closed? | What if fuel contains excessive solids?,"Loss of hot oil circulation through EX-75469 Kero Stripper Reboiler; Potential off-spec product with potential financial impact | Positive pressure and Hot Oil Heater F-81314 shuts down; Potential off-spec product with potential environmental and financial impact | Potential for burner pluggage, loss of flame at one or more burners; Hot Oil Heater F-81314 shuts down; Potential off-spec product with potential environmental and financial impact | Loss of firing; Hot Oil Heater F-81314 shuts down; Potential off-spec product with potential environmental and financial impact | Fails closed - Hot Oil Heater F-81314 shuts down on low pressure; Unit would go to re-run mode; Potential off-spec product with potential environmental and financial impact | Potential to pop the rupture disk, resulting in PSV-59017 release and unintended flaring event, potential environmental/financial impact | Loss of hot oil circulation through Diesel Stripper Reboiler EX-70814; Potential off-spec product with potential financial impact | High frequency of Hot Oil Circulation Pump PM- 102A/B/C/D seal failures (currently weekly). Pump temperatures require significant time for cooling before maintenance, requiring downtime | Potential reduced hot oil flow to other heat exchangers; Potential off-spec product with financial impact | Loss of hot oil circulation through Naphtha Stabilizer Reboiler EX-76255; Potential off-spec product with potential financial impact"
No specific safeguards identified,General SIF (No Tag),Tier 2: Semantic NLP Match,Node 11,Medium,0.427,4.0,Solid contamination upstream of PM- 416A/B (only PM-12480C has inline strainer) | Blocked in piping on LR-86126/502 Truck Loading Skid | Ladder hand rails on Storage Spheres at improper height (per OSHA standard),Potential off-spec product; Potential pump damage from solid contamination and financial impact Operations normally only run PM-12480C due to it being the only pump with an inline strainer | Potential thermal expansion and release with potential ignition and personnel impact | Ladder hand rails on Storage Spheres at improper height (per OSHA standard); Potential fall hazard to personnel
No specific safeguards identified,General SIF (No Tag),Tier 2: Semantic NLP Match,Node 12,Medium,0.427,1.0,Both BM-85833-A/B flare blowers online | Loss of fuel gas supply to the flare,"Loss of sweep gas, lowered BTU content of fuel; Potential incomplete combustion; Potential environmental/financial impact | Excessive combustion air; Potential to snuff out the flames; Potential incomplete combustion; Potential environmental/financial impact"
No specific safeguards identified,General SIF (No Tag),Tier 2: Semantic NLP Match,Node 13,Medium,0.427,4.0,External fire around PV-76255 Ammonia Storage Tank | Closure of vapor return line on tank filling,Potential overpressure of Ammonia Storage Tank PV-76255 with release of aqueous ammonia to surrounding area and potential personnel impact | Potential thermal expansion and release with potential personnel impact
No specific safeguards identified,General SIF (No Tag),Tier 2: Semantic NLP Match,Node 14,Medium,0.427,1.0,FCV-80031 fails closed or upstream/downstream manual valve(s) inadvertently closed | FCV-65350 fails closed or upstream/downstream manual valve(s) inadvertently closed | PCV-19542 fails fully closed | PCV-19542 fails fully open | FCV-51327 fails closed or upstream/downstream manual valve(s) inadvertently closed,Loss of sweep gas to flare header; Potential incomplete combustion; Potential environmental/financial impact | Loss of stripping gas to T-56446 Combi Tower; Potential off- spec AGO product with potential financial impact | Inability to reduce natural gas to 89696 psig; Potential larger flame at flare; Potential heater shutdown; Potential environmental/financial impact
No specific safeguards identified,General SIF (No Tag),Tier 2: Semantic NLP Match,Node 16,Medium,0.427,2.0,Access to outfall #1 and #2 for sampling | Manual valve on discharge from Contact Water Sump Pump PM-48584A/B inadvertently closed,Potential to deadhead Contact Water Sump Pump PM- 115A/B with potential pump damage and financial impact | Requires personnel to go through standing water; Potential snakes in area with potential personnel impact
No specific safeguards identified,General SIF (No Tag),Tier 2: Semantic NLP Match,Node 17,Medium,0.427,3.0,Low ambient temperature | Potential corrosion due to wet air | External fire around PV-53688 Air Receiver | Air filter plugged,"Plant shutdown, valves should revert to their fail-safe positions; Potential financial impact/downtime | Potential freezing air dryers; Potential loss of instrument air to downstream users; Plant shutdown, valves should revert to their fail-safe positions; Potential financial impact/downtime | Potential thermal expansion and release with potential ignition and personnel impact | Potential increased corrosion in air compressor system, ultimate potential loss of containment and financial impact"
No specific safeguards identified,General SIF (No Tag),Tier 2: Semantic NLP Match,Node 19,Medium,0.427,1.0,Tube leak/rupture on Heat Exchanger EX- 202 | Tube leak/rupture on Heat Exchanger EX- 201,"Shell and Tube MAWP both listed as 14664 psig @ 450 degF; Feed typically flows through the tubes at ~200-250 psig, therefore no concern of tube rupture; Loss of feed to product, product quality issue; Negligible downtime"
No specific safeguards identified,General SIF (No Tag),Tier 2: Semantic NLP Match,Node 21,Medium,0.427,4.0,Naphtha Stabilizer Condenser AF-33219- 1/2 fin fan access for maintenance or cleaning | Cooling during Naphtha Stabilizer Column T-33219 shutdown,"Potential for vacuum as Naphtha Stabilizer Column T- 201 cools during shutdown, column damage, potential loss of containment, ignition, personnel impact | Currently no means for personnel to tie off for fall protection, potential fall hazard, personnel impact"
No specific safeguards identified,General SIF (No Tag),Tier 2: Semantic NLP Match,Node 22,Medium,0.427,4.0,"TCV-47043B malfunctions openor bypass inadvertently open | Cooling during Combi Tower T-92182 shutdown | 6"" manual valve onbypass around EX-11689 shell side inadvertently opened | TCV-78020A malfunctions closed or upstream/downstream manual valve(s) inadvertently closed | Bottoms Product Cooler AF-99986-1/2 fin fan motor mechanical failure/throws a blade","Inadvertently bypass flow around AF-99986 Bottoms Product Cooler; Potential to send higher temperature product downstream; If downstream HX-1/2 exchangers are offline, potential to send higher temperature (up to ~ 380 degF) product to the storage tanks TK-61869-13/100-14/120-22/120-23; Max temp of tanks is 97415 degF, potential to exceed tank design temperature; Potential IFR roof damage; Potential financial impact and environmental impact | No longer heating up the wash water for the Desalter using EX-47697A/B; Potential to send colder temperature wash water to the Desalter; Potential cold Desalter temperature; Potential inefficient chloride removal; Potential inability to remove chlorides from feed; Potential quality issues; Potential financial impact | Potential for vacuum as Combi Tower T-99986 cools during shutdown, column damage, potential loss of containment, ignition, personnel impact | Loss of individual AF-99986-1/2 fin fan; Potential to send higher temperature product downstream; If downstream HX-1/2 exchangers are offline, potential to send higher temperature (up to ~ 380 degF) product to the storage tanks TK-61869-13/100-14/120- 22/120-23; Max temp of tanks is 97415 degF, potential to exceed tank design temperature; Potential IFR roof damage; Potential financial impact and environmental impact | Potential reduced ability to heat the feed in EX-11689; Potential for low feed temperature into Naphtha Stabilizer Column T-33219; Potential reduced rates; Potential financial impact"
No specific safeguards identified,General SIF (No Tag),Tier 2: Semantic NLP Match,Node 23,Medium,0.427,1.0,LCV-34380 fails closed or upstream/downstream manual valve(s) inadvertently closed,Loss of light naphtha product to storage; Potential financial impact
No specific safeguards identified,General SIF (No Tag),Tier 2: Semantic NLP Match,Node 24,Medium,0.427,4.0,Cooling during Heavy Naphtha Stripper T-99986 shutdown | FCV-38704 malfunctions closed or upstream/downstream manual valve(s) inadvertently closed,"Potential for vacuum as Heavy Naphtha Stripper T-99986 cools during shutdown, column damage, potential loss of containment, ignition, personnel impact | High level in Heavy Naphtha Stripper T-99986, potential to overfill T-99986 back to Combi Tower T-92182, leading to products Kero, Diesel, and AGO going off-spec, operability/product quality issues; Potential financial impact"
No specific safeguards identified,General SIF (No Tag),Tier 2: Semantic NLP Match,Node 25,Medium,0.427,4.0,"Inadvertent opening of spec valve to rerun | FCV-80717 malfunctions closed or upstream/downstream manual valve(s) inadvertently closed or 8"" manual valve on kero product to rerun inadvertently closed | 8"" manual valve onbypass around EX-99986 inadvertently opened | Cooling during Kero Stripper T-80996 shutdown","Potential for vacuum as Kero Stripper T-80996 cools during shutdown, column damage, potential loss of containment, ignition, personnel impact | Inefficient operation - sending product to rerun; Potential financial impact | Potential reduced ability to heat the feed in EX-99986; Potential for low feed temperature into Naphtha Stabilizer Column T-33219; Potential to swing T-33219; Potential offspec product/quality; Potential financial impact | Potential Combi Tower T-92182 flooding; leading to products Diesel and AGO going off-spec, operability/product quality issues; Potential financial impact"
No specific safeguards identified,General SIF (No Tag),Tier 2: Semantic NLP Match,Node 26,Medium,0.427,4.0,"LCV-44082 fails open or bypass inadvertently open | 6"" manual bypass around EX-80996 inadvertently open | Inadvertent opening of spec valve to rerun | Cooling during Diesel Stripper T-11689 shutdown","Potential for vacuum as Diesel Stripper T-11689 cools during shutdown, column damage, potential loss of containment, ignition, personnel impact | Potential to dry out Combi Tower T-92182 tray, leading to potential tray damage and financial impact | Inefficient operation - sending product to rerun; Potential financial impact | Potential reduced ability to heat the feed in EX-80996; Potential for low feed temperature into Naphtha Stabilizer Column T-33219; Potential to swing T-33219; Potential offspec product/quality; Potential financial impact"
No specific safeguards identified,General SIF (No Tag),Tier 2: Semantic NLP Match,Node 27,Medium,0.427,2.0,Tube leak/rupture on EX-59044 Gas-to- Gas Exchanger | BDV-45396/23619 malfunctions open when not needed | Loss of power | TCV-40186 receives incorrect signal (opens inadvertently) | Pressure control valve PCV-14757 fails open to flare | Compressor CM-33219A/B designed for clean-gas service,"Compressor CM-33219A/B shuts down upon loss of power; Potential flaring event with potential environmental impact | Inadvertently sending compressor suction gas to vent header; Potential unplanned flaring event with potential environmental impact | Potential compressor wear and tear due to dirty gas service, requiring excessive maintenance activities; Potential for environmental impacts and financial impacts due to increased flaring events | Inadvertently sending compressor discharge flow around Gas-to-Gas Exchanger EX-59044; Inability to heat suction gas with EX-59044; Potential to send lower temperature gas to compressor; Potential liquids in compressor resulting in potential compressor damage and financial impact | Potential to overpressure and blow compressor seals; Potential to contaminate compressor lube oil; Potential compressor damage and financial impact | Unintended flaring event; Potential environmental impact"
No specific safeguards identified,General SIF (No Tag),Tier 2: Semantic NLP Match,Node 28,Medium,0.427,2.0,What if air damper fails open? | FCV-14070 on hot oil from Kero Stripper Reboiler EX-99938 fails open or bypass inadvertently open | FCV-90230 fails closed or manual valve(s) inadvertently closed | What if vessel temperature control loop fails open or closed? | FCV-49897 fails closed or manual valve(s) inadvertently closed | FCV-14070 malfunctions closed or manual valve(s) inadvertently closed | What if fuel supply is cut off? | Pressure control valve PCV-12238 set too high | Hot Oil Circulation Pump PM- 202A/B/C/D aging and hot oil quality | What if fuel supply regulator fails closed? | FCV-90230 on hot oil from Diesel Stripper Reboiler EX-70814 fails open or bypass inadvertently open | What if fuel contains excessive solids?,"Loss of firing; Hot Oil Heater F-33219 shuts down; Potential off-spec product with potential environmental and financial impact | Fails closed - Hot Oil Heater F-33219 shuts down on low pressure; Unit would go to re-run mode; Potential off-spec product with potential environmental and financial impact | High frequency of Hot Oil Circulation Pump PM- 202A/B/C/D seal failures (currently weekly). Pump temperatures require significant time for cooling before maintenance, requiring downtime | Potential to pop the rupture disk, resulting in PSV-23922 release and unintended flaring event, potential environmental/financial impact | Loss of hot oil circulation through Naphtha Stabilizer Reboiler EX-48495; Potential off-spec product with potential financial impact | Positive pressure and Hot Oil Heater F-33219 shuts down; Potential off-spec product with potential environmental and financial impact | Loss of hot oil circulation through Diesel Stripper Reboiler EX-13655; Potential off-spec product with potential financial impact | Potential reduced hot oil flow to other heat exchangers; Potential off-spec product with financial impact | Potential for burner pluggage, loss of flame at one or more burners; Hot Oil Heater F-33219 shuts down; Potential off-spec product with potential environmental and financial impact | Loss of hot oil circulation through EX-99938 Kero Stripper Reboiler; Potential off-spec product with potential financial impact"
No specific safeguards identified,General SIF (No Tag),Tier 2: Semantic NLP Match,Node 29,Medium,0.427,4.0,External fire around PV-76255 Ammonia Storage Tank | Closure of vapor return line on tank filling,Potential overpressure of Ammonia Storage Tank PV-76255 with release of aqueous ammonia to surrounding area and potential personnel impact | Potential thermal expansion and release with potential personnel impact
No specific safeguards identified,General SIF (No Tag),Tier 2: Semantic NLP Match,Node 3,Medium,0.427,4.0,Cooling during Naphtha Stabilizer Column T-81314 shutdown | Naphtha Stabilizer Condenser AF-81314-1/2 fin fan access for maintenance or cleaning,"Potential for vacuum as Naphtha Stabilizer Column T-81314 cools during shutdown, column damage, potential loss of containment, ignition, personnel impact | Currently no means for personnel to tie off for fall protection, potential fall hazard, personnel impact"
No specific safeguards identified,General SIF (No Tag),Tier 2: Semantic NLP Match,Node 30,Medium,0.427,1.0,PCV-82628 fails fully open | FCV-90861 fails closed or upstream/downstream manual valve(s) inadvertently closed | FCV-48000 fails closed or upstream/downstream manual valve(s) inadvertently closed | PCV-82628 fails fully closed | FCV-50480 fails closed or upstream/downstream manual valve(s) inadvertently closed,Loss of sweep gas to flare header; Potential incomplete combustion; Potential environmental/financial impact | Loss of stripping gas to T-92182 Combi Tower; Potential off- spec AGO product with potential financial impact | Inability to reduce natural gas to 89696 psig; Potential larger flame at flare; Potential heater shutdown; Potential environmental/financial impact
No specific safeguards identified,General SIF (No Tag),Tier 2: Semantic NLP Match,Node 32,Medium,0.427,2.0,Manual valve on discharge from Contact Water Sump Pump PM-33637A/B inadvertently closed | Access to outfall #1 and #2 for sampling,Potential to deadhead Contact Water Sump Pump PM- 215A/B with potential pump damage and financial impact | Requires personnel to go through standing water; Potential snakes in area with potential personnel impact
No specific safeguards identified,General SIF (No Tag),Tier 2: Semantic NLP Match,Node 33,Medium,0.427,3.0,Low ambient temperature | External fire around PV-59044 Air Receiver | Potential corrosion due to wet air | Air filter plugged,"Plant shutdown, valves should revert to their fail-safe positions; Potential financial impact/downtime | Potential freezing air dryers; Potential loss of instrument air to downstream users; Plant shutdown, valves should revert to their fail-safe positions; Potential financial impact/downtime | Potential thermal expansion and release with potential ignition and personnel impact | Potential increased corrosion in air compressor system, ultimate potential loss of containment and financial impact"
No specific safeguards identified,General SIF (No Tag),Tier 2: Semantic NLP Match,Node 34,Medium,0.427,3.0,"Manual valve(s) on suction to PM-13644A/B Demulsifier Metering Pumps inadvertently closed | Valve misalignment on pump switch (while C pump is operating). | PM-13644A/B Demulsifier Metering Pump trip | Manual valve(s) on discharge from PM- 126A/B Demulsifier Metering Pumps inadvertently closed | 2"" manual valve on condensate flush to EX-16773A/B or to EX-47697A/B inadvertently open | Cold Desalter temperatures | Low water level in Desalter D-81314/201",Potential loss of suction to PM-13644A/B Demulsifier Metering Pump; Potential seal failure and loss of containment to surrounding area; Potential environmental impact | Potential loss of feed return to the unit; Potential downtime (less than 5 days) and potential financial impact | Inability to send additional demulsifier to desalter pumps; Potential emulsification with potential inefficient separation in the Desalter D-81314/201; Potential inability to remove chlorides from feed; Potential quality issues; Potential financial impact | Potential inefficient chloride removal; Potential inability to remove chlorides from feed; Potential quality issues; Potential financial impact | Potential to contaminate AGO product with feed; Potential off-spec product with financial impact (contamination of the tank)
No specific safeguards identified,General SIF (No Tag),Tier 2: Semantic NLP Match,Node 35,Medium,0.427,1.0,Reverse flow of condensate into the wash water system during shutdown | XV-59650 on wash water line before the desalter vessel mix valve fails closed | Low water supply temperature. | Tube leak/rupture in EX-87095A/B/C | FCV-56093/18310 fails closed or upstream/downstream manual valve(s) inadvertently closed,"Inability to send wash water to the desalter system; Potential inefficient chloride removal; Potential inability to remove chlorides from feed; Potential quality issues; Potential financial impact | Wash water flows to waste water; Reduced flow of wash water to desalters; Potential increased waste water flow to Tank 5, not expected to result in a tank overfill; Potential offspec product with potential financial impact | Reduced temperature at mixing. Potential cold Desalter temperature; Potential inefficient chloride removal; Potential inability to remove chlorides from feed; Potential quality issues; Potential financial impact | Potential contamination of wash water with condensate; Potential inefficient chloride removal; Potential inability to remove chlorides from feed; Potential quality issues; Potential financial impact"
No specific safeguards identified,General SIF (No Tag),Tier 2: Semantic NLP Match,Node 36,Medium,0.427,4.0,Blocked in liquids in EX-87095A/B/C exchangers (spare) | Operational upset or condensation causes vacuum in exchangers EX-87095A/B/C while blocked in for maintenance (hot water cooled down too quickly),"Collapse of vessel with release of water or condensate. Potential ignition, personnel impact. | Potential corrosion, potential thermal expansion with release and personnel impact"
No specific safeguards identified,General SIF (No Tag),Tier 2: Semantic NLP Match,Node 37,Medium,0.427,3.0,"FCV-18721 fails closed or upstream/downstream manual valve(s) inadvertently closed | Reverse flow into the firewater system (Mud Wash Pump PM-35808A/B/C - seal failure/check valve) | Blocked in liquids in piping upstream/downstream Mud Wash Pumps PM- 123A/B/C | Inadvertently opening 1"" manual valve on pump PM-35808A/B/C suction header to flare | Spare pump blocked in and shut off","Potential corrosion of lines. Potential release of condensate and water with potential personnel impact | Potential thermal expansion and release with potential personnel impact | Blocked discharge from pump PM-35808B/C; Potential pump damage (deadheading). Potential release of mud wash water and condensate to atmosphere and personnel exposure. | Inadvertently send mud wash water to flare; Potential long-term corrosion issues on flare piping with potential release, potential ignition and personnel impact | Reverse flow of water/condensate to the fire water system through the seal flush tubing; Potential release from fire water monitor with potential environmental/financial impact"
No specific safeguards identified,General SIF (No Tag),Tier 2: Semantic NLP Match,Node 38,Medium,0.427,4.0,"MOV-38117/9441 eductor closed and MOV-63896/ 31 diffuser open on tanks TK-24946- 24/25 | 8"" valve V-93682 from Y-grade spheres open | Manual valve closed downstream of rundown chiller EX-28669 to tank TK-24946-24/25 | Manual valve closed on suction of Naphtha Recirculation Pump P-6 or strainer plugs | Loss of hydrogen sulfide scavenger flow | Recirculation Pump P-6 stops | External fire on EX-28669/115 | 4"" valve (X-80058) on TK-24946-24 left closed when TK-24946-25 is taken out of service for maintenance (or vice versa) | 10"" valve closed on discharge of Recirculation Pump P6 or MOV-63896/9449 closed on inlet to TK-24946-24 or MOV-94291/9441 closed on inlet to TK-24946-25 | MOV-59888/ 9429/ 9410/ 9412 closed on outlet of tank TK-24946-24/25 to Recirculation Pump P-6 when tank is in recirculation","Increased pressure and overpressure of Rundown Chiller, potential vessel rupture and personnel impact | Potential to flow Y-grade to Heavy Naphtha Tank TK-61869- 15 or Light Naphtha Tank TK-24946-24/25, increased light naphtha true vapor pressure (TVP), potential major release from Light Naphtha Tank TK-24946-24/25, potential vapor cloud and vapor cloud explosion, personnel injury, environmental impact, asset damage | Decreased flow of hydrogen sulfide scavenger, increased hydrogen sulfide content, potential off-spec H2S, inability to send product until it is treated; Potential financial impact | Blocked in PSV relief path for other tanks connected to the naphtha header (TK-24946-24/25, TK-61869-15) with potential overpressure of tank, loss of containment, personnel impact | Potential reduced tank mixing, poor H2S scavenger efficiency; Potential need for additional scavenger to the tank to prevent increased H2S content; Potential financial impact | Loss of Light Naphtha flow to storage from chiller, potential to overpressure chiller exchanger naphtha side, potential loss of containment of naphtha with potential personnel impact"
No specific safeguards identified,General SIF (No Tag),Tier 2: Semantic NLP Match,Node 39,Medium,0.427,4.0,"4"" valve (X-39817) on TK-61869-15 left closed when TK-24946-25 is taken out of service for maintenance (or vice versa)","Blocked in PSV relief path for other tanks connected to the naphtha header (TK-24946-25, TK-61869-15) with potential overpressure of tank, loss of containment, personnel impact"
No specific safeguards identified,General SIF (No Tag),Tier 2: Semantic NLP Match,Node 4,Medium,0.427,4.0,"Cooling during Combi Tower T-56446 shutdown | 6"" manual valve on bypass around EX-17647 shell side inadvertently opened | TCV-34810A malfunctions closed or upstream/downstream manual valve(s) inadvertently closed | Bottoms Product Cooler AF-73992-1/2 fin fan motor mechanical failure/throws a blade | TCV-30806B malfunctions open or bypass inadvertently open","Potential for vacuum as Combi Tower T-73992 cools during shutdown, column damage, potential loss of containment, ignition, personnel impact | Loss of individual AF-73992-1/2 fin fan; Potential to send higher temperature product downstream; If downstream HX-1/2 exchangers are offline, potential to send higher temperature (up to ~ 380 degF) product to the storage tanks TK-61869-13/100-14/120- 22/120-23; Max temp of tanks is 97415 degF, potential to exceed tank design temperature; Potential IFR roof damage; Potential financial impact and environmental impact | Inadvertently bypass flow around AF-73992 Bottoms Product Cooler; Potential to send higher temperature product downstream; If downstream HX-1/2 exchangers are offline, potential to send higher temperature (up to ~ 380 degF) product to the storage tanks TK-61869-13/100-14/120-22/120-23; Max temp of tanks is 97415 degF, potential to exceed tank design temperature; Potential IFR roof damage; Potential financial impact and environmental impact | Potential reduced ability to heat the feed in EX-17647; Potential for low feed temperature into Naphtha Stabilizer Column T-81314; Potential reduced rates; Potential financial impact | No longer heating up the wash water for the Desalter using EX-16773A/B; Potential to send colder temperature wash water to the Desalter; Potential cold Desalter temperature; Potential inefficient chloride removal; Potential inability to remove chlorides from feed; Potential quality issues; Potential financial impact"
No specific safeguards identified,General SIF (No Tag),Tier 2: Semantic NLP Match,Node 40,Medium,0.427,4.0,"MOV-83653/67516; MOV-51737/94182; MOV- 9232/42 closed on kero inlet to tank TK-61869-11/20 and TK-85935-10 when in rundown | 4"" valve (V-17706) on TK-61869-20 left closed when need (or 4"" valves V-19842 for TK- 100-11 or V-79862 for TK-85935-10) | Manual valve(s) closed on outlet of Filters FLT-52650/ 23 | 16"" manual valve V-18778 inadvertently open on kero product manifold to feed tanks and outbound MOV open on Feed Tanks | 6"" manual valve open on low suction line from tank TK-61869-11/20 and TK-85935-10 when not intended | 4"" gate valve or 2"" ball closed on relief header to tanks TK-61869-11/20; TK-85935-10","Potential blocked outlet of thermal PSVs, release of kero to grade, potential personnel injury and environmental impact (The P&ID for TK-61869-11 has the 4"" gate valve shown as CSC; The P&ID for TK-85935-10 has an upstream 2"" ball valve that is not listed as CSO; The P&ID for TK-61869-20 does not have the 4"" gate valve listed as CSO) | Potential to send kero to feed tank, potential excess rerun and economic loss; Potential financial impact | Decreased flow of kero to storage, Blocked outlet of filters; Potential to overpressure filters with damage to filters, loss of containment of Kero, potential ignition and personnel impact | Blocked in PSV relief path for other tanks connected to the Kero header with potential overpressure of tank, loss of containment, personnel impact | Potential to draw water in kero product, off-spec product, potential financial impact"
No specific safeguards identified,General SIF (No Tag),Tier 2: Semantic NLP Match,Node 41,Medium,0.427,4.0,"MOV-77397/ 09 closed on outlet of tank TK- 100-12/21 to Transfer Pump P-1A/B when tank is in transfer to pipeline | 12"" manual valve blocked on inlet valve to Transfer Pump P-1A/B or strainer plugs | 8"" valve closed on diesel rundown header from one or both splitter towers | MOV-72031 /9326 closed on outlet of tank TK-61869-12/21 to Transfer Pump P-1A/B when tank is in transfer to pipeline | Transfer Pump P-1A/B stops | 6"" manual valve open on low suction line from tank TK-61869-12/21 when not intended | 4"" gate valve or 2"" ball closed on relief header to tank TK-61869-12/21 | Blocked 8"" manual outlet valve of Transfer Pump P-1A/B | 4"" valve (V-70806) on TK-61869-12 left closed when TK-61869-21 is taken out of service for maintenance (or vice versa)","Blocked flow out of Transfer Pump P-1A/B, not expected to result in overfill of tank as movement tank is not receiving rundown, transfer shutdown, logistical impact to terminals; Potential financial impact | No flow of diesel to storage, not expected to impact tanks; Potential financial impact | Potential blocked outlet of thermal PSVs, release of diesel to grade, potential personnel injury and environmental impact | Blocked in PSV relief path for other tanks connected to the diesel header with potential overpressure of tank, loss of containment, personnel impact | Loss of diesel flow to exchanger EX-59524/204; Loss of pre- heat; Potential reduced ability to heat the feed in EX-59524/204; Potential for low feed temperature into Naphtha Stabilizer Column T-81314/201; Potential to swing T-81314/201; Potential offspec product/quality; Potential financial impact | Potential to draw water in diesel product, off-spec product, potential financial impact | Decreased flow of diesel from diesel tank TK-61869-12/21 to Transfer Pump P-1A/B, not expected to result in overfill of tank as movement tank is not receiving rundown, transfer shutdown, logistical impact to terminals; Potential financial impact"
No specific safeguards identified,General SIF (No Tag),Tier 2: Semantic NLP Match,Node 42,Medium,0.427,4.0,"MOV-85766/ 06/ 07 closed on outlet of tank TK-24946-22/23 and TK-61869-13 to Transfer Pump P-3A/B when tank is in transfer to pipeline | Manual valve closed on AGO rundown header from one or both splitter towers | 16"" manual valve X-36770 inadvertently open on AGO product manifold to feed tanks | MOV-19780 /9327/ 9328 closed on outlet of tank TK-24946-22/23 and TK-61869-13 to Transfer Pump P-3A/B when tank is in transfer to pipeline | 4"" gate valve or 2"" ball closed on relief header to AGO Tanks TK-24946-22/23 and TK-61869- 13 | Tube leak on AGO Exchanger HX-1/2 | 4"" valve (V-27673) on TK-61869-13 left closed when TK-24946-22 or TK-24946-23 is taken out of service for maintenance (or 4"" valves V- 9062 for TK-24946-22, V-40328 for TK-24946-23) | Transfer Pump P-3A/B stops | Blocked 14"" manual outlet valve of Transfer Pump P-3A/B","Blocked in PSV relief path for other tanks connected to the AGO header with potential overpressure of tank, loss of containment, personnel impact | Inability to heat the feed in EX-17647/205; Potential for low feed temperature into Naphtha Stabilizer Column T-81314/201; Potential reduced rates; Potential financial impact | Potential to send Feed into AGO Product, off-spec AGO; potential environmental permitting issue, environmental/financial impact (potential off-spec of a full AGO tank) | Potential blocked outlet of thermal PSVs, release of AGO to grade, potential personnel injury and environmental impact | Potential to send AGO to feed tank, potential excess rerun and economic loss; Potential financial impact | Decreased flow of AGO from AGO tank to Transfer Pump P-3A/B, not expected to result in overfill of tank as movement tank is not receiving rundown, transfer shutdown, logistical impact to terminals; Potential financial impact"
No specific safeguards identified,General SIF (No Tag),Tier 2: Semantic NLP Match,Node 43,Medium,0.427,4.0,"Condensate Feed Pumps PM-53688A/B/C rated for 89649 gpm, unit flows up to 92292 gpm | 4"" valve (X-75254) on TK-97415-1 left closed when TK-97415-2 or TK-97415-3 is taken out of service for maintenance (or 4"" valves X-27981 for TK-97415-2, X-50797 for TK-97415-3)","Blocked in PSV relief path for other tanks connected to the feed header with potential overpressure of tank, loss of containment, personnel impact | Potential excessive wear on Condensate Feed Pumps, potential financial impact"
No specific safeguards identified,General SIF (No Tag),Tier 2: Semantic NLP Match,Node 44,Medium,0.427,4.0,"4"" gate valve or 2"" ball closed on relief header to Rerun Tank Tk-61869-14","Potential blocked outlet of thermal PSVs, release of Feed to grade, potential personnel injury and environmental impact"
No specific safeguards identified,General SIF (No Tag),Tier 2: Semantic NLP Match,Node 5,Medium,0.427,1.0,LCV-62100 fails closed or upstream/downstream manual valve(s) inadvertently closed,Loss of light naphtha product to storage; Potential financial impact
No specific safeguards identified,General SIF (No Tag),Tier 2: Semantic NLP Match,Node 6,Medium,0.427,4.0,Cooling during Heavy Naphtha Stripper T- 103 shutdown | FCV-13718 malfunctions closed or upstream/downstream manual valve(s) inadvertently closed,"High level in Heavy Naphtha Stripper T-73992, potential to overfill T-73992 back to Combi Tower T-56446, leading to products Kero, Diesel, and AGO going off-spec, operability/product quality issues; Potential financial impact | Potential for vacuum as Heavy Naphtha Stripper T-73992 cools during shutdown, column damage, potential loss of containment, ignition, personnel impact"
No specific safeguards identified,General SIF (No Tag),Tier 2: Semantic NLP Match,Node 7,Medium,0.427,4.0,"FCV-19313 malfunctions closed or upstream/downstream manual valve(s) inadvertently closed or 8"" manual valve on kero product to rerun inadvertently closed | Cooling during Kero Stripper T-59524 shutdown | Inadvertent opening of spec valve to rerun | 8"" manual valve on bypass around EX-73992 inadvertently opened","Potential reduced ability to heat the feed in EX-73992; Potential for low feed temperature into Naphtha Stabilizer Column T-81314; Potential to swing T-81314; Potential offspec product/quality; Potential financial impact | Potential for vacuum as Kero Stripper T-59524 cools during shutdown, column damage, potential loss of containment, ignition, personnel impact | Potential Combi Tower T-56446 flooding; leading to products Diesel and AGO going off-spec, operability/product quality issues; Potential financial impact | Inefficient operation - sending product to rerun; Potential financial impact"
No specific safeguards identified,General SIF (No Tag),Tier 2: Semantic NLP Match,Node 8,Medium,0.427,4.0,"Cooling during Diesel Stripper T-17647 shutdown | LCV-15841 fails open or bypass inadvertently open | Inadvertent opening of spec valve to rerun | 6"" manual bypass around EX-59524 inadvertently open","Potential reduced ability to heat the feed in EX-59524; Potential for low feed temperature into Naphtha Stabilizer Column T-81314; Potential to swing T-81314; Potential offspec product/quality; Potential financial impact | Inefficient operation - sending product to rerun; Potential financial impact | Potential for vacuum as Diesel Stripper T-17647 cools during shutdown, column damage, potential loss of containment, ignition, personnel impact | Potential to dry out Combi Tower T-56446 tray, leading to potential tray damage and financial impact"
No specific safeguards identified,General SIF (No Tag),Tier 2: Semantic NLP Match,Node 9,Medium,0.427,2.0,Pressure control valve PCV-75912 fails open to flare | BDV-22923/13619 malfunctions open when not needed | TCV-25485 receives incorrect signal (opens inadvertently) | Loss of power | Tube leak/rupture on EX-53688 Gas-to-Gas Exchanger | Compressor CM-81314A/B designed for clean-gas service,"Inadvertently sending compressor suction gas to vent header; Potential unplanned flaring event with potential environmental impact | Potential compressor wear and tear due to dirty gas service, requiring excessive maintenance activities; Potential for environmental impacts and financial impacts due to increased flaring events | Compressor CM-81314A/B shuts down upon loss of power; Potential flaring event with potential environmental impact | Potential to overpressure and blow compressor seals; Potential to contaminate compressor lube oil; Potential compressor damage and financial impact | Unintended flaring event; Potential environmental impact | Inadvertently sending compressor discharge flow around Gas-to-Gas Exchanger EX-53688; Inability to heat suction gas with EX-53688; Potential to send lower temperature gas to compressor; Potential liquids in compressor resulting in potential compressor damage and financial impact"
PAHH- 13584/13626 high-high pressure alarm on CM- 101A/B discharge will shutdown compressor,General SIF (No Tag),Tier 1: Explicit Interlock/AF Tag,Node 9,High,N/A,4.0,FCV-63484 fails closed or upstream/downstream manual valve(s) inadvertently closed | Pressure control valve PCV-82542 fails closed | XV-68867/13627 on discharge from Recycle Compressor CM-81314A/B fails closed,"Blocked CM-81314A/B compressor discharge; Potential overpressure with loss of containment, potential ignition and personnel impact"
PAHH- 14009/14029 high-high pressure alarm will trip Hot Oil Heater F-81314,General SIF (No Tag),Tier 1: Explicit Interlock/AF Tag,Node 10,High,N/A,4.0,What if burner tube ruptures? | What if solids build up on tube internal surfaces? | What if fuel supply regulator fails open? | What if vessel temperature control loop fails open or closed? | What if hot oil flow through the tubes stops? | What if fuel supply pressure increases? | What if burner tube skin temperature increases? (Caused by flow restriction in tube),"Flow restriction in tubes; Potential for overheating of Hot Oil Heater F-81314 tubes, tube failure, loss of containment, ignition, heater damage, potential personnel impact and environmental impact | Fails open - increased heating of hot oil; potential for overheating of Hot Oil Heater F-81314 tubes, tube failure, loss of containment, ignition, heater damage, potential personnel impact | Potential for overheating of Hot Oil Heater F-81314 tubes, tube failure, loss of containment, ignition, heater damage, potential personnel impact and environmental impact | Increased heating of hot oil; potential for overheating of Hot Oil Heater F-81314 tubes, tube failure, loss of containment, ignition, heater damage, potential personnel impact and environmental impact"
PAHH- 23584/23626 high-high pressure alarm on CM- 201A/B discharge will shutdown compressor,General SIF (No Tag),Tier 1: Explicit Interlock/AF Tag,Node 27,High,N/A,4.0,XV-35717/23627 on discharge from Recycle Compressor CM-33219A/B fails closed | FCV-10463 fails closed or upstream/downstream manual valve(s) inadvertently closed | Pressure control valve PCV-15581 fails closed,"Blocked CM-33219A/B compressor discharge; Potential overpressure with loss of containment, potential ignition and personnel impact"
PAHH- 24009/24029 high-high pressure alarm will trip Hot Oil Heater F-33219,General SIF (No Tag),Tier 1: Explicit Interlock/AF Tag,Node 28,High,N/A,4.0,What if burner tube ruptures? | What if solids build up on tube internal surfaces? | What if fuel supply regulator fails open? | What if vessel temperature control loop fails open or closed? | What if hot oil flow through the tubes stops? | What if fuel supply pressure increases? | What if burner tube skin temperature increases? (Caused by flow restriction in tube),"Flow restriction in tubes; Potential for overheating of Hot Oil Heater F-33219 tubes, tube failure, loss of containment, ignition, heater damage, potential personnel impact and environmental impact | Increased heating of hot oil; potential for overheating of Hot Oil Heater F-33219 tubes, tube failure, loss of containment, ignition, heater damage, potential personnel impact and environmental impact | Potential for overheating of Hot Oil Heater F-33219 tubes, tube failure, loss of containment, ignition, heater damage, potential personnel impact and environmental impact | Fails open - increased heating of hot oil; potential for overheating of Hot Oil Heater F-33219 tubes, tube failure, loss of containment, ignition, heater damage, potential personnel impact"
"PAHH-84364 (2oo3) high high pressure interlock on T-56446 will trip heater F- 101A/B, Ammonia Skid, and Hot Oil Pumps",PAHH-84364,Tier 1: Explicit Interlock/AF Tag,Node 5,High,N/A,4.0,PCV-10363B malfunctions open or bypass inadvertently open,"Inadvertently route some of the flow around the AF-56446 Condensers (most of the flow would still go through the Condensers); Potential to send hot vapors to Accumulator PV-56446 (would not exceed PV-56446 design temperature); RCG would shutdown on high suction pressure, and the hot vapors would be unable to flow to the Hot Oil Furnace F-81314; Potential to back-up pressure to the Combi Tower T-56446; Potential overpressure of T- 102 with loss of containment and personnel impact"
PALL-49198 low- low pressure alarm on Hot Oil Heater F-33219 discharge will trip F- 201,PALL-49198,Tier 1: Explicit Interlock/AF Tag,Node 28,High,N/A,4.0,Multiple Hot Oil Circulation Pumps PM- 202A/B/C/D trip | Reduced heat transfer fluid flow | What if vessel temperature control loop fails open or closed?,"Reduced hot oil flow, potential for overheating of Hot Oil Heater F-33219 tubes, tube failure, loss of containment, ignition, heater damage, potential personnel impact | Fails open - increased heating of hot oil; potential for overheating of Hot Oil Heater F-33219 tubes, tube failure, loss of containment, ignition, heater damage, potential personnel impact"
PALL-71033 low- low pressure alarm on Hot Oil Heater F-81314 discharge will trip F- 101,PALL-71033,Tier 1: Explicit Interlock/AF Tag,Node 10,High,N/A,4.0,Multiple Hot Oil Circulation Pumps PM- 102A/B/C/D trip | What if vessel temperature control loop fails open or closed? | Reduced heat transfer fluid flow,"Reduced hot oil flow, potential for overheating of Hot Oil Heater F-81314 tubes, tube failure, loss of containment, ignition, heater damage, potential personnel impact | Fails open - increased heating of hot oil; potential for overheating of Hot Oil Heater F-81314 tubes, tube failure, loss of containment, ignition, heater damage, potential personnel impact"
PIC-21203/13611 low suction pressure shutdown will shutdown CM- 101A/CM-81314B compressors,PIC-21203 | CM-81314B,Tier 1: Explicit Interlock/AF Tag,Node 9,High,N/A,1.0,PCV-10363A fails closed or upstream/downstream manual valve(s) inadvertently closed,Loss of suction to Recycle Gas Compressor; Potential compressor rod load damage with potential financial impact
PIC-73370/23611 low suction pressure shutdown will shutdown CM- 201A/CM-33219B compressors,PIC-73370 | CM-33219B,Tier 1: Explicit Interlock/AF Tag,Node 27,High,N/A,1.0,PCV-36763A fails closed or upstream/downstream manual valve(s) inadvertently closed,Loss of suction to Recycle Gas Compressor; Potential compressor rod load damage with potential financial impact
Pressure alarm high-high PAHH- 14102/14122 on individual cells trips Hot Oil Heater F-81314,General SIF (No Tag),Tier 1: Explicit Interlock/AF Tag,Node 10,High,N/A,3.0,What if air damper fails closed?,"Mechanical failure (all dampers in manual) - pressure swings on ID fan, air imbalance, potential for high Hot Oil Heater F- 101 duct temperatures; Potential heater damage and downtime"
Pressure alarm high-high PAHH- 14137 at common duct trips Hot Oil Heater F- 101,General SIF (No Tag),Tier 1: Explicit Interlock/AF Tag,Node 10,High,N/A,3.0,What if air damper fails closed?,"Mechanical failure (all dampers in manual) - pressure swings on ID fan, air imbalance, potential for high Hot Oil Heater F- 101 duct temperatures; Potential heater damage and downtime"
Pressure alarm high-high PAHH- 24102/24122 on individual cells trips Hot Oil Heater F-33219,General SIF (No Tag),Tier 1: Explicit Interlock/AF Tag,Node 28,High,N/A,3.0,What if air damper fails closed?,"Mechanical failure (all dampers in manual) - pressure swings on ID fan, air imbalance, potential for high Hot Oil Heater F- 301 duct temperatures; Potential heater damage and downtime"
Pressure alarm high-high PAHH- 24137 at common duct trips Hot Oil Heater F- 201,General SIF (No Tag),Tier 1: Explicit Interlock/AF Tag,Node 28,High,N/A,3.0,What if air damper fails closed?,"Mechanical failure (all dampers in manual) - pressure swings on ID fan, air imbalance, potential for high Hot Oil Heater F- 301 duct temperatures; Potential heater damage and downtime"
Preventative Maintenance (PM) inspections,General SIF (No Tag),Tier 2: Semantic NLP Match,Node 35,Medium,0.365,3.0,High amount of sodium bi sulfide in water,"Potential to corrode piping and vessels, potential release of condensate to atmosphere; Potential ignition and personnel impact"
Pump P-2A/B permissives prevent the pumps from starting if MOV- 9414/9415 is closed,General SIF (No Tag),Tier 1: Explicit Interlock/AF Tag,Node 38,High,N/A,4.0,"More recirculation outflow than inflow (operator error) | MOV-94883/ 9415 closed or MOV- 9412/9410 closed on suction to Transfer Pump P- 2A/B or strainer plugs | Blocked outlet of Transfer Pump P-2A/B or 38095"" valve closed on product manifold out of facility | High naphtha flow from Transfer Pumps P-2A/B (3100 vs 18888 gpm design vs required) out to product terminal","Decreased flow of naphtha from naphtha tank TK-24946- 24/25 to Transfer Pump P-2A/B, not expected to overpressure downstream piping, loss of flow to Light Naphtha P-2A/B, potential deadhead and seal leak, release of naphtha to atmosphere, potential ignition and personnel impact | Increased flow of naphtha out of naphtha tank TK-24946- 24/25 to Transfer Pump P-2A/B, low level and loss of flow to Light Naphtha pump P-2A/B, potential cavitation and seal leak, release of naphtha to atmosphere, potential ignition and personnel impact | Decreased flow of naphtha from naphtha tank TK-24946- 24/25 to Transfer Pump P-2A/B, loss of flow to Light Naphtha P- 2A/B, potential cavitation and seal leak, release of naphtha to atmosphere, potential ignition and personnel impact"
Pump P-2A/B permissives prevent the pumps from starting if MOV- 9414/9415 is closed,General SIF (No Tag),Tier 1: Explicit Interlock/AF Tag,Node 39,High,N/A,4.0,"Blocked outlet of Transfer Pump P-2A/B or 38095"" valve closed on product manifold out of facility | MOV-94883/ 9415 Blocked inlet valve to Transfer Pump P-2A/B or strainer plugs","Decreased flow of naphtha from naphtha tank TK-24946- 24/25 to Transfer Pump P-2A/B, loss of flow to Light Naphtha P- 2A/B, potential cavitation and seal leak, release of naphtha to atmosphere, potential ignition and personnel impact | Decreased flow of naphtha from naphtha tank TK-24946-25 and TK-61869-15 to Transfer Pump P-2A/B, loss of flow to Heavy Naphtha P-2A/B, potential deadhead and seal leak, release of naphtha to atmosphere, potential ignition and personnel impact"
Pump P-3A/B permissive prevents pump from starting unless MOV-19780 /9327/ 9328 are open,MOV-19780,Tier 1: Explicit Interlock/AF Tag,Node 42,High,N/A,4.0,MOV-19780 /9327/ 9328 closed on outlet of tank TK-24946-22/23 and TK-61869-13 to Transfer Pump P-3A/B when tank is in transfer to pipeline,"Decreased flow of AGO from AGO Tanks TK-24946-22/23 and TK-61869-13 to Transfer Pump P-3A/B, loss of flow to AGO P- 3A/B, potential cavitation and seal leak, release of AGO to grade, potential ignition and personnel impact"
Pump P-3A/B permissive prevents pump from starting unless MOV-85766/6/7 are open,MOV-85766,Tier 1: Explicit Interlock/AF Tag,Node 42,High,N/A,4.0,"MOV-85766/ 06/ 07 closed on outlet of tank TK-24946-22/23 and TK-61869-13 to Transfer Pump P-3A/B when tank is in transfer to pipeline | Blocked 14"" manual outlet valve of Transfer Pump P-3A/B","Blocked flow from Transfer Pump P-3A/B, potential deadhead and seal leak, release of AGO to grade, potential ignition and personnel impact | Decreased flow of AGO from AGO Tanks TK-24946-22/23 and TK-61869-13 to Transfer Pump P-3A/B, loss of flow to AGO P- 3A/B, potential cavitation and seal leak, release of AGO to grade, potential ignition and personnel impact"
Pump is in remote location and inside tank berm and separate containment,General SIF (No Tag),Tier 2: Semantic NLP Match,Node 40,Medium,0.416,4.0,"MOV-66277/ 22/ 24 closed on outlet of tank TK-61869-11/20 and TK-85935-10 to Transfer Pump P-1A/B when tank is in transfer to pipeline | 12"" manual valve blocked on inlet valve to Transfer Pump P-1A/B or strainer plugs | MOV-98319/06/07 closed on outlet of tank TK-61869-11/20 and TK-85935-10 to Transfer Pump P-1A/B when tank is in transfer to pipeline | MOV-50697 fails closed when not performing diesel flush on outlet of pump P-1A/B | MOV-55290 fails open on pump P-1A/B bypass | Blocked 8"" manual outlet valve of Transfer Pump P-1A/B | MOV-99758 fails closed or 38095"" valve closed on product manifold out of facility","No flow of kero from kero tanks TK-61869-11/20 and 85935-10 to Transfer Pump P-1A/B, loss of flow to kero P-1A/B, potential cavitation and seal leak, release of kero to grade, potential seal fire, personnel injury, environmental impact | Loss of flow from kero P-1A/B, potential deadhead and seal leak, release of kero to grade, potential seal fire, personnel injury, environmental impact | Increased flow of kero recycling around Transfer Pump P- 1A/B, decreased flow to terminal, delay in transfer, logistical impact to terminals; Potential to increase temperature on pumps P-1A/B with potential pump damage, potential seal failure, release, ignition and personnel impact | No flow of kero from kero tanks TK-61869-11/20 and 85935- 10 to Transfer Pump P-1A/B, loss of flow to kero P-1A/B, potential cavitation and seal leak, release of kero to grade, potential seal fire, personnel injury, environmental impact"
Pump is in remote location and inside tank berm and separate containment,General SIF (No Tag),Tier 2: Semantic NLP Match,Node 41,Medium,0.416,4.0,"MOV-77397/ 09 closed on outlet of tank TK- 100-12/21 to Transfer Pump P-1A/B when tank is in transfer to pipeline | 12"" manual valve blocked on inlet valve to Transfer Pump P-1A/B or strainer plugs | MOV-72031 /9326 closed on outlet of tank TK-61869-12/21 to Transfer Pump P-1A/B when tank is in transfer to pipeline | MOV-55290 fails open on pump P-1A/B bypass | Blocked 8"" manual outlet valve of Transfer Pump P-1A/B","Decreased flow of diesel from Diesel Tanks TK-61869- 12/21 to Transfer Pump P-1A/B, loss of flow to P-1A/B, potential cavitation and seal leak, release of diesel to grade, potential seal fire, personnel injury, environmental impact | Decreased flow of diesel from Diesel Tanks TK-61869-12/21 to Transfer Pump P-1A/B, loss of flow to P-1A/B, potential cavitation and seal leak, release of diesel to grade, potential seal fire, personnel injury, environmental impact | Increased flow of diesel recycling around Transfer Pump P-1A/B, decreased flow to terminal, delay in transfer, logistical impact to terminals; Potential to increase temperature on pumps P- 1A/B with potential pump damage, potential seal failure, release, ignition and personnel impact | Blocked flow out of Transfer Pump P-1A/B, potential deadhead and seal leak, release of diesel to grade, potential seal fire, personnel injury, environmental impact"
Seal Failure Alarm SF- 11410/11430 will shutdown pumps PM- 104A/B,General SIF (No Tag),Tier 1: Explicit Interlock/AF Tag,Node 4,High,N/A,4.0,"6"" manual valve on inlet to AF-73992 Bottoms Product Cooler inadvertently closed | 6"" manual valve on outlet from AF-73992 Bottoms Product Cooler inadvertently closed | LCV-14439 malfunctions closed or upstream/downstream manual valve(s) inadvertently closed | Manual valve on discharge from Combi Tower Bottoms Product Pump PM-59524A/B inadvertently closed | LCV-14439 fails open or bypass inadvertently open | TCV-30806A malfunctions closed or upstream/downstream manual valve(s) inadvertently closed | 6"" manual valve from EX-17647 inadvertently closed | Manual valve on suction to Combi Tower Bottoms Product Pump PM-59524A/B inadvertently closed",Loss of suction to PM-59524A/B; Potential to cavitate pump resulting in pump damage; Potential seal failure with potential loss of containment; Potential ignition and personnel impact | High flow results in low level in Combi Tower T-56446; Potential loss of suction to Bottoms Pumps PM-59524A/B; Potential to cavitate pump resulting in pump damage; Potential seal failure with potential loss of containment; Potential ignition and personnel impact | Blocked discharge from pumps PM-59524A/B; Potential to deadhead pumps; Potential seal failure with potential loss of containment; Potential ignition and personnel impact
Seal Failure Alarm SF- 11410/11430 will shutdown pumps PM- 104A/B,General SIF (No Tag),Tier 1: Explicit Interlock/AF Tag,Node 42,High,N/A,4.0,Manual valve closed on AGO rundown header from one or both splitter towers,"Combi Tower Bottoms Product Pumps PM-59524A/B or PM- 204A/B deadheaded, potential seal failure, release of hydrocarbons and ignition, potential personnel impact"
Seal Failure Alarm SF- 11410/11430 will shutdown pumps PM- 104A/B,General SIF (No Tag),Tier 1: Explicit Interlock/AF Tag,Node 44,High,N/A,4.0,"8"" Manual valve closed on Rerun header from one or both splitter towers","Combi Tower Bottoms Product Pumps PM-59524A/B or PM- 204A/B deadheaded, potential seal failure, release of hydrocarbons and ignition, potential personnel impact"
Seal Failure Alarm SF- 21410/21430 will shutdown pumps PM- 204A/B,General SIF (No Tag),Tier 1: Explicit Interlock/AF Tag,Node 22,High,N/A,4.0,"6"" manual valve from EX-11689 inadvertently closed | TCV-47043A malfunctions closed or upstream/downstream manual valve(s) inadvertently closed | LCV-60053 fails open or bypass inadvertently open | Manual valve on discharge from Combi Tower Bottoms Product Pump PM-80996A/B inadvertently closed | 6"" manual valve on inlet to AF-99986 Bottoms Product Cooler inadvertently closed | 6"" manual valve on outlet from AF-99986 Bottoms Product Cooler inadvertently closed | LCV-60053 malfunctions closed or upstream/downstream manual valve(s) inadvertently closed | Manual valve on suction to Combi Tower Bottoms Product Pump PM-80996A/B inadvertently closed",High flow results in low level in Combi Tower T-92182; Potential loss of suction to Bottoms Pumps PM-80996A/B; Potential to cavitate pump resulting in pump damage; Potential seal failure with potential loss of containment; Potential ignition and personnel impact | Blocked discharge from pumps PM-80996A/B; Potential to deadhead pumps; Potential seal failure with potential loss of containment; Potential ignition and personnel impact | Loss of suction to PM-80996A/B; Potential to cavitate pump resulting in pump damage; Potential seal failure with potential loss of containment; Potential ignition and personnel impact
Seal Failure Alarm SF- 21410/21430 will shutdown pumps PM- 204A/B,General SIF (No Tag),Tier 1: Explicit Interlock/AF Tag,Node 42,High,N/A,4.0,Manual valve closed on AGO rundown header from one or both splitter towers,"Combi Tower Bottoms Product Pumps PM-59524A/B or PM- 204A/B deadheaded, potential seal failure, release of hydrocarbons and ignition, potential personnel impact"
Seal Failure Alarm SF- 21410/21430 will shutdown pumps PM- 204A/B,General SIF (No Tag),Tier 1: Explicit Interlock/AF Tag,Node 44,High,N/A,4.0,"8"" Manual valve closed on Rerun header from one or both splitter towers","Combi Tower Bottoms Product Pumps PM-59524A/B or PM- 204A/B deadheaded, potential seal failure, release of hydrocarbons and ignition, potential personnel impact"
Seal failure alarm SF-36044/11385 will shutdown pumps,SF-36044,Tier 1: Explicit Interlock/AF Tag,Node 5,High,N/A,4.0,"10"" manual valve on outlet from Combi Tower Overhead Pumps PM-73992A/B inadvertently closed | 12"" manual valve on inlet to Combi Tower Overhead Pumps PM-73992A/B inadvertently closed | Level control valve LCV-62100 light naphtha to storage fails open or bypass opened","Blocked discharge from Combi Tower Overhead Pumps PM-73992A/B; Potential to deadhead pumps resulting in potential seal failure, loss of containment, potential ignition and personnel impact | Loss of suction to Combi Tower Overhead Pumps PM- 103A/B; Potential to cavitate pumps resulting in potential seal failure, loss of containment, potential ignition and personnel impact | Potential loss of level in Accumulator PV-56446; Loss of suction to Combi Tower Overhead Pumps PM-73992A/B; Potential to cavitate pumps resulting in potential seal failure, loss of containment, potential ignition and personnel impact"
Seal failure alarm SF-65349/21385 will shutdown pumps PM- 203A/B,SF-65349,Tier 1: Explicit Interlock/AF Tag,Node 23,High,N/A,4.0,"12"" manual valve on inlet to Combi Tower Overhead Pumps PM-99986A/B inadvertently closed | Level control valve LCV-34380 light naphtha to storage fails open or bypass opened | 10"" manual valve on outlet from Combi Tower Overhead Pumps PM-99986A/B inadvertently closed","Loss of suction to Combi Tower Overhead Pumps PM- 203A/B; Potential to cavitate pumps resulting in potential seal failure, loss of containment, potential ignition and personnel impact | Blocked discharge from Combi Tower Overhead Pumps PM-99986A/B; Potential to deadhead pumps resulting in potential seal failure, loss of containment, potential ignition and personnel impact | Potential loss of level in Accumulator PV-92182; Loss of suction to Combi Tower Overhead Pumps PM-99986A/B; Potential to cavitate pumps resulting in potential seal failure, loss of containment, potential ignition and personnel impact"
Seal failure alarm SFA- 18026/18066/18046 will shutdown pumps PM-77434A/B/C,General SIF (No Tag),Tier 1: Explicit Interlock/AF Tag,Node 34,High,N/A,4.0,Valve(s) downstream of booster pumps closed (or plugged). | PCV-55414/40591 on overhead from D- 101/201 Desalter malfunctions closed or upstream/downstream manual valve(s) inadvertently closed | Valve(s) upstream of booster pumps (PM- 121A/B/C) inadvertently closed. | PDCV-33775 malfunctions closed,"Loss of suction to pump PM-77434A/B/C; Potential pump cavitation with seal failure, potential loss of containment of condensate, potential ignition and personnel impact | Blocked discharge from pump PM-77434A/B/C; Potential pump deadhead with seal failure, potential loss of containment of condensate, potential ignition and personnel impact"
Seal failure alarm SFA- 55734/48452/87711/2 1520 will shutdown pumps PM-76255A/B and PM-48495A/B,General SIF (No Tag),Tier 1: Explicit Interlock/AF Tag,Node 25,High,N/A,4.0,"FCV-80717 fails open or bypass valve inadvertently open | Manual valve closed inadvertently in Kero Stripper Product Pump PM-48495A/B suction or basket strainers on suction lines plugged | 8"" manual valve on EX-99986 shell side outlet inadvertently closed | FCV-80717 malfunctions closed or upstream/downstream manual valve(s) inadvertently closed or 8"" manual valve on kero product to rerun inadvertently closed | Manual valve closed inadvertently in Kero Stripper Product Pump PM-48495A/B discharge | Both Kero Product Pumps PM-48495A/B running at once","Loss of level in Kero Stripper T-80996, potential to vapor lock the stripper, potential to cavitate Kero Stripper Product Pump PM- 206A/B; Potential seal failure with loss of containment, ignition, and personnel impact | Blocked discharge from Kero Stripper Product Pump PM- 206A/B; Potential pump deadhead, potential seal failure, release of hydrocarbons and ignition, potential personnel impact | Kero Stripper Product Pump PM-48495A/B cavitation, potential seal failure, release of hydrocarbons and ignition, potential personnel impact | Kero Stripper Product Pump PM-48495A/B deadhead, potential seal failure, release of hydrocarbons and ignition, potential personnel impact | Potential loss of level in Kero Stripper T-80996, potential to vapor lock the stripper, potential to cavitate Kero Stripper Product Pump PM-48495A/B; Potential seal failure with loss of containment, ignition, and personnel impact"
Seal failure alarm SFA- 55734/48452/87711/2 1520 will shutdown pumps PM-76255A/B and PM-48495A/B,General SIF (No Tag),Tier 1: Explicit Interlock/AF Tag,Node 40,High,N/A,4.0,Plugged Kero Filters,"Kero Stripper Product Pump PM-76255A/B or PM-48495A/B deadhead, potential seal failure, release of hydrocarbons and ignition, potential personnel impact"
Seal failure alarm SFA- 55734/48452/87711/2 1520 will shutdown pumps PM-76255A/B and PM-48495A/B,General SIF (No Tag),Tier 1: Explicit Interlock/AF Tag,Node 7,High,N/A,4.0,"Manual valve closed inadvertently in Kero Stripper Product Pump PM-76255A/B discharge | FCV-19313 fails open or bypass valve inadvertently open | Both Kero Product Pumps PM-76255A/B running at once | FCV-19313 malfunctions closed or upstream/downstream manual valve(s) inadvertently closed or 8"" manual valve on kero product to rerun inadvertently closed | Manual valve closed inadvertently in Kero Stripper Product Pump PM-76255A/B suction or basket strainers on suction lines plugged | 8"" manual valve on EX-73992 shell side outlet inadvertently closed","Potential loss of level in Kero Stripper T-59524, potential to vapor lock the stripper, potential to cavitate Kero Stripper Product Pump PM-76255A/B; Potential seal failure with loss of containment, ignition, and personnel impact | Loss of level in Kero Stripper T-59524, potential to vapor lock the stripper, potential to cavitate Kero Stripper Product Pump PM- 106A/B; Potential seal failure with loss of containment, ignition, and personnel impact | Blocked discharge from Kero Stripper Product Pump PM- 106A/B; Potential pump deadhead, potential seal failure, release of hydrocarbons and ignition, potential personnel impact | Kero Stripper Product Pump PM-76255A/B cavitation, potential seal failure, release of hydrocarbons and ignition, potential personnel impact | Kero Stripper Product Pump PM-76255A/B deadhead, potential seal failure, release of hydrocarbons and ignition, potential personnel impact"
Seal failure alarm SFA-11988/21480 will shutdown pump PM- 105B/205B,SFA-11988,Tier 1: Explicit Interlock/AF Tag,Node 24,High,N/A,4.0,"6"" manual valve on EX-92182 shell side outlet inadvertently closed | 6"" manual valve on discharge from Heavy Naphtha Stripper Product Pump PM-11689B inadvertently closed | 6"" manual valve on suction to Heavy Naphtha Stripper Product Pump PM-11689B inadvertently closed | FCV-38704 fails open or bypass valve inadvertently open | FCV-38704 malfunctions closed or upstream/downstream manual valve(s) inadvertently closed","Blocked suction to PM-11689B; Potential pump cavitation; Potential seal failure with loss of containment, potential ignition and personnel impact | Blocked discharge from PM-11689B; Potential pump deadhead; Potential seal failure with loss of containment, potential ignition and personnel impact | Potential to lose level in Stripper T-73992; Potential pump PM-17647B cavitation; Potential seal failure with loss of containment, potential ignition and personnel impact"
Seal failure alarm SFA-11988/21480 will shutdown pump PM- 105B/205B,SFA-11988,Tier 1: Explicit Interlock/AF Tag,Node 39,High,N/A,4.0,"8"" valve closed on heavy naphtha rundown header from one or both splitter towers","Blocked discharge from Heavy Naphtha Stripper Product Pumps PM-17647B/205B; Potential pump deadhead; Potential seal failure with loss of containment, potential ignition and personnel impact"
Seal failure alarm SFA-11988/21480 will shutdown pump PM- 105B/205B,SFA-11988,Tier 1: Explicit Interlock/AF Tag,Node 6,High,N/A,4.0,"FCV-13718 fails open or bypass valve inadvertently open | 6"" manual valve on suction to Heavy Naphtha Stripper Product Pump PM-17647B inadvertently closed | 6"" manual valve on discharge from Heavy Naphtha Stripper Product Pump PM-17647B inadvertently closed | FCV-13718 malfunctions closed or upstream/downstream manual valve(s) inadvertently closed | 6"" manual valve on EX-56446 shell side outlet inadvertently closed","Blocked suction to PM-17647B; Potential pump cavitation; Potential seal failure with loss of containment, potential ignition and personnel impact | Potential to lose level in Stripper T-73992; Potential pump PM- 105B cavitation; Potential seal failure with loss of containment, potential ignition and personnel impact | Blocked discharge from PM-17647B; Potential pump deadhead; Potential seal failure with loss of containment, potential ignition and personnel impact"
Seal failure alarm SFA-23945/10440 will shutdown pumps PM- 101A/B,SFA-23945,Tier 1: Explicit Interlock/AF Tag,Node 3,High,N/A,4.0,LCV-92846 on Y-Grade product line fails open or bypass inadvertently opened | Manual valve on suction line to Naphtha Stabilizer Overhead Pump PM-81314A/B inadvertently closed | Manual valve on discharge line from Naphtha Stabilizer Overhead Pump PM-81314A/B inadvertently closed,"Blocked discharge from pumps with potential to deadhead pumps; Pump max discharge pressure is 90033 psig and downstream piping is rated for up to 10877 psig, therefore no overpressure concern; Potential seal damage with potential loss of containment, potential ignition with personnel impact | Loss of suction to Naphtha Stabilizer Overhead Pump PM- 101A/B; Potential to cavitate pumpswith potential seal damage with potential loss of containment, potential ignition with personnel impact | Loss of level in Naphtha Stabilizer Accumulator pressure vessel PV-81314, potential to run Naphtha Stabilizer Overhead Pump PM-81314A/B dry, pump cavitation and damage, potential release with personnel impact"
Seal failure alarm SFA-32195A/B/C will shutdown pumps PM- 416A/B/C,SFA-32195A,Tier 1: Explicit Interlock/AF Tag,Node 11,High,N/A,4.0,FV-39675A/B/C malfunctions closed during truck loading | SDV-54766/40117 fails closed or downstream manual valve inadvertently closed | Manual valve closed in discharge of Multi- Stage Vertical Turbine Pumps PM-12480A/B/C or FV-39675A/B/C malfunctions closed when not loading or upstream/downstream manual valve(s) inadvertently closed | Manual valve closed in suction of Multi- Stage Vertical Turbine Pumps PM-12480A/B/C | More than one Multi-Stage Vertical Turbine Pumps PM-12480A/B/C at once,"Block suction to Multi-Stage Vertical Turbine Pumps PM- 416A/B/C, cavitation, seal leak, potential ignition, personnel impact | Block discharge from Multi-Stage Vertical Turbine Pumps PM-12480A/B/C, deadhead, seal leak, potential ignition, personnel impact | More than one Multi-Stage Vertical Turbine Pumps PM- 416A/B/C operating, overfill of truck, deadheading PM-12480A/B/C pumps; seal leak, potential ignition, personnel impact"
Seal failure alarm SFA-35927/25045 will shutdown pumps PM- 207A/B,SFA-35927,Tier 1: Explicit Interlock/AF Tag,Node 26,High,N/A,4.0,"6"" manual valve on EX-80996 shell side outlet inadvertently closed | 6"" manual valve(s) upstream/downstream AF-48495 Diesel Product Cooler inadvertently closed | Both PM-11354A/B Diesel Stripper Product Pumps running at once | Level control valve LCV-44082 fails closed or T-92182 tower tray plugs | FCV-73508 malfunctions closed or upstream/downstream manual valve(s) inadvertently closed | FCV-73508 fails open or bypass inadvertently open | Manual valve closed on suction to Diesel Stripper Product Pumps PM-11354A/B or basket strainers plugged on suction piping | Manual valve closed on discharge from Diesel Stripper Product Pumps PM-11354A/B","Potential to deadhead pumps PM-11354A/B; Potential seal failure; Potential loss of containment, ignition and personnel impact | Potential to drop diesel into the bottom of the Combi Tower T-92182, potential to send out diesel with the AGO; Potential loss of level in Diesel Stripper T-11689; Potential to cavitate pumps PM- 207A/B; Potential seal failure; Potential loss of containment, ignition and personnel impact | Potential loss of level in Diesel Stripper T-11689; Potential to cavitate pumps PM-11354A/B; Potential seal failure; Potential loss of containment, ignition and personnel impact | Potential to cavitate pumps PM-11354A/B; Potential seal failure; Potential loss of containment, ignition and personnel impact"
Seal failure alarm SFA-35927/25045 will shutdown pumps PM- 207A/B,SFA-35927,Tier 1: Explicit Interlock/AF Tag,Node 41,High,N/A,4.0,"8"" valve closed on diesel rundown header from one or both splitter towers","Potential to deadhead Diesel Stripper Product Pumps PM- 107A/B or PM-11354A/B; Potential seal failure; Potential loss of containment, ignition and personnel impact"
Seal failure alarm SFA-37823/15045 will shutdown pumps PM- 107A/B,SFA-37823,Tier 1: Explicit Interlock/AF Tag,Node 41,High,N/A,4.0,"8"" valve closed on diesel rundown header from one or both splitter towers","Potential to deadhead Diesel Stripper Product Pumps PM- 107A/B or PM-11354A/B; Potential seal failure; Potential loss of containment, ignition and personnel impact"
Seal failure alarm SFA-37823/15045 will shutdown pumps PM- 107A/B,SFA-37823,Tier 1: Explicit Interlock/AF Tag,Node 8,High,N/A,4.0,"Manual valve closed on suction to Diesel Stripper Product Pumps PM-60820A/B or basket strainers plugged on suction piping | FCV-96168 fails open or bypass inadvertently open | Level control valve LCV-15841 fails closed or T-56446 tower tray plugs | 6"" manual valve on EX-59524 shell side outlet inadvertently closed | Both PM-60820A/B Diesel Stripper Product Pumps running at once | FCV-96168 malfunctions closed or upstream/downstream manual valve(s) inadvertently closed | 6"" manual valve(s) upstream/downstream AF-76255 Diesel Product Cooler inadvertently closed | Manual valve closed on discharge from Diesel Stripper Product Pumps PM-60820A/B","Potential to drop diesel into the bottom of the Combi Tower T-56446, potential to send out diesel with the AGO; Potential loss of level in Diesel Stripper T-17647; Potential to cavitate pumps PM- 107A/B; Potential seal failure; Potential loss of containment, ignition and personnel impact | Potential loss of level in Diesel Stripper T-17647; Potential to cavitate pumps PM-60820A/B; Potential seal failure; Potential loss of containment, ignition and personnel impact | Potential to deadhead pumps PM-60820A/B; Potential seal failure; Potential loss of containment, ignition and personnel impact | Potential to cavitate pumps PM-60820A/B; Potential seal failure; Potential loss of containment, ignition and personnel impact"
Seal failure alarm SFA-62231/20440 will shutdown pumps PM- 201A/B,SFA-62231,Tier 1: Explicit Interlock/AF Tag,Node 21,High,N/A,4.0,Manual valve on discharge line from Naphtha Stabilizer Overhead Pump PM-33219A/B inadvertently closed | LCV-26713 on Y-Grade product line fails open or bypass inadvertently opened | Manual valve on suction line to Naphtha Stabilizer Overhead Pump PM-33219A/B inadvertently closed,"Blocked discharge from pumps with potential to deadhead pumps; Pump max discharge pressure is 90033 psig and downstream piping is rated for up to 10877 psig, therefore no overpressure concern; Potential seal damage with potential loss of containment, potential ignition with personnel impact | Loss of suction to Naphtha Stabilizer Overhead Pump PM- 201A/B; Potential to cavitate pumpswith potential seal damage with potential loss of containment, potential ignition with personnel impact | Loss of level in Naphtha Stabilizer Accumulator pressure vessel PV-33219, potential to run Naphtha Stabilizer Overhead Pump PM-33219A/B dry, pump cavitation and damage, potential release with personnel impact"
Shutdown Procedure (GPS-74215) includes a step for diesel flush,GPS-74215,Tier 1: Explicit Interlock/AF Tag,Node 41,High,N/A,2.0,"8"" or 38112"" valve open on diesel flush to feed pumps","Potential to send diesel to splitters, potential excess rerun and economic loss, potential major unit upset; Potential financial impact"
Standby pump available - Kero Stripper Product Pump PM-48495A/B,General SIF (No Tag),Tier 1: Explicit Interlock/AF Tag,Node 25,High,N/A,4.0,Kero Stripper Product Pump PM-48495A/B trips or loss of power,"High level in Kero Stripper T-80996; Potential Combi Tower T-92182 flooding; leading to products Diesel and AGO going off-spec, operability/product quality issues; Potential financial impact | High level in Kero Stripper T-80996; Potential Combi Tower T-92182 flooding; high differential pressure; Potential to get kero liquids in the vapor return line; Potential damage to vapor return piping; Potential release with ignition and personnel impact"
Standby pump available - Kero Stripper Product Pump PM-76255A/B,General SIF (No Tag),Tier 1: Explicit Interlock/AF Tag,Node 7,High,N/A,4.0,Kero Stripper Product Pump PM-76255A/B trips or loss of power,"High level in Kero Stripper T-59524; Potential Combi Tower T-56446 flooding; leading to products Diesel and AGO going off-spec, operability/product quality issues; Potential financial impact | High level in Kero Stripper T-59524; Potential Combi Tower T-56446 flooding; high differential pressure; Potential to get kero liquids in the vapor return line; Potential damage to vapor return piping; Potential release with ignition and personnel impact"
TAHH-40738 high high temperature alarm will trip Hot Oil Heater F-33219,TAHH-40738,Tier 1: Explicit Interlock/AF Tag,Node 28,High,N/A,4.0,What if burner tube ruptures? | What if solids build up on tube internal surfaces? | What if fuel supply regulator fails open? | What if hot oil flow through the tubes stops? | What if fuel supply pressure increases? | What if burner tube skin temperature increases? (Caused by flow restriction in tube) | What if blower or motor fails?,"Increased heating of hot oil; potential for overheating of Hot Oil Heater F-33219 tubes, tube failure, loss of containment, ignition, heater damage, potential personnel impact and environmental impact | Potential for overheating of Hot Oil Heater F-33219 tubes, tube failure, loss of containment, ignition, heater damage, potential personnel impact and environmental impact | Potential for over temperature of Hot Oil Heater F- 201/ducts, heater damage | Flow restriction in tubes; Potential for overheating of Hot Oil Heater F-33219 tubes, tube failure, loss of containment, ignition, heater damage, potential personnel impact and environmental impact"
TAHH-56116 high high temperature alarm will trip Hot Oil Heater F-81314,TAHH-56116,Tier 1: Explicit Interlock/AF Tag,Node 10,High,N/A,4.0,What if burner tube ruptures? | What if solids build up on tube internal surfaces? | What if fuel supply regulator fails open? | What if hot oil flow through the tubes stops? | What if fuel supply pressure increases? | What if burner tube skin temperature increases? (Caused by flow restriction in tube) | What if blower or motor fails?,"Potential for over temperature of Hot Oil Heater F- 101/ducts, heater damage | Flow restriction in tubes; Potential for overheating of Hot Oil Heater F-81314 tubes, tube failure, loss of containment, ignition, heater damage, potential personnel impact and environmental impact | Potential for overheating of Hot Oil Heater F-81314 tubes, tube failure, loss of containment, ignition, heater damage, potential personnel impact and environmental impact | Increased heating of hot oil; potential for overheating of Hot Oil Heater F-81314 tubes, tube failure, loss of containment, ignition, heater damage, potential personnel impact and environmental impact"
TT-46689/5004 supply water temperature will shutdown chiller compressor units on low heat load on the glycol system,TT-46689,Tier 1: Explicit Interlock/AF Tag,Node 38,High,N/A,1.0,"Manual valve closed downstream of rundown chiller EX-28669 to tank TK-24946-24/25 | Manual valve closed on suction of Naphtha Recirculation Pump P-6 or strainer plugs | Recirculation Pump P-6 stops | 10"" valve closed on discharge of Recirculation Pump P6 or MOV-63896/9449 closed on inlet to TK-24946-24 or MOV-94291/9441 closed on inlet to TK-24946-25 | MOV-59888/ 9429/ 9410/ 9412 closed on outlet of tank TK-24946-24/25 to Recirculation Pump P-6 when tank is in recirculation","Loss of Light Naphtha flow to storage from chiller, loss of heat load on glycol circuit, low delta temperature on chiller units, potential chiller compressor damage, release of glycol/ refrigerant and minor environmental impact, potential equipment damage"
Tandem seal - level switch on seal pot trips condensate feed pump PM-53688A/B/C,General SIF (No Tag),Tier 1: Explicit Interlock/AF Tag,Node 1,High,N/A,4.0,"Flow control valve FCV-73778 malfunctions closed or upstream/downstream manual valve(s) inadvertently closed | 8"" manual valve downstream of Condensate Feed Pumps PM-53688A/B/C inadvertently closed",Blocked discharge from Condensate Feed Pumps PM- 111A/B/C; Pump deadhead; Potential seal failure and release of hydrocarbons; Potential ignition and personnel impact
Tandem seal - level switch on seal pot trips condensate feed pump PM-53688A/B/C,General SIF (No Tag),Tier 1: Explicit Interlock/AF Tag,Node 19,High,N/A,4.0,"8"" manual valve downstream of Condensate Feed Pumps PM-53688A/B/C inadvertently closed | Flow control valve FCV-89309 malfunctions closed or upstream/downstream manual valve(s) inadvertently closed",Blocked discharge from Condensate Feed Pumps PM- 111A/B/C; Pump deadhead; Potential seal failure and release of hydrocarbons; Potential ignition and personnel impact
Tandem seal - level switch on seal pot trips condensate feed pump PM-53688A/B/C,General SIF (No Tag),Tier 1: Explicit Interlock/AF Tag,Node 43,High,N/A,4.0,Mixer failure | Closed valves: manual valve closed inadvertently on suction side on condensate feed pump PM-53688A/B/C | MOV-10065/22/23 closed on outlet of tank TK-97415/1/2/3 to Feed Pump PM-53688A/B/C when tank is feeding to Splitter Units | Closed valves: Manual valve closed inadvertently on discharge side of condensate feed pump PM-53688A/B/C including exchanger valves | All pumps PM-53688A/B/C online,"Potential mechanical damage to condensate feed pump PM-53688A/B/C (cavitation); Potential seal failure and release of hydrocarbons; Potential ignition and personnel impact | Potential mechanical damage to condensate feed pump PM-53688A/B/C (deadhead); Potential seal failure and release of hydrocarbons; Potential ignition and personnel impact | Decreased flow of Feed from Feed Tanks TK-97415-1/2/3 to Feed Pumps PM-53688A/B/C, loss of flow to Feed PM-53688A/B/C, potential cavitation; Potential seal failure and release of hydrocarbons; Potential ignition and personnel impact | Increased flow of Feed out of Feed Tanks TK-97415-1/2/3, decreased level in Feed Tanks TK-97415-1/2/3, loss of flow to Feed Pumps PM-53688A/B/C; Potential cavitation, seal failure and release of hydrocarbons; Potential ignition and personnel impact | Potential reduced tank mixing, potential build-up of solids in Feed Pump PM-53688A/B/C strainers; Potential mechanical damage to condensate feed pump PM-53688A/B/C (cavitation); Potential seal failure and release of hydrocarbons; Potential ignition and personnel impact"
Tank is a continuously monitored operation,General SIF (No Tag),Tier 2: Semantic NLP Match,Node 13,Medium,0.373,,Overfilling Ammonia Storage Tank PV- 106,Potential overpressure of Ammonia Storage Tank PV-76255 with release of aqueous ammonia to surrounding area and potential personnel impact
Thermal Pressure Safety Valves across Feed piping circuit,General SIF (No Tag),Tier 2: Semantic NLP Match,Node 43,Medium,0.391,4.0,Blocked in Feed and thermal expansion,"Potential to overpressure piping by thermal expansion, release of Feed, personnel injury, environmental impact"
Timer failure results in burner management system (BMS) trip of the Hot Oil Furnace F-81314/201,General SIF (No Tag),Tier 1: Explicit Interlock/AF Tag,Node 10,High,N/A,4.0,What if the purge is inadequate? (BMS Sequence Failure),Potential for burner explosion on restart if un reacted fuel is present
Timer failure results in burner management system (BMS) trip of the Hot Oil Furnace F-81314/201,General SIF (No Tag),Tier 1: Explicit Interlock/AF Tag,Node 28,High,N/A,4.0,What if the purge is inadequate? (BMS Sequence Failure),Potential for burner explosion on restart if un reacted fuel is present
"Transfer Pump P- 1A/B permissive, pump will not run if valves MOV-98319/6/7/8/9 are closed",MOV-98319,Tier 1: Explicit Interlock/AF Tag,Node 40,High,N/A,4.0,MOV-98319/06/07 closed on outlet of tank TK-61869-11/20 and TK-85935-10 to Transfer Pump P-1A/B when tank is in transfer to pipeline,"No flow of kero from kero tanks TK-61869-11/20 and 85935- 10 to Transfer Pump P-1A/B, loss of flow to kero P-1A/B, potential cavitation and seal leak, release of kero to grade, potential seal fire, personnel injury, environmental impact | Potential Kero tank overfill (TK-61869-20/11, TK-85935-10); High level in Kero Stripper T-59524/204; Potential Combi Tower T- 102/202 flooding; high differential pressure; Potential to get kero liquids in the vapor return line; Potential damage to vapor return piping; Potential release with ignition and personnel impact | Potential Kero tank overfill (TK-61869-20/11, TK-85935-10); High level in Kero Stripper T-59524/204; Potential Combi Tower T- 102/202 flooding; leading to products Diesel and AGO going off- spec, operability/product quality issues; Potential financial impact"
"Transfer Pump P- 1A/B permissive, pump will not run if valves MOV-98319/6/7/8/9 are closed",MOV-98319,Tier 1: Explicit Interlock/AF Tag,Node 41,High,N/A,4.0,MOV-77397/ 09 closed on outlet of tank TK- 100-12/21 to Transfer Pump P-1A/B when tank is in transfer to pipeline,"Decreased flow of diesel from Diesel Tanks TK-61869-12/21 to Transfer Pump P-1A/B, loss of flow to P-1A/B, potential cavitation and seal leak, release of diesel to grade, potential seal fire, personnel injury, environmental impact"
Water pumps PM- 18A/B automatically shut off at a pre-set level in Tank TK-5,General SIF (No Tag),Tier 2: Semantic NLP Match,Node 45,Medium,0.377,3.0,Pump P-98747 online while pump PM-95795A/B online | Level Control Valve LCV-19952 fails open or manual bypass valve open,"Increased flow of water from Pump P-98747/ PM-95795A/B, decreased water level in Tank TK-5, potential to draw down level in tank and send hydrocarbon to gulf coast water authority; Potential to impact biologics at water treatment; Potential financial impact | Increased flow of water from Pump PM-95795A/B, decreased water level in Tank TK-5, potential to draw down level in tank and send hydrocarbon to gulf coast water authority; Potential to impact biologics at water treatment; Potential financial impact"
"analyzer transmitter AT-16573/ 02/ 03/ 04 gas detector around the kero/diesel manifold with automatic shutdown of pumps P-4, and P- 1A/B with 1oo4 voting",AT-16573,Tier 1: Explicit Interlock/AF Tag,Node 40,High,N/A,4.0,"MOV-66277/ 22/ 24 closed on outlet of tank TK-61869-11/20 and TK-85935-10 to Transfer Pump P-1A/B when tank is in transfer to pipeline | 12"" manual valve blocked on inlet valve to Transfer Pump P-1A/B or strainer plugs | MOV-98319/06/07 closed on outlet of tank TK-61869-11/20 and TK-85935-10 to Transfer Pump P-1A/B when tank is in transfer to pipeline | MOV-50697 fails closed when not performing diesel flush on outlet of pump P-1A/B | MOV-55290 fails open on pump P-1A/B bypass | Blocked 8"" manual outlet valve of Transfer Pump P-1A/B | MOV-99758 fails closed or 38095"" valve closed on product manifold out of facility","No flow of kero from kero tanks TK-61869-11/20 and 85935-10 to Transfer Pump P-1A/B, loss of flow to kero P-1A/B, potential cavitation and seal leak, release of kero to grade, potential seal fire, personnel injury, environmental impact | Loss of flow from kero P-1A/B, potential deadhead and seal leak, release of kero to grade, potential seal fire, personnel injury, environmental impact | Increased flow of kero recycling around Transfer Pump P- 1A/B, decreased flow to terminal, delay in transfer, logistical impact to terminals; Potential to increase temperature on pumps P-1A/B with potential pump damage, potential seal failure, release, ignition and personnel impact | No flow of kero from kero tanks TK-61869-11/20 and 85935- 10 to Transfer Pump P-1A/B, loss of flow to kero P-1A/B, potential cavitation and seal leak, release of kero to grade, potential seal fire, personnel injury, environmental impact"
"analyzer transmitter AT-16573/ 02/ 03/ 04 gas detector around the kero/diesel manifold with automatic shutdown of pumps P-4, and P- 1A/B with 1oo4 voting",AT-16573,Tier 1: Explicit Interlock/AF Tag,Node 41,High,N/A,4.0,"MOV-77397/ 09 closed on outlet of tank TK- 100-12/21 to Transfer Pump P-1A/B when tank is in transfer to pipeline | 12"" manual valve blocked on inlet valve to Transfer Pump P-1A/B or strainer plugs | MOV-72031 /9326 closed on outlet of tank TK-61869-12/21 to Transfer Pump P-1A/B when tank is in transfer to pipeline | 12"" or 41824"" valve closed on suction to Transfer Pump P-4 or strainer plugs | MOV-55290 fails open on pump P-1A/B bypass | 10"" valve closed on discharge of Transfer Pump P-4 to other tank (when performing tank transfer) | Blocked 8"" manual outlet valve of Transfer Pump P-1A/B | 10"" valve closed on discharge of Transfer Pump P-4","Loss of flow from Transfer Pump P-4, potential deadhead and seal leak, release of diesel to atmosphere, potential seal fire from seal, personnel injury, environmental impact | Decreased flow of diesel from Diesel Tanks TK-61869-12/21 to Transfer Pump P-1A/B, loss of flow to P-1A/B, potential cavitation and seal leak, release of diesel to grade, potential seal fire, personnel injury, environmental impact | Increased flow of diesel recycling around Transfer Pump P-1A/B, decreased flow to terminal, delay in transfer, logistical impact to terminals; Potential to increase temperature on pumps P- 1A/B with potential pump damage, potential seal failure, release, ignition and personnel impact | Blocked flow out of Transfer Pump P-1A/B, potential deadhead and seal leak, release of diesel to grade, potential seal fire, personnel injury, environmental impact | Decreased flow of diesel from Diesel Tanks TK-61869- 12/21 to Transfer Pump P-1A/B, loss of flow to P-1A/B, potential cavitation and seal leak, release of diesel to grade, potential seal fire, personnel injury, environmental impact | Loss of flow to Diesel to Transfer Pump P-4, potential cavitation and seal leak, release of diesel to atmosphere, potential seal fire from seal, personnel injury, environmental impact"
"analyzer transmitter AT-27712/ 02/ 03/ 04 gas detector around the AGO manifold with automatic shutdown of pumps P-5, and P- 3A/B with 1oo4 voting",AT-27712,Tier 1: Explicit Interlock/AF Tag,Node 42,High,N/A,4.0,"MOV-85766/ 06/ 07 closed on outlet of tank TK-24946-22/23 and TK-61869-13 to Transfer Pump P-3A/B when tank is in transfer to pipeline | 12"" valve closed on suction to Transfer Pump P-5 or strainer plugs | MOV-42589/12 closed on inlet valve to Transfer Pump P-3A/B or strainer plugs | MOV-19780 /9327/ 9328 closed on outlet of tank TK-24946-22/23 and TK-61869-13 to Transfer Pump P-3A/B when tank is in transfer to pipeline | MOV-30860 fails open on pump P-3A/B bypass | 10"" valve closed on discharge of Transfer Pump P-5 | Blocked 14"" manual outlet valve of Transfer Pump P-3A/B","Loss of flow to AGO from Transfer Pump P-5, potential deadhead and seal leak, release of AGO to atmosphere, potential seal fire from seal, personnel injury, environmental impact | Decreased flow of AGO from AGO Tanks TK-24946-22/23 and TK-61869-13 to Transfer Pump P-3A/B, loss of flow to AGO P- 3A/B, potential cavitation and seal leak, release of AGO to grade, potential ignition and personnel impact | Increased flow of AGO recycling around Transfer Pump P-3A/B, decreased flow to terminal, delay in transfer, logistical impact to terminals; Potential to increase temperature on pumps P- 3A/B with potential pump damage, potential seal failure, release, ignition and personnel impact | Blocked flow from Transfer Pump P-3A/B, potential deadhead and seal leak, release of AGO to grade, potential ignition and personnel impact | Loss of flow to AGO to Transfer Pump P-5, potential cavitation and seal leak, release of AGO to atmosphere, potential ignition and personnel impact"
"analyzer transmitter AT-27712/ 02/ 03/ 04 gas detector around the AGO manifold with automatic shutdown of pumps P-5, and P- 3A/B with 1oo4 voting",AT-27712,Tier 1: Explicit Interlock/AF Tag,Node 44,High,N/A,4.0,"12"" valve closed on suction to Pump P-7 or strainer plugs | Pump P-HX stops | 10"" valve closed on discharge of Pump P- HX or 8"" valve closed on inlet of AGO Exchangers HX-1/2 | 8"" valve closed on discharge of Pump P-7","Loss of Rerun flow to Pump P-7, potential cavitation and seal leak, release of rerun to atmosphere, potential seal fire from seal, personnel injury, environmental impact, asset damage | Blocked flow from Pump P-7, potential deadhead and seal leak, release of rerun to atmosphere, potential seal fire from seal, personnel injury, environmental impact, asset damage"
analyzer transmitter AT-98749/ 02/ 03/ 04 gas detector around the Feed manifold with automatic shutdown of pump PM-53688A/B/C and P-HX with 2oo4 voting,AT-98749,Tier 1: Explicit Interlock/AF Tag,Node 44,High,N/A,4.0,"All 8"" manual valves closed on feed manifold outlet of tank TK-97415/1/2/3 to Transfer Pump P-HX when transferring from tank to tank | Pump P-7 stops | 8"" valve closed on discharge of Pump P-7 | 10"" valve closed on discharge of Pump P- HX or 8"" valve closed on inlet of AGO Exchangers HX-1/2 | 12"" valve closed on suction to Pump P-7 or strainer plugs","Loss of Rerun flow to Pumps P-7 and P-HX, potential cavitation and seal leak of P-HX, release of rerun/ condensate to grade, potential seal fire or explosion, personnel injury, environmental impact | Blocked flow from pump P-HX; Potential pump deadhead and seal leak of P-HX, release of rerun/ condensate to grade, potential seal fire or explosion, personnel injury, environmental impact"
"flame transmitter XT-16573/ 02 flame detector directed at pumps with automatic shutdown of pumps P- 4, and P-1A/B with 1oo2 voting",XT-16573,Tier 1: Explicit Interlock/AF Tag,Node 40,High,N/A,4.0,"MOV-66277/ 22/ 24 closed on outlet of tank TK-61869-11/20 and TK-85935-10 to Transfer Pump P-1A/B when tank is in transfer to pipeline | 12"" manual valve blocked on inlet valve to Transfer Pump P-1A/B or strainer plugs | MOV-98319/06/07 closed on outlet of tank TK-61869-11/20 and TK-85935-10 to Transfer Pump P-1A/B when tank is in transfer to pipeline | MOV-50697 fails closed when not performing diesel flush on outlet of pump P-1A/B | MOV-55290 fails open on pump P-1A/B bypass | Blocked 8"" manual outlet valve of Transfer Pump P-1A/B | MOV-99758 fails closed or 38095"" valve closed on product manifold out of facility","No flow of kero from kero tanks TK-61869-11/20 and 85935-10 to Transfer Pump P-1A/B, loss of flow to kero P-1A/B, potential cavitation and seal leak, release of kero to grade, potential seal fire, personnel injury, environmental impact | Loss of flow from kero P-1A/B, potential deadhead and seal leak, release of kero to grade, potential seal fire, personnel injury, environmental impact | Increased flow of kero recycling around Transfer Pump P- 1A/B, decreased flow to terminal, delay in transfer, logistical impact to terminals; Potential to increase temperature on pumps P-1A/B with potential pump damage, potential seal failure, release, ignition and personnel impact | No flow of kero from kero tanks TK-61869-11/20 and 85935- 10 to Transfer Pump P-1A/B, loss of flow to kero P-1A/B, potential cavitation and seal leak, release of kero to grade, potential seal fire, personnel injury, environmental impact"
"flame transmitter XT-16573/ 02 flame detector directed at pumps with automatic shutdown of pumps P- 4, and P-1A/B with 1oo2 voting",XT-16573,Tier 1: Explicit Interlock/AF Tag,Node 41,High,N/A,4.0,"MOV-77397/ 09 closed on outlet of tank TK- 100-12/21 to Transfer Pump P-1A/B when tank is in transfer to pipeline | 12"" manual valve blocked on inlet valve to Transfer Pump P-1A/B or strainer plugs | MOV-72031 /9326 closed on outlet of tank TK-61869-12/21 to Transfer Pump P-1A/B when tank is in transfer to pipeline | 12"" or 41824"" valve closed on suction to Transfer Pump P-4 or strainer plugs | MOV-55290 fails open on pump P-1A/B bypass | 10"" valve closed on discharge of Transfer Pump P-4 to other tank (when performing tank transfer) | Blocked 8"" manual outlet valve of Transfer Pump P-1A/B | 10"" valve closed on discharge of Transfer Pump P-4","Loss of flow from Transfer Pump P-4, potential deadhead and seal leak, release of diesel to atmosphere, potential seal fire from seal, personnel injury, environmental impact | Decreased flow of diesel from Diesel Tanks TK-61869-12/21 to Transfer Pump P-1A/B, loss of flow to P-1A/B, potential cavitation and seal leak, release of diesel to grade, potential seal fire, personnel injury, environmental impact | Increased flow of diesel recycling around Transfer Pump P-1A/B, decreased flow to terminal, delay in transfer, logistical impact to terminals; Potential to increase temperature on pumps P- 1A/B with potential pump damage, potential seal failure, release, ignition and personnel impact | Blocked flow out of Transfer Pump P-1A/B, potential deadhead and seal leak, release of diesel to grade, potential seal fire, personnel injury, environmental impact | Decreased flow of diesel from Diesel Tanks TK-61869- 12/21 to Transfer Pump P-1A/B, loss of flow to P-1A/B, potential cavitation and seal leak, release of diesel to grade, potential seal fire, personnel injury, environmental impact | Loss of flow to Diesel to Transfer Pump P-4, potential cavitation and seal leak, release of diesel to atmosphere, potential seal fire from seal, personnel injury, environmental impact"
"flame transmitter XT-27712/ 02 flame detector directed at pumps with automatic shutdown of pumps P- 5, and P-3A/B with 1oo2 voting",XT-27712,Tier 1: Explicit Interlock/AF Tag,Node 42,High,N/A,4.0,"MOV-85766/ 06/ 07 closed on outlet of tank TK-24946-22/23 and TK-61869-13 to Transfer Pump P-3A/B when tank is in transfer to pipeline | 12"" valve closed on suction to Transfer Pump P-5 or strainer plugs | MOV-42589/12 closed on inlet valve to Transfer Pump P-3A/B or strainer plugs | MOV-19780 /9327/ 9328 closed on outlet of tank TK-24946-22/23 and TK-61869-13 to Transfer Pump P-3A/B when tank is in transfer to pipeline | MOV-30860 fails open on pump P-3A/B bypass | 10"" valve closed on discharge of Transfer Pump P-5 | Blocked 14"" manual outlet valve of Transfer Pump P-3A/B","Loss of flow to AGO from Transfer Pump P-5, potential deadhead and seal leak, release of AGO to atmosphere, potential seal fire from seal, personnel injury, environmental impact | Decreased flow of AGO from AGO Tanks TK-24946-22/23 and TK-61869-13 to Transfer Pump P-3A/B, loss of flow to AGO P- 3A/B, potential cavitation and seal leak, release of AGO to grade, potential ignition and personnel impact | Increased flow of AGO recycling around Transfer Pump P-3A/B, decreased flow to terminal, delay in transfer, logistical impact to terminals; Potential to increase temperature on pumps P- 3A/B with potential pump damage, potential seal failure, release, ignition and personnel impact | Blocked flow from Transfer Pump P-3A/B, potential deadhead and seal leak, release of AGO to grade, potential ignition and personnel impact | Loss of flow to AGO to Transfer Pump P-5, potential cavitation and seal leak, release of AGO to atmosphere, potential ignition and personnel impact"
"flame transmitter XT-27712/ 02 flame detector directed at pumps with automatic shutdown of pumps P- 5, and P-3A/B with 1oo2 voting",XT-27712,Tier 1: Explicit Interlock/AF Tag,Node 44,High,N/A,4.0,"12"" valve closed on suction to Pump P-7 or strainer plugs | Pump P-HX stops | 10"" valve closed on discharge of Pump P- HX or 8"" valve closed on inlet of AGO Exchangers HX-1/2 | 8"" valve closed on discharge of Pump P-7","Loss of Rerun flow to Pump P-7, potential cavitation and seal leak, release of rerun to atmosphere, potential seal fire from seal, personnel injury, environmental impact, asset damage | Blocked flow from Pump P-7, potential deadhead and seal leak, release of rerun to atmosphere, potential seal fire from seal, personnel injury, environmental impact, asset damage"
flame transmitter XT-98749/ 02 flame detector directed at pumps with automatic shutdown of pumps PM-53688A/B/C and P- HX with 1oo2 voting,XT-98749,Tier 1: Explicit Interlock/AF Tag,Node 44,High,N/A,4.0,"All 8"" manual valves closed on feed manifold outlet of tank TK-97415/1/2/3 to Transfer Pump P-HX when transferring from tank to tank | Pump P-7 stops | 8"" valve closed on discharge of Pump P-7 | 10"" valve closed on discharge of Pump P- HX or 8"" valve closed on inlet of AGO Exchangers HX-1/2 | 12"" valve closed on suction to Pump P-7 or strainer plugs","Loss of Rerun flow to Pumps P-7 and P-HX, potential cavitation and seal leak of P-HX, release of rerun/ condensate to grade, potential seal fire or explosion, personnel injury, environmental impact | Blocked flow from pump P-HX; Potential pump deadhead and seal leak of P-HX, release of rerun/ condensate to grade, potential seal fire or explosion, personnel injury, environmental impact"
level switch high LSH-58680/ 9409 mechanical switch will close inlet motor operated valve MOV to tanks TK-24946-24/25 stopping naphtha flow to storage,LSH-58680,Tier 2: Semantic NLP Match,Node 38,Medium,0.359,4.0,Improper lineup - lining up rundown to a full tank,"Potential overfill of Light Naphtha Tank to grade, potential release of light naphtha, pool fire, potential personnel injury"
level switch high LSH-58680/ 9409 mechanical switch will close inlet motor operated valve MOV to tanks TK-24946-24/25 stopping naphtha flow to storage,LSH-58680,Tier 2: Semantic NLP Match,Node 39,Medium,0.359,4.0,Improper lineup - lining up rundown to a full tank,"Potential overfill of Heavy Naphtha Tank to grade, potential release of heavy naphtha, pool fire, potential personnel injury"
level switch high LSH-85424 mechanical switch will close inlet motor operated valve MOV to tanks TK-61869- 15 stopping heavy naphtha flow to storage,LSH-85424,Tier 2: Semantic NLP Match,Node 39,Medium,0.36,4.0,"Improper lineup - lining up rundown to a full tank | Blocked outlet of Transfer Pump P-2A/B or 38095"" valve closed on product manifold out of facility | Transfer Pump P-2A/B stops | MOV-94883/ 9415 Blocked inlet valve to Transfer Pump P-2A/B or strainer plugs","Decreased flow of naphtha from naphtha tank TK-61869-15 to Transfer Pump P-2A/B when only one heavy naphtha tank in service, potential overfill of tank, spilling naphtha to grade, potential pool fire, personnel injury, environmental impact | Potential overfill of Heavy Naphtha Tank to grade, potential release of heavy naphtha, pool fire, potential personnel injury"
level switch high LSH-85766/ 07/ 08 on AGO Tank TK-61869-13; 120-22/23 mechanical switch will close inlet motor operated valve MOV to tanks AGO Tanks stopping AGO flow to storage,LSH-85766,Tier 2: Semantic NLP Match,Node 42,Medium,0.357,4.0,Improper lineup - lining up rundown to a full tank,"Potential overfill of AGO Tank to grade, potential release of AGO, pool fire, potential personnel injury"
level switch high LSH-98749/ 02/ 03 on Feed Tank TK-97415- 1/2/3 mechanical switch will close inlet motor operated valve MOV to Feed Tanks stopping Feed flow to storage and eventually shutting the pipeline flow on high pressure,LSH-98749,Tier 2: Semantic NLP Match,Node 43,Medium,0.428,4.0,Improper lineup - lining up receiving feed into a full tank,"Potential overfill of Feed Tank TK-97415-1/2/3 to grade, potential release of condensate, potential pool fire or vapor cloud and explosion or flash fire, potential personnel injury, environmental impact, asset damage"
level switch high LSH-98749/ 02/ 03 on Feed Tank TK-97415- 1/2/3 mechanical switch will close inlet motor operated valve MOV to Feed Tanks stopping Feed flow to storage and eventually shutting the pipeline flow on high pressure,LSH-98749,Tier 2: Semantic NLP Match,Node 44,Medium,0.428,4.0,"8"" rerun to Pump P-HX suction header open and 38112"" open to other Feed tank when not intended","Potential overfill of Feed Tank TK-97415-1/2/3 to grade, potential release of condensate, potential pool fire or vapor cloud and explosion or flash fire, potential personnel injury, environmental impact, asset damage"
