Extracted_Tag_Clean,Alarm_Type,Technique,Confidence,Safeguard_Text,Semantic_Score,Cause_Text,Consequence_Text,Node_ID,S,L,R
AI17378,ALM,Tier 1/2: Deterministic,High,AI-17378/68571 (Splitter 1) Fixed H2S monitors will alert in the control room,N/A,H2S in the LVN,Potential for personnel exposure to H2S in the event of a leak or release,"Node 5, Node 23",2.0,2.0,1.0
AI68571,ALM,Tier 1/2: Deterministic,High,AI-17378/68571 (Splitter 1) Fixed H2S monitors will alert in the control room,N/A,H2S in the LVN,Potential for personnel exposure to H2S in the event of a leak or release,"Node 5, Node 23",2.0,2.0,1.0
AIC63596,LO,Tier 1/2: Deterministic,High,AIC-63596/14123 low oxygen analyzer alarm will prompt operator response,N/A,What if the purge is inadequate? (BMS Sequence Failure),Potential for burner explosion on restart if un reacted fuel is present,Node 10,4.0,1.0,2.0
AIC14123,LO,Tier 1/2: Deterministic,High,AIC-63596/14123 low oxygen analyzer alarm will prompt operator response,N/A,What if the purge is inadequate? (BMS Sequence Failure),Potential for burner explosion on restart if un reacted fuel is present,Node 10,4.0,1.0,2.0
AIC82080,LO,Tier 1/2: Deterministic,High,AIC-82080/24123 low oxygen analyzer alarm will prompt operator response,N/A,What if the purge is inadequate? (BMS Sequence Failure),Potential for burner explosion on restart if un reacted fuel is present,Node 28,4.0,1.0,2.0
AIC24123,LO,Tier 1/2: Deterministic,High,AIC-82080/24123 low oxygen analyzer alarm will prompt operator response,N/A,What if the purge is inadequate? (BMS Sequence Failure),Potential for burner explosion on restart if un reacted fuel is present,Node 28,4.0,1.0,2.0
AI72711,ALM,Tier 1/2: Deterministic,High,Analyzer indicator AI-72711A/C NOx analyzers will prompt operator response,N/A,Ammonia Forwarding Pump PM-24946A/B trips | Manual valve(s) on suction to Ammonia Forwarding Pump PM-24946A/B inadvertently closed or upstream strainer plugged | Manual valve(s) on discharge from Ammonia Forwarding Pump PM-24946A/B inadvertently closed | Failure of expansion joint EJ78006 | Failure of expansion joint EJ-35762 | FCV-57099 fails closed or upstream/downstream manual valve(s) inadvertently closed or upstream filters FIL- 74307A/B plugged | NH3 injection nozzles plugged at furnace SCR | Air blower failure BM-11689A/B | Failure to re-fill Ammonia Storage Tank PV-76255 | Air Heater HTR-48931 control failure | Out of spec ammonia - high or low aqueous NH3 concentration,"Inability to send ammonia to heater system; Potential inability to control air emissions with potential environmental/financial impact | Release of aqueous ammonia to surrounding area and potential personnel impact | Potential inadequate ammonia injection; Potential inability to control air emissions with potential environmental/financial impact | Inability to send dilution air, inability to disperse ammonia properly; Potential reduced ability to control air emissions with potential environmental/financial impact | Excess hot air supply, potential catalyst damage with potential environmental/financial impact | Higher ammonia with potential environmental/financial impact | Higher NOX with potential environmental/financial impact | Potential mineralization on vaporizer; Potential pluggage of vaporizer with potential reduced/loss of flow of ammonia; Potential environmental/financial impact",Node 29,3.0,3.0,2.0
AI85385,ALM,Tier 1/2: Deterministic,High,Analyzer indicator AI-85385A/C NOx analyzers will prompt operator response,N/A,Ammonia Forwarding Pump PM-67967A/B trips | Manual valve(s) on suction to Ammonia Forwarding Pump PM-67967A/B inadvertently closed or upstream strainer plugged | Manual valve(s) on discharge from Ammonia Forwarding Pump PM-67967A/B inadvertently closed | Failure of expansion joint EJ78006 | Failure of expansion joint EJ-35762 | FCV-12237 fails closed or upstream/downstream manual valve(s) inadvertently closed or upstream filters FIL- 78006A/B plugged | NH3 injection nozzles plugged at furnace SCR | Air blower failure BM-17647A/B | Failure to re-fill Ammonia Storage Tank PV-76255 | Air Heater HTR-48931 control failure | Heater unit failure HTR-48931 | Out of spec ammonia - high or low aqueous NH3 concentration,"Inability to send ammonia to heater system; Potential inability to control air emissions with potential environmental/financial impact | Release of aqueous ammonia to surrounding area and potential personnel impact | Potential inadequate ammonia injection; Potential inability to control air emissions with potential environmental/financial impact | Inability to send dilution air, inability to disperse ammonia properly; Potential reduced ability to control air emissions with potential environmental/financial impact | Excess hot air supply, potential catalyst damage with potential environmental/financial impact | Reduced vaporization of NH3 prior to heater injection, potential impaired distribution of NH3 into Hot Oil Furnace H- 101/201; Potential environmental/financial impact | Higher ammonia with potential environmental/financial impact | Higher NOX with potential environmental/financial impact | Potential mineralization on vaporizer; Potential pluggage of vaporizer with potential reduced/loss of flow of ammonia; Potential environmental/financial impact",Node 13,3.0,3.0,2.0
FAL13718,LO,Tier 1/2: Deterministic,High,FAL-13718 Low Flow Alarm downstream of AF-17647 Heavy Naphtha Cooler will prompt operator response,N/A,"LCV-81570 malfunctions closed or upstream/downstream manual valve(s) inadvertently closed | T-56446 Combi Tower tray pluggage | 8"" valve closed on heavy naphtha rundown header from one or both splitter towers","Potential Combi Tower T-56446 flooding; high differential pressure; Potential to get heavy naphtha liquids in the vapor return line; Potential damage to vapor return piping; Potential release with ignition and personnel impact | Potential Combi Tower T-56446 flooding; leading to products Kero, Diesel, and AGO going off-spec, operability/product quality issues; Potential financial impact | High level in Heavy Naphtha Stripper T-73992/203, potential to overfill T-73992/203 back to Combi Tower T-56446/202, leading to products Kero, Diesel, and AGO going off-spec, operability/product quality issues; Potential financial impact | High level in Heavy Naphtha Stripper T-73992/203, potential to overfill T-73992/203 back to Combi Tower T-56446/202; high differential pressure; Potential to get heavy naphtha liquids in the vapor return line; Potential damage to vapor return piping; Potential release with ignition and personnel impact","Node 6, Node 39",4.0,2.0,2.0
AF17647,LO,Tier 1/2: Deterministic,High,FAL-13718 Low Flow Alarm downstream of AF-17647 Heavy Naphtha Cooler will prompt operator response,N/A,"LCV-81570 malfunctions closed or upstream/downstream manual valve(s) inadvertently closed | T-56446 Combi Tower tray pluggage | 8"" valve closed on heavy naphtha rundown header from one or both splitter towers","Potential Combi Tower T-56446 flooding; high differential pressure; Potential to get heavy naphtha liquids in the vapor return line; Potential damage to vapor return piping; Potential release with ignition and personnel impact | Potential Combi Tower T-56446 flooding; leading to products Kero, Diesel, and AGO going off-spec, operability/product quality issues; Potential financial impact | High level in Heavy Naphtha Stripper T-73992/203, potential to overfill T-73992/203 back to Combi Tower T-56446/202, leading to products Kero, Diesel, and AGO going off-spec, operability/product quality issues; Potential financial impact | High level in Heavy Naphtha Stripper T-73992/203, potential to overfill T-73992/203 back to Combi Tower T-56446/202; high differential pressure; Potential to get heavy naphtha liquids in the vapor return line; Potential damage to vapor return piping; Potential release with ignition and personnel impact","Node 6, Node 39",4.0,2.0,2.0
FAL19313,LO,Tier 1/2: Deterministic,High,FAL-19313 low flow alarm downstream of AF-59524 will shutdown pumps PM- 106A/B,N/A,"Level control valve LCV-74017 fails closed | T-56446 Combi Tower Tray Pluggage | Manual valve closed inadvertently in Kero Stripper Product Pump PM-76255A/B suction or basket strainers on suction lines plugged | Plugged Kero Filters | MOV-66277/ 22/ 24 closed on outlet of tank TK-61869-11/20 and TK-85935-10 to Transfer Pump P-1A/B when tank is in transfer to pipeline | MOV-98319/06/07 closed on outlet of tank TK-61869-11/20 and TK-85935-10 to Transfer Pump P-1A/B when tank is in transfer to pipeline | 12"" manual valve blocked on inlet valve to Transfer Pump P-1A/B or strainer plugs | Transfer Pump P-1A/B stops | Blocked 8"" manual outlet valve of Transfer Pump P-1A/B | MOV-50697 fails closed when not performing diesel flush on outlet of pump P-1A/B | MOV-99758 fails closed or 38095"" valve closed on product manifold out of facility","Potential Combi Tower T-56446 flooding; high differential pressure; Potential to get kero liquids in the vapor return line; Potential damage to vapor return piping; Potential release with ignition and personnel impact | Potential Combi Tower T-56446 flooding; leading to products Diesel and AGO going off-spec, operability/product quality issues; Potential financial impact | High level in Kero Stripper T-59524; Potential Combi Tower T-56446 flooding; high differential pressure; Potential to get kero liquids in the vapor return line; Potential damage to vapor return piping; Potential release with ignition and personnel impact | High level in Kero Stripper T-59524/204; Potential Combi Tower T-56446/202 flooding; high differential pressure; Potential to get kero liquids in the vapor return line; Potential damage to vapor return piping; Potential release with ignition and personnel impact | High level in Kero Stripper T-59524/204; Potential Combi Tower T-56446/202 flooding; leading to products Diesel and AGO going off-spec, operability/product quality issues; Potential financial impact | Potential Kero tank overfill (TK-61869-20/11, TK-85935-10); High level in Kero Stripper T-59524/204; Potential Combi Tower T- 102/202 flooding; high differential pressure; Potential to get kero liquids in the vapor return line; Potential damage to vapor return piping; Potential release with ignition and personnel impact | Potential Kero tank overfill (TK-61869-20/11, TK-85935-10); High level in Kero Stripper T-59524/204; Potential Combi Tower T- 102/202 flooding; leading to products Diesel and AGO going off- spec, operability/product quality issues; Potential financial impact","Node 7, Node 40",4.0,3.0,2.0
AF59524,LO,Tier 1/2: Deterministic,High,FAL-19313 low flow alarm downstream of AF-59524 will shutdown pumps PM- 106A/B,N/A,"Level control valve LCV-74017 fails closed | T-56446 Combi Tower Tray Pluggage | Manual valve closed inadvertently in Kero Stripper Product Pump PM-76255A/B suction or basket strainers on suction lines plugged | Plugged Kero Filters | MOV-66277/ 22/ 24 closed on outlet of tank TK-61869-11/20 and TK-85935-10 to Transfer Pump P-1A/B when tank is in transfer to pipeline | MOV-98319/06/07 closed on outlet of tank TK-61869-11/20 and TK-85935-10 to Transfer Pump P-1A/B when tank is in transfer to pipeline | 12"" manual valve blocked on inlet valve to Transfer Pump P-1A/B or strainer plugs | Transfer Pump P-1A/B stops | Blocked 8"" manual outlet valve of Transfer Pump P-1A/B | MOV-50697 fails closed when not performing diesel flush on outlet of pump P-1A/B | MOV-99758 fails closed or 38095"" valve closed on product manifold out of facility","Potential Combi Tower T-56446 flooding; high differential pressure; Potential to get kero liquids in the vapor return line; Potential damage to vapor return piping; Potential release with ignition and personnel impact | Potential Combi Tower T-56446 flooding; leading to products Diesel and AGO going off-spec, operability/product quality issues; Potential financial impact | High level in Kero Stripper T-59524; Potential Combi Tower T-56446 flooding; high differential pressure; Potential to get kero liquids in the vapor return line; Potential damage to vapor return piping; Potential release with ignition and personnel impact | High level in Kero Stripper T-59524/204; Potential Combi Tower T-56446/202 flooding; high differential pressure; Potential to get kero liquids in the vapor return line; Potential damage to vapor return piping; Potential release with ignition and personnel impact | High level in Kero Stripper T-59524/204; Potential Combi Tower T-56446/202 flooding; leading to products Diesel and AGO going off-spec, operability/product quality issues; Potential financial impact | Potential Kero tank overfill (TK-61869-20/11, TK-85935-10); High level in Kero Stripper T-59524/204; Potential Combi Tower T- 102/202 flooding; high differential pressure; Potential to get kero liquids in the vapor return line; Potential damage to vapor return piping; Potential release with ignition and personnel impact | Potential Kero tank overfill (TK-61869-20/11, TK-85935-10); High level in Kero Stripper T-59524/204; Potential Combi Tower T- 102/202 flooding; leading to products Diesel and AGO going off- spec, operability/product quality issues; Potential financial impact","Node 7, Node 40",4.0,3.0,2.0
FAL22298,LO,Tier 1/2: Deterministic,High,FAL-22298 low flow alarm on discharge of Combi Tower Bottoms Product Pumps PM- 104A/B will prompt operator response,N/A,"Combi Tower Bottoms Product Pump PM- 104A/B trips | Manual valve on discharge from Combi Tower Bottoms Product Pump PM-59524A/B inadvertently closed | 6"" manual valve from EX-17647 inadvertently closed | TCV-34810B malfunctions closed or upstream/downstream manual valve(s) inadvertently closed | 6"" manual valve on inlet to AF-73992 Bottoms Product Cooler inadvertently closed | 6"" manual valve on outlet from AF-73992 Bottoms Product Cooler inadvertently closed | TCV-30806A malfunctions closed or upstream/downstream manual valve(s) inadvertently closed | LCV-14439 malfunctions closed or upstream/downstream manual valve(s) inadvertently closed | Manual valve closed on AGO rundown header from one or both splitter towers | 8"" Manual valve closed on Rerun header from one or both splitter towers","High level in Combi Tower T-56446; Potential to overfill T-56446; Potential to overfill the Recycle Gas Compressor Suction Scrubber PV-60820 and send liquids to the RGC; Potential to damage compressor leading to financial impact | Product flow out from the shell side of EX-17647 blocked; No overpressure concerns, as the max pressure from the upstream pumps PM-59524A/B is 59524 psig, and the shell side is MAWP 14664 psig; High level in Combi Tower T-56446; Potential to overfill T-56446; Potential to overfill the Recycle Gas Compressor Suction Scrubber PV-60820 and send liquids to the RGC; Potential to damage compressor leading to financial impact | Potential to back-up flow to Combi Tower; High level in Combi Tower T-56446; Potential to overfill T-56446; Potential to overfill the Recycle Gas Compressor Suction Scrubber PV-60820 and send liquids to the RGC; Potential to damage compressor leading to financial impact | High level in Combi Tower T-56446; Potential to overfill T- 102; Potential to overfill the Recycle Gas Compressor Suction Scrubber PV-60820 and send liquids to the RGC; Potential to damage compressor leading to financial impact | High level in Combi Tower T-56446/202; Potential to overfill T-56446/202; Potential to overfill the Recycle Gas Compressor Suction Scrubber PV-60820/207 and send liquids to the RGC; Potential to damage compressor leading to financial impact | Decreased flow of product to storage, not expected to impact Rerun Tank TK-61869-14; Potential financial impact","Node 4, Node 42, Node 44",2.0,2.0,1.0
FAL24128,LO,Tier 1/2: Deterministic,High,FAL-24128 Low flow alarm on reflux flow to Stabilizer T-81314 will prompt operator response,N/A,Naphtha Stabilizer Overhead Pump PM- 101A/B trips | Manual valve on suction line to Naphtha Stabilizer Overhead Pump PM-81314A/B inadvertently closed | Manual valve on discharge line from Naphtha Stabilizer Overhead Pump PM-81314A/B inadvertently closed | LCV-92846 malfunctions closed or upstream/downstream valve(s) inadvertently closed,"Loss of flow of Y-Grade to storage, high level in Naphtha Stabilizer Accumulator pressure vessel PV-81314, potential to overfill Recycle Compressor Discharge Scrubber pressure vessel PV-75469 and send liquid to Hot Oil Furnace F-81314 fuel inlet, potential for damage of burners, heater firebox, potential explosion and personnel impact and damage with downtime greater than 52954 days",Node 3,5.0,1.0,2.0
FAL32116,LO,Tier 1/2: Deterministic,High,FAL-32116 Low flow alarm on reflux flow to Stabilizer T-33219 will prompt operator response,N/A,Naphtha Stabilizer Overhead Pump PM- 201A/B trips | Manual valve on suction line to Naphtha Stabilizer Overhead Pump PM-33219A/B inadvertently closed | Manual valve on discharge line from Naphtha Stabilizer Overhead Pump PM-33219A/B inadvertently closed | LCV-26713 malfunctions closed or upstream/downstream valve(s) inadvertently closed,"Loss of flow of Y-Grade to storage, high level in Naphtha Stabilizer Accumulator pressure vessel PV-33219, potential to overfill Recycle Compressor Discharge Scrubber pressure vessel PV-99938 and send liquid to Hot Oil Furnace F-33219 fuel inlet, potential for damage of burners, heater firebox, potential explosion and personnel impact and damage with downtime greater than 52954 days",Node 21,5.0,1.0,2.0
FAL32394,LO,Tier 1/2: Deterministic,High,FAL-32394 low flow alarm on discharge of Combi Tower Bottoms Product Pumps PM- 204A/B will prompt operator response,N/A,"Combi Tower Bottoms Product Pump PM- 204A/B trips | Manual valve on discharge from Combi Tower Bottoms Product Pump PM-80996A/B inadvertently closed | 6"" manual valve from EX-11689 inadvertently closed | TCV-78020B malfunctions closed or upstream/downstream manual valve(s) inadvertently closed | 6"" manual valve on inlet to AF-99986 Bottoms Product Cooler inadvertently closed | 6"" manual valve on outlet from AF-99986 Bottoms Product Cooler inadvertently closed | TCV-47043A malfunctions closed or upstream/downstream manual valve(s) inadvertently closed | LCV-60053 malfunctions closed or upstream/downstream manual valve(s) inadvertently closed | Manual valve closed on AGO rundown header from one or both splitter towers | 8"" Manual valve closed on Rerun header from one or both splitter towers","High level in Combi Tower T-92182; Potential to overfill T- 202; Potential to overfill the Recycle Gas Compressor Suction Scrubber PV-11354 and send liquids to the RGC; Potential to damage compressor leading to financial impact | Product flow out from the shell side of EX-11689 blocked; No overpressure concerns, as the max pressure from the upstream pumps PM-80996A/B is 59524 psig, and the shell side is MAWP 14664 psig; High level in Combi Tower T-92182; Potential to overfill T-92182; Potential to overfill the Recycle Gas Compressor Suction Scrubber PV-11354 and send liquids to the RGC; Potential to damage compressor leading to financial impact | Potential to back-up flow to Combi Tower; High level in Combi Tower T-92182; Potential to overfill T-92182; Potential to overfill the Recycle Gas Compressor Suction Scrubber PV-11354 and send liquids to the RGC; Potential to damage compressor leading to financial impact | High level in Combi Tower T-56446/202; Potential to overfill T-56446/202; Potential to overfill the Recycle Gas Compressor Suction Scrubber PV-60820/207 and send liquids to the RGC; Potential to damage compressor leading to financial impact | Decreased flow of product to storage, not expected to impact Rerun Tank TK-61869-14; Potential financial impact","Node 22, Node 42, Node 44",2.0,2.0,1.0
FAL38704,LO,Tier 1/2: Deterministic,High,FAL-38704 Low Flow Alarm downstream of AF-11689 Heavy Naphtha Cooler will prompt operator response,N/A,"LCV-16358 malfunctions closed or upstream/downstream manual valve(s) inadvertently closed | T-92182 Combi Tower tray pluggage | 8"" valve closed on heavy naphtha rundown header from one or both splitter towers","Potential Combi Tower T-92182 flooding; high differential pressure; Potential to get heavy naphtha liquids in the vapor return line; Potential damage to vapor return piping; Potential release with ignition and personnel impact | Potential Combi Tower T-92182 flooding; leading to products Kero, Diesel, and AGO going off-spec, operability/product quality issues; Potential financial impact | High level in Heavy Naphtha Stripper T-73992/203, potential to overfill T-73992/203 back to Combi Tower T-56446/202, leading to products Kero, Diesel, and AGO going off-spec, operability/product quality issues; Potential financial impact | High level in Heavy Naphtha Stripper T-73992/203, potential to overfill T-73992/203 back to Combi Tower T-56446/202; high differential pressure; Potential to get heavy naphtha liquids in the vapor return line; Potential damage to vapor return piping; Potential release with ignition and personnel impact","Node 24, Node 39",4.0,2.0,2.0
AF11689,LO,Tier 1/2: Deterministic,High,FAL-38704 Low Flow Alarm downstream of AF-11689 Heavy Naphtha Cooler will prompt operator response,N/A,"LCV-16358 malfunctions closed or upstream/downstream manual valve(s) inadvertently closed | T-92182 Combi Tower tray pluggage | 8"" valve closed on heavy naphtha rundown header from one or both splitter towers","Potential Combi Tower T-92182 flooding; high differential pressure; Potential to get heavy naphtha liquids in the vapor return line; Potential damage to vapor return piping; Potential release with ignition and personnel impact | Potential Combi Tower T-92182 flooding; leading to products Kero, Diesel, and AGO going off-spec, operability/product quality issues; Potential financial impact | High level in Heavy Naphtha Stripper T-73992/203, potential to overfill T-73992/203 back to Combi Tower T-56446/202, leading to products Kero, Diesel, and AGO going off-spec, operability/product quality issues; Potential financial impact | High level in Heavy Naphtha Stripper T-73992/203, potential to overfill T-73992/203 back to Combi Tower T-56446/202; high differential pressure; Potential to get heavy naphtha liquids in the vapor return line; Potential damage to vapor return piping; Potential release with ignition and personnel impact","Node 24, Node 39",4.0,2.0,2.0
FAL56093,LO,Tier 1/2: Deterministic,High,FAL-56093/18310 low flow alarm on discharge of pumps will prompt operator response,N/A,Valve(s) upstream of wash water pumps PM-77069A/B inadvertently closed or strainer plugged | Valve downstream of wash water pumps closed (or plugged) or plugged flow element on pump discharge,"Inability to send wash water to EX-16773A/B and EX-47697A/B exchangers; Potential tube rupture; Potential to contaminate wash water with AGO; Potential water vaporization in exchangers, potential overpressure and potential personnel impact | Inability to send wash water to the desalter system; Potential inefficient chloride removal; Potential inability to remove chlorides from feed; Potential quality issues; Potential financial impact",Node 35,4.0,2.0,2.0
FAL18310,LO,Tier 1/2: Deterministic,High,FAL-56093/18310 low flow alarm on discharge of pumps will prompt operator response,N/A,Valve(s) upstream of wash water pumps PM-77069A/B inadvertently closed or strainer plugged | Valve downstream of wash water pumps closed (or plugged) or plugged flow element on pump discharge,"Inability to send wash water to EX-16773A/B and EX-47697A/B exchangers; Potential tube rupture; Potential to contaminate wash water with AGO; Potential water vaporization in exchangers, potential overpressure and potential personnel impact | Inability to send wash water to the desalter system; Potential inefficient chloride removal; Potential inability to remove chlorides from feed; Potential quality issues; Potential financial impact",Node 35,4.0,2.0,2.0
FAL73508,LO,Tier 1/2: Deterministic,High,FAL-73508 low flow alarm downstream of AF-48495 Diesel Product Cooler will prompt operator response,N/A,"Level control valve LCV-44082 fails closed or T-92182 tower tray plugs | Diesel Stripper Product Pumps PM- 207A/B trips | Manual valve closed on suction to Diesel Stripper Product Pumps PM-11354A/B or basket strainers plugged on suction piping | Manual valve closed on discharge from Diesel Stripper Product Pumps PM-11354A/B | 6"" manual valve on EX-80996 shell side outlet inadvertently closed | 6"" manual valve(s) upstream/downstream AF-48495 Diesel Product Cooler inadvertently closed","Potential to drop diesel into the bottom of the Combi Tower T-92182, potential to send out diesel with the AGO; Potential loss of level in Diesel Stripper T-11689; Potential to cavitate pumps PM- 207A/B; Potential seal failure; Potential loss of containment, ignition and personnel impact | Potential to drop diesel into the bottom of the Combi Tower T-92182, potential to send out diesel with the AGO; Potential to ultimately flood level in T-92182; Potential to send liquids in the vapor return lines; Potential damage to vapor return piping; Potential release with ignition and personnel impact | High level in Diesel Stripper T-11689; Inability to draw off diesel from Combi Tower T-92182; Potential to ultimately flood level in T-92182; Potential to send liquids in the vapor return lines; Potential damage to vapor return piping; Potential release with ignition and personnel impact | Potential to deadhead pumps PM-11354A/B; Potential seal failure; Potential loss of containment, ignition and personnel impact",Node 26,4.0,1.0,2.0
AF48495,LO,Tier 1/2: Deterministic,High,FAL-73508 low flow alarm downstream of AF-48495 Diesel Product Cooler will prompt operator response,N/A,"Level control valve LCV-44082 fails closed or T-92182 tower tray plugs | Diesel Stripper Product Pumps PM- 207A/B trips | Manual valve closed on suction to Diesel Stripper Product Pumps PM-11354A/B or basket strainers plugged on suction piping | Manual valve closed on discharge from Diesel Stripper Product Pumps PM-11354A/B | 6"" manual valve on EX-80996 shell side outlet inadvertently closed | 6"" manual valve(s) upstream/downstream AF-48495 Diesel Product Cooler inadvertently closed","Potential to drop diesel into the bottom of the Combi Tower T-92182, potential to send out diesel with the AGO; Potential loss of level in Diesel Stripper T-11689; Potential to cavitate pumps PM- 207A/B; Potential seal failure; Potential loss of containment, ignition and personnel impact | Potential to drop diesel into the bottom of the Combi Tower T-92182, potential to send out diesel with the AGO; Potential to ultimately flood level in T-92182; Potential to send liquids in the vapor return lines; Potential damage to vapor return piping; Potential release with ignition and personnel impact | High level in Diesel Stripper T-11689; Inability to draw off diesel from Combi Tower T-92182; Potential to ultimately flood level in T-92182; Potential to send liquids in the vapor return lines; Potential damage to vapor return piping; Potential release with ignition and personnel impact | Potential to deadhead pumps PM-11354A/B; Potential seal failure; Potential loss of containment, ignition and personnel impact",Node 26,4.0,1.0,2.0
FAL80717,LO,Tier 1/2: Deterministic,High,FAL-80717 low flow alarm downstream of AF-80996 will shutdown pumps PM- 206A/B,N/A,"Level control valve LCV-20382 fails closed | T-92182 Combi Tower Tray Pluggage | Manual valve closed inadvertently in Kero Stripper Product Pump PM-48495A/B suction or basket strainers on suction lines plugged | Plugged Kero Filters | MOV-66277/ 22/ 24 closed on outlet of tank TK-61869-11/20 and TK-85935-10 to Transfer Pump P-1A/B when tank is in transfer to pipeline | MOV-98319/06/07 closed on outlet of tank TK-61869-11/20 and TK-85935-10 to Transfer Pump P-1A/B when tank is in transfer to pipeline | 12"" manual valve blocked on inlet valve to Transfer Pump P-1A/B or strainer plugs | Transfer Pump P-1A/B stops | Blocked 8"" manual outlet valve of Transfer Pump P-1A/B | MOV-50697 fails closed when not performing diesel flush on outlet of pump P-1A/B | MOV-99758 fails closed or 38095"" valve closed on product manifold out of facility","Potential Combi Tower T-92182 flooding; high differential pressure; Potential to get kero liquids in the vapor return line; Potential damage to vapor return piping; Potential release with ignition and personnel impact | Potential Combi Tower T-92182 flooding; leading to products Diesel and AGO going off-spec, operability/product quality issues; Potential financial impact | High level in Kero Stripper T-80996; Potential Combi Tower T-92182 flooding; high differential pressure; Potential to get kero liquids in the vapor return line; Potential damage to vapor return piping; Potential release with ignition and personnel impact | High level in Kero Stripper T-59524/204; Potential Combi Tower T-56446/202 flooding; high differential pressure; Potential to get kero liquids in the vapor return line; Potential damage to vapor return piping; Potential release with ignition and personnel impact | High level in Kero Stripper T-59524/204; Potential Combi Tower T-56446/202 flooding; leading to products Diesel and AGO going off-spec, operability/product quality issues; Potential financial impact | Potential Kero tank overfill (TK-61869-20/11, TK-85935-10); High level in Kero Stripper T-59524/204; Potential Combi Tower T- 102/202 flooding; high differential pressure; Potential to get kero liquids in the vapor return line; Potential damage to vapor return piping; Potential release with ignition and personnel impact | Potential Kero tank overfill (TK-61869-20/11, TK-85935-10); High level in Kero Stripper T-59524/204; Potential Combi Tower T- 102/202 flooding; leading to products Diesel and AGO going off- spec, operability/product quality issues; Potential financial impact","Node 25, Node 40",4.0,3.0,2.0
AF80996,LO,Tier 1/2: Deterministic,High,FAL-80717 low flow alarm downstream of AF-80996 will shutdown pumps PM- 206A/B,N/A,"Level control valve LCV-20382 fails closed | T-92182 Combi Tower Tray Pluggage | Manual valve closed inadvertently in Kero Stripper Product Pump PM-48495A/B suction or basket strainers on suction lines plugged | Plugged Kero Filters | MOV-66277/ 22/ 24 closed on outlet of tank TK-61869-11/20 and TK-85935-10 to Transfer Pump P-1A/B when tank is in transfer to pipeline | MOV-98319/06/07 closed on outlet of tank TK-61869-11/20 and TK-85935-10 to Transfer Pump P-1A/B when tank is in transfer to pipeline | 12"" manual valve blocked on inlet valve to Transfer Pump P-1A/B or strainer plugs | Transfer Pump P-1A/B stops | Blocked 8"" manual outlet valve of Transfer Pump P-1A/B | MOV-50697 fails closed when not performing diesel flush on outlet of pump P-1A/B | MOV-99758 fails closed or 38095"" valve closed on product manifold out of facility","Potential Combi Tower T-92182 flooding; high differential pressure; Potential to get kero liquids in the vapor return line; Potential damage to vapor return piping; Potential release with ignition and personnel impact | Potential Combi Tower T-92182 flooding; leading to products Diesel and AGO going off-spec, operability/product quality issues; Potential financial impact | High level in Kero Stripper T-80996; Potential Combi Tower T-92182 flooding; high differential pressure; Potential to get kero liquids in the vapor return line; Potential damage to vapor return piping; Potential release with ignition and personnel impact | High level in Kero Stripper T-59524/204; Potential Combi Tower T-56446/202 flooding; high differential pressure; Potential to get kero liquids in the vapor return line; Potential damage to vapor return piping; Potential release with ignition and personnel impact | High level in Kero Stripper T-59524/204; Potential Combi Tower T-56446/202 flooding; leading to products Diesel and AGO going off-spec, operability/product quality issues; Potential financial impact | Potential Kero tank overfill (TK-61869-20/11, TK-85935-10); High level in Kero Stripper T-59524/204; Potential Combi Tower T- 102/202 flooding; high differential pressure; Potential to get kero liquids in the vapor return line; Potential damage to vapor return piping; Potential release with ignition and personnel impact | Potential Kero tank overfill (TK-61869-20/11, TK-85935-10); High level in Kero Stripper T-59524/204; Potential Combi Tower T- 102/202 flooding; leading to products Diesel and AGO going off- spec, operability/product quality issues; Potential financial impact","Node 25, Node 40",4.0,3.0,2.0
FAL96168,LO,Tier 1/2: Deterministic,High,FAL-96168 low flow alarm downstream of AF-76255 Diesel Product Cooler will prompt operator response,N/A,"Level control valve LCV-15841 fails closed or T-56446 tower tray plugs | Diesel Stripper Product Pumps PM-60820A/B trips | Manual valve closed on suction to Diesel Stripper Product Pumps PM-60820A/B or basket strainers plugged on suction piping | Manual valve closed on discharge from Diesel Stripper Product Pumps PM-60820A/B | 6"" manual valve on EX-59524 shell side outlet inadvertently closed | 6"" manual valve(s) upstream/downstream AF-76255 Diesel Product Cooler inadvertently closed","Potential to drop diesel into the bottom of the Combi Tower T-56446, potential to send out diesel with the AGO; Potential loss of level in Diesel Stripper T-17647; Potential to cavitate pumps PM- 107A/B; Potential seal failure; Potential loss of containment, ignition and personnel impact | Potential to drop diesel into the bottom of the Combi Tower T-56446, potential to send out diesel with the AGO; Potential to ultimately flood level in T-56446; Potential to send liquids in the vapor return lines; Potential damage to vapor return piping; Potential release with ignition and personnel impact | High level in Diesel Stripper T-17647; Inability to draw off diesel from Combi Tower T-56446; Potential to ultimately flood level in T-56446; Potential to send liquids in the vapor return lines; Potential damage to vapor return piping; Potential release with ignition and personnel impact | Potential to deadhead pumps PM-60820A/B; Potential seal failure; Potential loss of containment, ignition and personnel impact",Node 8,4.0,1.0,2.0
AF76255,LO,Tier 1/2: Deterministic,High,FAL-96168 low flow alarm downstream of AF-76255 Diesel Product Cooler will prompt operator response,N/A,"Level control valve LCV-15841 fails closed or T-56446 tower tray plugs | Diesel Stripper Product Pumps PM-60820A/B trips | Manual valve closed on suction to Diesel Stripper Product Pumps PM-60820A/B or basket strainers plugged on suction piping | Manual valve closed on discharge from Diesel Stripper Product Pumps PM-60820A/B | 6"" manual valve on EX-59524 shell side outlet inadvertently closed | 6"" manual valve(s) upstream/downstream AF-76255 Diesel Product Cooler inadvertently closed","Potential to drop diesel into the bottom of the Combi Tower T-56446, potential to send out diesel with the AGO; Potential loss of level in Diesel Stripper T-17647; Potential to cavitate pumps PM- 107A/B; Potential seal failure; Potential loss of containment, ignition and personnel impact | Potential to drop diesel into the bottom of the Combi Tower T-56446, potential to send out diesel with the AGO; Potential to ultimately flood level in T-56446; Potential to send liquids in the vapor return lines; Potential damage to vapor return piping; Potential release with ignition and personnel impact | High level in Diesel Stripper T-17647; Inability to draw off diesel from Combi Tower T-56446; Potential to ultimately flood level in T-56446; Potential to send liquids in the vapor return lines; Potential damage to vapor return piping; Potential release with ignition and personnel impact | Potential to deadhead pumps PM-60820A/B; Potential seal failure; Potential loss of containment, ignition and personnel impact",Node 8,4.0,1.0,2.0
FAL97220,LO,Tier 1/2: Deterministic,High,FAL-97220/18387 low flow alarm on PM- 122A/B discharge will prompt operator response and will shutdown the pumps,N/A,Valve(s) upstream of wash water pumps PM-77069A/B inadvertently closed or strainer plugged,Inability to send wash water to the desalter system; Potential inefficient chloride removal; Potential inability to remove chlorides from feed; Potential quality issues; Potential financial impact,Node 35,1.0,2.0,1.0
FAL18387,LO,Tier 1/2: Deterministic,High,FAL-97220/18387 low flow alarm on PM- 122A/B discharge will prompt operator response and will shutdown the pumps,N/A,Valve(s) upstream of wash water pumps PM-77069A/B inadvertently closed or strainer plugged,Inability to send wash water to the desalter system; Potential inefficient chloride removal; Potential inability to remove chlorides from feed; Potential quality issues; Potential financial impact,Node 35,1.0,2.0,1.0
FALL18022,LOLO,Tier 1/2: Deterministic,High,FALL- 18022/18062/18042 low-low flow alarm on discharge of pumps PM-77434A/B/C will prompt operator response,N/A,Reverse flow of condensate into the demulsifier injection system (Condensate Booster Pump PM-77434A/B/C trip),Potential to overfill demulsifier tank TK-48603; Potential release of condensate and demulsifier into area; Potential ignition and personnel impact,Node 34,4.0,1.0,2.0
FALL18062,LOLO,Tier 1/2: Deterministic,High,FALL- 18022/18062/18042 low-low flow alarm on discharge of pumps PM-77434A/B/C will prompt operator response,N/A,Reverse flow of condensate into the demulsifier injection system (Condensate Booster Pump PM-77434A/B/C trip),Potential to overfill demulsifier tank TK-48603; Potential release of condensate and demulsifier into area; Potential ignition and personnel impact,Node 34,4.0,1.0,2.0
FALL18042,LOLO,Tier 1/2: Deterministic,High,FALL- 18022/18062/18042 low-low flow alarm on discharge of pumps PM-77434A/B/C will prompt operator response,N/A,Reverse flow of condensate into the demulsifier injection system (Condensate Booster Pump PM-77434A/B/C trip),Potential to overfill demulsifier tank TK-48603; Potential release of condensate and demulsifier into area; Potential ignition and personnel impact,Node 34,4.0,1.0,2.0
FALL51015,LOLO,Tier 1/2: Deterministic,High,FALL-51015 low- low flow alarm will shutdown pumps PM- 312A/B,N/A,"3"" manual valve on suction to PM-43641A/B pumps inadvertently closed | Manual valve(s) downstream of PM- 312A/B pumps inadvertently closed | PM-43641A/B pumps fail to trip off","Loss of suction to PM-43641A/B pumps; Potential to cavitate pumps with seal failure, potential ignition and personnel impact | Blocked discharge from PM-43641A/B pumps; Potential to deadhead pumps with seal failure, potential ignition and personnel impact | Potential to drain all level from PV-14664 Flare KO Drum; Potential to lose suction to PM-43641A/B pumps; Potential to cavitate pumps with seal failure, potential ignition and personnel impact",Node 12,4.0,1.0,2.0
FALL77985,LOLO,Tier 1/2: Deterministic,High,FALL-77985 low- low flow alarm on Hot Oil Heater F-33219 will prompt operator response,N/A,"Combi Tower Overhead Pumps PM- 203A/B trip | 12"" manual valve on inlet to Combi Tower Overhead Pumps PM-99986A/B inadvertently closed | 10"" manual valve on outlet from Combi Tower Overhead Pumps PM-99986A/B inadvertently closed | Level control valve LCV-34380 light naphtha to storage fails open or bypass opened | 10"" manual valve on suction to Recycle Compressor CM-33219A/B inadvertently closed | Recycle Compressor CM-33219A or B trips | Multiple Hot Oil Circulation Pumps PM- 202A/B/C/D trip | Reduced heat transfer fluid flow | What if vessel temperature control loop fails open or closed?","Loss of reflux flow resulting in loss of cooling in Combi Tower T-92182, eventual increase in pressure, and potential to overpressure column, loss of containment, potential ignition and personnel impact | Potential loss of level in Accumulator PV-92182; Loss of reflux to Combi Tower T-92182; Loss of reflux flow resulting in loss of cooling in Combi Tower T-92182, eventual increase in pressure, and potential to overpressure column, loss of containment, potential ignition and personnel impact | Potential increase in pressure in Combi Tower T-92182, and potential to overpressure column, loss of containment, potential ignition and personnel impact | Reduced hot oil flow, potential for overheating of Hot Oil Heater F-33219 tubes, tube failure, loss of containment, ignition, heater damage, potential personnel impact | Fails open - increased heating of hot oil; potential for overheating of Hot Oil Heater F-33219 tubes, tube failure, loss of containment, ignition, heater damage, potential personnel impact","Node 23, Node 27, Node 28",4.0,1.0,2.0
FALL94973,LOLO,Tier 1/2: Deterministic,High,FALL-94973 low- low flow alarm on Hot Oil Heater F-81314 will prompt operator response,N/A,"Combi Tower Overhead Pumps PM- 103A/B trip | 12"" manual valve on inlet to Combi Tower Overhead Pumps PM-73992A/B inadvertently closed | 10"" manual valve on outlet from Combi Tower Overhead Pumps PM-73992A/B inadvertently closed | Level control valve LCV-62100 light naphtha to storage fails open or bypass opened | 10"" manual valve on suction to Recycle Compressor CM-81314A/B inadvertently closed | Recycle Compressor CM-81314A or B trips | Multiple Hot Oil Circulation Pumps PM- 102A/B/C/D trip | Reduced heat transfer fluid flow | What if vessel temperature control loop fails open or closed?","Loss of reflux flow resulting in loss of cooling in Combi Tower T-56446, eventual increase in pressure, and potential to overpressure column, loss of containment, potential ignition and personnel impact | Potential loss of level in Accumulator PV-56446; Loss of reflux to Combi Tower T-56446; Loss of reflux flow resulting in loss of cooling in Combi Tower T-56446, eventual increase in pressure, and potential to overpressure column, loss of containment, potential ignition and personnel impact | Potential increase in pressure in Combi Tower T-56446, and potential to overpressure column, loss of containment, potential ignition and personnel impact | Reduced hot oil flow, potential for overheating of Hot Oil Heater F-81314 tubes, tube failure, loss of containment, ignition, heater damage, potential personnel impact | Fails open - increased heating of hot oil; potential for overheating of Hot Oil Heater F-81314 tubes, tube failure, loss of containment, ignition, heater damage, potential personnel impact","Node 5, Node 9, Node 10",4.0,1.0,2.0
BM73992,TRP,Tier 1/2: Deterministic,High,FD Fan BM-73992 or ID Fan BM-59524 shutdown trips Hot Oil Heater F-81314,N/A,What if blower or motor fails?,"Potential for over temperature of Hot Oil Heater F- 101/ducts, heater damage",Node 10,3.0,1.0,1.0
BM59524,TRP,Tier 1/2: Deterministic,High,FD Fan BM-73992 or ID Fan BM-59524 shutdown trips Hot Oil Heater F-81314,N/A,What if blower or motor fails?,"Potential for over temperature of Hot Oil Heater F- 101/ducts, heater damage",Node 10,3.0,1.0,1.0
BM99986,TRP,Tier 1/2: Deterministic,High,FD Fan BM-99986 or ID Fan BM-80996 shutdown trips Hot Oil Heater F-33219,N/A,What if blower or motor fails?,"Potential for over temperature of Hot Oil Heater F- 201/ducts, heater damage",Node 28,3.0,1.0,1.0
BM80996,TRP,Tier 1/2: Deterministic,High,FD Fan BM-99986 or ID Fan BM-80996 shutdown trips Hot Oil Heater F-33219,N/A,What if blower or motor fails?,"Potential for over temperature of Hot Oil Heater F- 201/ducts, heater damage",Node 28,3.0,1.0,1.0
FIT55351,LO,Tier 1/2: Deterministic,High,FIT-55351 low flow alarm on pump discharge will prompt operator response,N/A,Manual valve(s) on suction to Ammonia Forwarding Pump PM-24946A/B inadvertently closed or upstream strainer plugged | Manual valve(s) on discharge from Ammonia Forwarding Pump PM-24946A/B inadvertently closed | FCV-57099 fails closed or upstream/downstream manual valve(s) inadvertently closed or upstream filters FIL- 74307A/B plugged | NH3 injection nozzles plugged at furnace SCR | Air blower failure BM-11689A/B | PCV-48764 pressure regulator fails fully closed | Failure to re-fill Ammonia Storage Tank PV-76255,"NH3 Forwarding Pump PM-24946A/B cavitation, potential seal damage, release of aqueous ammonia, personnel impact | NH3 Forwarding Pump PM-24946A/B deadhead, potential seal damage, release of aqueous ammonia, personnel impact | Inability to send dilution air, inability to disperse ammonia properly; Potential reduced ability to control air emissions with potential environmental/financial impact | Inability to send ammonia to heater system; Potential inability to control air emissions with potential environmental/financial impact",Node 29,3.0,1.0,1.0
FIT57941,LO,Tier 1/2: Deterministic,High,FIT-57941 low flow alarm on pump discharge will prompt operator response,N/A,Manual valve(s) on suction to Ammonia Forwarding Pump PM-67967A/B inadvertently closed or upstream strainer plugged | Manual valve(s) on discharge from Ammonia Forwarding Pump PM-67967A/B inadvertently closed | FCV-12237 fails closed or upstream/downstream manual valve(s) inadvertently closed or upstream filters FIL- 78006A/B plugged | NH3 injection nozzles plugged at furnace SCR | Air blower failure BM-17647A/B | PCV-12988 pressure regulator fails fully closed | Failure to re-fill Ammonia Storage Tank PV-76255,"NH3 Forwarding Pump PM-67967A/B cavitation, potential seal damage, release of aqueous ammonia, personnel impact | NH3 Forwarding Pump PM-67967A/B deadhead, potential seal damage, release of aqueous ammonia, personnel impact | Inability to send dilution air, inability to disperse ammonia properly; Potential reduced ability to control air emissions with potential environmental/financial impact | Inability to send ammonia to heater system; Potential inability to control air emissions with potential environmental/financial impact",Node 13,3.0,1.0,1.0
FSL69404,HI,Tier 1/2: Deterministic,High,FSL-69404/5002 low flow switch will shutdown chiller compressor units,N/A,"Manual valve closed downstream of rundown chiller EX-28669 to tank TK-24946-24/25 | Manual valve closed on suction of Naphtha Recirculation Pump P-6 or strainer plugs | Recirculation Pump P-6 stops | 10"" valve closed on discharge of Recirculation Pump P6 or MOV-63896/9449 closed on inlet to TK-24946-24 or MOV-94291/9441 closed on inlet to TK-24946-25 | MOV-59888/ 9429/ 9410/ 9412 closed on outlet of tank TK-24946-24/25 to Recirculation Pump P-6 when tank is in recirculation","Loss of Light Naphtha flow to storage from chiller, loss of heat load on glycol circuit, low delta temperature on chiller units, potential chiller compressor damage, release of glycol/ refrigerant and minor environmental impact, potential equipment damage",Node 38,1.0,2.0,1.0
FSL65002,HI,Tier 1/2: Deterministic,High,FSL-69404/5002 low flow switch will shutdown chiller compressor units,N/A,"Manual valve closed downstream of rundown chiller EX-28669 to tank TK-24946-24/25 | Manual valve closed on suction of Naphtha Recirculation Pump P-6 or strainer plugs | Recirculation Pump P-6 stops | 10"" valve closed on discharge of Recirculation Pump P6 or MOV-63896/9449 closed on inlet to TK-24946-24 or MOV-94291/9441 closed on inlet to TK-24946-25 | MOV-59888/ 9429/ 9410/ 9412 closed on outlet of tank TK-24946-24/25 to Recirculation Pump P-6 when tank is in recirculation","Loss of Light Naphtha flow to storage from chiller, loss of heat load on glycol circuit, low delta temperature on chiller units, potential chiller compressor damage, release of glycol/ refrigerant and minor environmental impact, potential equipment damage",Node 38,1.0,2.0,1.0
FAL12475,LO,Tier 1/2: Deterministic,High,Flow alarm low FAL- 12475 low flow alarm and operator response to trip condensate feed pumps PM-53688A/B/C,N/A,Closed valves: manual valve closed inadvertently on suction side on condensate feed pump PM-53688A/B/C | Closed valves: Manual valve closed inadvertently on discharge side of condensate feed pump PM-53688A/B/C including exchanger valves | Condensate feed pump PM-53688A/B/C mechanical failure or loss of power | MOV-10065/22/23 closed on outlet of tank TK-97415/1/2/3 to Feed Pump PM-53688A/B/C when tank is feeding to Splitter Units | All pumps PM-53688A/B/C online | Mixer failure,"Potential mechanical damage to condensate feed pump PM-53688A/B/C (cavitation); Potential seal failure and release of hydrocarbons; Potential ignition and personnel impact | Loss of feed to the unit, resulting in shutdown and financial impact | Decreased flow of Feed from Feed Tanks TK-97415-1/2/3 to Feed Pumps PM-53688A/B/C, loss of flow to Feed PM-53688A/B/C, potential cavitation; Potential seal failure and release of hydrocarbons; Potential ignition and personnel impact | Loss of flow to Feed Pumps PM-53688A/B/C, not expected to result in overfill of tank as movement tank is not receiving rundown, loss of feed to Splitter and unit shutdown, financial impact | Increased flow of Feed out of Feed Tanks TK-97415-1/2/3, decreased level in Feed Tanks TK-97415-1/2/3, loss of flow to Feed Pumps PM-53688A/B/C; Potential cavitation, seal failure and release of hydrocarbons; Potential ignition and personnel impact | Potential reduced tank mixing, potential build-up of solids in Feed Pump PM-53688A/B/C strainers; Potential mechanical damage to condensate feed pump PM-53688A/B/C (cavitation); Potential seal failure and release of hydrocarbons; Potential ignition and personnel impact",Node 43,4.0,2.0,2.0
FCV73778,HI,Tier 1/2: Deterministic,High,Flow control valve FCV-73778/ 22425 will control flow to each Splitter tower and will alarm at high flow and prompt operator response,N/A,All pumps PM-53688A/B/C online,"Increased feed to Naphtha Stabilizer Column T-81314/201, reduced temperature in T-81314/201, potential for off-spec product, potential financial impact | Increased flow of Feed out of Feed Tanks TK-97415-1/2/3, decreased level in Feed tanks, potential to land roof, potential explosive atmosphere in vapor space, potential explosion, personnel injury, environmental impact, asset damage",Node 43,4.0,2.0,2.0
FS46168,LO,Tier 1/2: Deterministic,High,Flow switch FS- 46168/ 09 low flow shutdown on pump P- 2A/B and will alarm to prompt operator response,N/A,"MOV-94883/ 9415 closed or MOV- 9412/9410 closed on suction to Transfer Pump P- 2A/B or strainer plugs | Blocked outlet of Transfer Pump P-2A/B or 38095"" valve closed on product manifold out of facility | MOV-30207 open on pump P-2A/B bypass | More recirculation outflow than inflow (operator error) | High naphtha flow from Transfer Pumps P-2A/B (3100 vs 18888 gpm design vs required) out to product terminal | MOV-59888/ 9422/ 9411/ 9412 closed on outlet of tank TK-24946-25/TK-61869-15 | MOV-94883/ 9415 Blocked inlet valve to Transfer Pump P-2A/B or strainer plugs | Transfer Pump P-2A/B stops","Decreased flow of naphtha from naphtha tank TK-24946- 24/25 to Transfer Pump P-2A/B, loss of flow to Light Naphtha P- 2A/B, potential cavitation and seal leak, release of naphtha to atmosphere, potential ignition and personnel impact | Decreased flow of naphtha from naphtha tank TK-24946- 24/25 to Transfer Pump P-2A/B, not expected to overpressure downstream piping, loss of flow to Light Naphtha P-2A/B, potential deadhead and seal leak, release of naphtha to atmosphere, potential ignition and personnel impact | Reduced suction to pumps P-2A/B, reduced pump discharge pressure; Potential reduced efficiency due to low suction pressure and potential reduced flow of naphtha to pipeline; Potential financial impact | Increased flow of naphtha out of naphtha tank TK-24946- 24/25 to Transfer Pump P-2A/B, low level and loss of flow to Light Naphtha pump P-2A/B, potential cavitation and seal leak, release of naphtha to atmosphere, potential ignition and personnel impact | Decreased flow of naphtha from naphtha tank TK-24946- 25/TK-61869-15; Loss of flow to Light Naphtha P-2A/B, potential cavitation and seal leak, release of naphtha to grade, potential ignition and personnel impact | Inability to flow product to pipeline; Potential reduced throughput; Potential financial impact | Decreased flow of naphtha from naphtha tank TK-24946-25 and TK-61869-15 to Transfer Pump P-2A/B, loss of flow to Heavy Naphtha P-2A/B, potential deadhead and seal leak, release of naphtha to atmosphere, potential ignition and personnel impact","Node 38, Node 39",4.0,2.0,2.0
FS9125,LO,Tier 1/2: Deterministic,High,Flow switch FS- 9125 low flow shutdown on pump P- HX with alarm,N/A,"12"" valve closed on suction to Pump P-7 or strainer plugs | Pump P-7 stops | 8"" valve closed on discharge of Pump P-7 | Pump P-HX stops | 10"" valve closed on discharge of Pump P- HX or 8"" valve closed on inlet of AGO Exchangers HX-1/2 | All 8"" manual valves closed on feed manifold outlet of tank TK-97415/1/2/3 to Transfer Pump P-HX when transferring from tank to tank","Loss of Rerun flow to Pumps P-7 and P-HX, potential cavitation and seal leak of P-HX, release of rerun/ condensate to grade, potential seal fire or explosion, personnel injury, environmental impact | Decreased flow of Rerun tank to tank transfer rate, delay in transfer; Potential financial impact | Blocked flow from pump P-HX; Potential pump deadhead and seal leak of P-HX, release of rerun/ condensate to grade, potential seal fire or explosion, personnel injury, environmental impact",Node 44,4.0,2.0,2.0
FS9202,LO,Tier 1/2: Deterministic,High,Flow switch FS- 9202/04 low flow shutdown on pump P- 1A/B with alarm,N/A,"MOV-66277/ 22/ 24 closed on outlet of tank TK-61869-11/20 and TK-85935-10 to Transfer Pump P-1A/B when tank is in transfer to pipeline | MOV-98319/06/07 closed on outlet of tank TK-61869-11/20 and TK-85935-10 to Transfer Pump P-1A/B when tank is in transfer to pipeline | 12"" manual valve blocked on inlet valve to Transfer Pump P-1A/B or strainer plugs | Blocked 8"" manual outlet valve of Transfer Pump P-1A/B | MOV-50697 fails closed when not performing diesel flush on outlet of pump P-1A/B | MOV-99758 fails closed or 38095"" valve closed on product manifold out of facility | MOV-72031 /9326 closed on outlet of tank TK-61869-12/21 to Transfer Pump P-1A/B when tank is in transfer to pipeline | MOV-77397/ 09 closed on outlet of tank TK- 100-12/21 to Transfer Pump P-1A/B when tank is in transfer to pipeline","No flow of kero from kero tanks TK-61869-11/20 and 85935-10 to Transfer Pump P-1A/B, loss of flow to kero P-1A/B, potential cavitation and seal leak, release of kero to grade, potential seal fire, personnel injury, environmental impact | No flow of kero from kero tanks TK-61869-11/20 and 85935- 10 to Transfer Pump P-1A/B, loss of flow to kero P-1A/B, potential cavitation and seal leak, release of kero to grade, potential seal fire, personnel injury, environmental impact | Loss of flow from kero P-1A/B, potential deadhead and seal leak, release of kero to grade, potential seal fire, personnel injury, environmental impact | Decreased flow of diesel from Diesel Tanks TK-61869-12/21 to Transfer Pump P-1A/B, loss of flow to P-1A/B, potential cavitation and seal leak, release of diesel to grade, potential seal fire, personnel injury, environmental impact | Decreased flow of diesel from Diesel Tanks TK-61869- 12/21 to Transfer Pump P-1A/B, loss of flow to P-1A/B, potential cavitation and seal leak, release of diesel to grade, potential seal fire, personnel injury, environmental impact | Blocked flow out of Transfer Pump P-1A/B, potential deadhead and seal leak, release of diesel to grade, potential seal fire, personnel injury, environmental impact","Node 40, Node 41",4.0,1.0,2.0
FS9204,LO,Tier 1/2: Deterministic,High,Flow switch FS- 9202/04 low flow shutdown on pump P- 1A/B with alarm,N/A,"MOV-66277/ 22/ 24 closed on outlet of tank TK-61869-11/20 and TK-85935-10 to Transfer Pump P-1A/B when tank is in transfer to pipeline | MOV-98319/06/07 closed on outlet of tank TK-61869-11/20 and TK-85935-10 to Transfer Pump P-1A/B when tank is in transfer to pipeline | 12"" manual valve blocked on inlet valve to Transfer Pump P-1A/B or strainer plugs | Blocked 8"" manual outlet valve of Transfer Pump P-1A/B | MOV-50697 fails closed when not performing diesel flush on outlet of pump P-1A/B | MOV-99758 fails closed or 38095"" valve closed on product manifold out of facility | MOV-72031 /9326 closed on outlet of tank TK-61869-12/21 to Transfer Pump P-1A/B when tank is in transfer to pipeline | MOV-77397/ 09 closed on outlet of tank TK- 100-12/21 to Transfer Pump P-1A/B when tank is in transfer to pipeline","No flow of kero from kero tanks TK-61869-11/20 and 85935-10 to Transfer Pump P-1A/B, loss of flow to kero P-1A/B, potential cavitation and seal leak, release of kero to grade, potential seal fire, personnel injury, environmental impact | No flow of kero from kero tanks TK-61869-11/20 and 85935- 10 to Transfer Pump P-1A/B, loss of flow to kero P-1A/B, potential cavitation and seal leak, release of kero to grade, potential seal fire, personnel injury, environmental impact | Loss of flow from kero P-1A/B, potential deadhead and seal leak, release of kero to grade, potential seal fire, personnel injury, environmental impact | Decreased flow of diesel from Diesel Tanks TK-61869-12/21 to Transfer Pump P-1A/B, loss of flow to P-1A/B, potential cavitation and seal leak, release of diesel to grade, potential seal fire, personnel injury, environmental impact | Decreased flow of diesel from Diesel Tanks TK-61869- 12/21 to Transfer Pump P-1A/B, loss of flow to P-1A/B, potential cavitation and seal leak, release of diesel to grade, potential seal fire, personnel injury, environmental impact | Blocked flow out of Transfer Pump P-1A/B, potential deadhead and seal leak, release of diesel to grade, potential seal fire, personnel injury, environmental impact","Node 40, Node 41",4.0,1.0,2.0
FS9212,LO,Tier 1/2: Deterministic,High,Flow switch FS- 9212 low flow shutdown on pump P-4 with alarm,N/A,"12"" or 41824"" valve closed on suction to Kero Transfer Pump P-4 or strainer plugs | 10"" valve closed on discharge of Transfer Pump P-4 | 12"" or 41824"" valve closed on suction to Transfer Pump P-4 or strainer plugs | 10"" valve closed on discharge of Transfer Pump P-4 to other tank (when performing tank transfer)","Loss of flow to Kero to Transfer Pump P-4, potential cavitation and seal leak, release of kero to atmosphere, potential seal fire, personnel injury, environmental impact | Loss of flow from Kero to Transfer Pump P-4, potential deadhead and seal leak, release of kero to atmosphere, potential seal fire, personnel injury, environmental impact | Loss of flow to Diesel to Transfer Pump P-4, potential cavitation and seal leak, release of diesel to atmosphere, potential seal fire from seal, personnel injury, environmental impact | Loss of flow from Transfer Pump P-4, potential deadhead and seal leak, release of diesel to atmosphere, potential seal fire from seal, personnel injury, environmental impact","Node 40, Node 41",4.0,1.0,2.0
FS9302,LO,Tier 1/2: Deterministic,High,Flow switch FS- 9302/04 low flow shutdown on pump P- 3A/B with alarm,N/A,"MOV-19780 /9327/ 9328 closed on outlet of tank TK-24946-22/23 and TK-61869-13 to Transfer Pump P-3A/B when tank is in transfer to pipeline | MOV-85766/ 06/ 07 closed on outlet of tank TK-24946-22/23 and TK-61869-13 to Transfer Pump P-3A/B when tank is in transfer to pipeline | MOV-42589/12 closed on inlet valve to Transfer Pump P-3A/B or strainer plugs | Blocked 14"" manual outlet valve of Transfer Pump P-3A/B","Decreased flow of AGO from AGO Tanks TK-24946-22/23 and TK-61869-13 to Transfer Pump P-3A/B, loss of flow to AGO P- 3A/B, potential cavitation and seal leak, release of AGO to grade, potential ignition and personnel impact | Blocked flow from Transfer Pump P-3A/B, potential deadhead and seal leak, release of AGO to grade, potential ignition and personnel impact",Node 42,4.0,1.0,2.0
FS9304,LO,Tier 1/2: Deterministic,High,Flow switch FS- 9302/04 low flow shutdown on pump P- 3A/B with alarm,N/A,"MOV-19780 /9327/ 9328 closed on outlet of tank TK-24946-22/23 and TK-61869-13 to Transfer Pump P-3A/B when tank is in transfer to pipeline | MOV-85766/ 06/ 07 closed on outlet of tank TK-24946-22/23 and TK-61869-13 to Transfer Pump P-3A/B when tank is in transfer to pipeline | MOV-42589/12 closed on inlet valve to Transfer Pump P-3A/B or strainer plugs | Blocked 14"" manual outlet valve of Transfer Pump P-3A/B","Decreased flow of AGO from AGO Tanks TK-24946-22/23 and TK-61869-13 to Transfer Pump P-3A/B, loss of flow to AGO P- 3A/B, potential cavitation and seal leak, release of AGO to grade, potential ignition and personnel impact | Blocked flow from Transfer Pump P-3A/B, potential deadhead and seal leak, release of AGO to grade, potential ignition and personnel impact",Node 42,4.0,1.0,2.0
FS9402,LO,Tier 1/2: Deterministic,High,Flow switch FS- 9402 low flow shutdown on pump P-6 with alarm,N/A,"Manual valve closed on suction of Naphtha Recirculation Pump P-6 or strainer plugs | 10"" valve closed on discharge of Recirculation Pump P6 or MOV-63896/9449 closed on inlet to TK-24946-24 or MOV-94291/9441 closed on inlet to TK-24946-25 | MOV-59888/ 9429/ 9410/ 9412 closed on outlet of tank TK-24946-24/25 to Recirculation Pump P-6 when tank is in recirculation | MOV-59888/ 9429/ 9410/ 9412 closed on outlet of tank TK-24946-24/25 to Transfer Pump P-2 when tank is in transfer to pipeline | More recirculation outflow than inflow (operator error) | High naphtha flow from Transfer Pumps P-2A/B (3100 vs 18888 gpm design vs required) out to product terminal","Loss of flow to Light Naphtha Recirculation Pump P-6, potential cavitation and seal leak, release of naphtha to atmosphere, potential ignition and personnel impact | Loss of flow from Light Naphtha Recirculation Pump P-6, potential deadhead and seal leak, release of naphtha to atmosphere, potential ignition and personnel impact",Node 38,4.0,1.0,2.0
FS9404,LO,Tier 1/2: Deterministic,High,Flow switch FS- 9404 low flow shutdown on pump P-7 with alarm,N/A,"12"" valve closed on suction to Pump P-7 or strainer plugs | 8"" valve closed on discharge of Pump P-7 | Pump P-HX stops | 10"" valve closed on discharge of Pump P- HX or 8"" valve closed on inlet of AGO Exchangers HX-1/2","Loss of Rerun flow to Pump P-7, potential cavitation and seal leak, release of rerun to atmosphere, potential seal fire from seal, personnel injury, environmental impact, asset damage | Blocked flow from Pump P-7, potential deadhead and seal leak, release of rerun to atmosphere, potential seal fire from seal, personnel injury, environmental impact, asset damage",Node 44,4.0,1.0,2.0
FS9626,LO,Tier 1/2: Deterministic,High,Flow switch FS- 9626 low flow shutdown on pump P- 17 with alarm and operator response,N/A,Manual valve on tank outlet inadvertently closed. | Manual valve closed on suction of Pump P-98747 or strainer plugs | Manual valve closed on Discharge of Pump P-98747 | Manual valve closed on suction of Pump PM-95795A/B or strainer plugs | Pump PM-95795A/B stops,"Potential to cavitation pump P-98747, PM-95795A/B; Potential seal failure; Release of HCs and water to ground; Potential ignition and personnel impact | Cavitation of pump P-98747; Potential seal failure; Release of HCs and water to ground; Potential ignition and personnel impact | Potential overfill of tank 5 with release of HCs and water to ground; Potential ignition and personnel impact | Deadhead of pump P-98747; Potential seal failure; Release of HCs and water to ground; Potential ignition and personnel impact",Node 45,4.0,1.0,2.0
FS9630,LO,Tier 1/2: Deterministic,High,Flow switch FS- 9630 low flow shutdown on pump P-5 with alarm,N/A,"12"" valve closed on suction to Transfer Pump P-5 or strainer plugs | 10"" valve closed on discharge of Transfer Pump P-5","Loss of flow to AGO to Transfer Pump P-5, potential cavitation and seal leak, release of AGO to atmosphere, potential ignition and personnel impact | Loss of flow to AGO from Transfer Pump P-5, potential deadhead and seal leak, release of AGO to atmosphere, potential seal fire from seal, personnel injury, environmental impact",Node 42,4.0,1.0,2.0
FSL18530,LO,Tier 1/2: Deterministic,High,Flow switch FSL- 18530/18550 low flow shutdown on pumps PM-95795A/B with alarm and operator response,N/A,Manual valve on tank outlet inadvertently closed. | LCV-19952 fails closed | Manual valve closed on suction of Pump PM-95795A/B or strainer plugs,"Potential to cavitation pump P-98747, PM-95795A/B; Potential seal failure; Release of HCs and water to ground; Potential ignition and personnel impact | Potential to deadhead pump PM-95795A/B; Potential seal failure; Release of HCs and water to ground; Potential ignition and personnel impact | Potential to cavitation pump PM-95795A/B; Potential seal failure; Release of HCs and water to ground; Potential ignition and personnel impact",Node 45,4.0,1.0,2.0
FSL18550,LO,Tier 1/2: Deterministic,High,Flow switch FSL- 18530/18550 low flow shutdown on pumps PM-95795A/B with alarm and operator response,N/A,Manual valve on tank outlet inadvertently closed. | LCV-19952 fails closed | Manual valve closed on suction of Pump PM-95795A/B or strainer plugs,"Potential to cavitation pump P-98747, PM-95795A/B; Potential seal failure; Release of HCs and water to ground; Potential ignition and personnel impact | Potential to deadhead pump PM-95795A/B; Potential seal failure; Release of HCs and water to ground; Potential ignition and personnel impact | Potential to cavitation pump PM-95795A/B; Potential seal failure; Release of HCs and water to ground; Potential ignition and personnel impact",Node 45,4.0,1.0,2.0
FSL58270,LO,Tier 1/2: Deterministic,High,Flow switch low FSL-58270 low flow shutdown on pump P- 19 with alarm,N/A,"4"" manual valve closed on suction of Pump P-74532 or strainer plugs | Manual valve closed on Discharge of Pump P-74532","No flow to Skimmer Pump P-74532, potential cavitation and seal leak, release of hydrocarbon to grade, potential seal or pool fire, potential personnel injury, environmental impact, asset damage | Blocked flow from Skimmer Pump P-74532, potential deadhead and seal leak, release of hydrocarbon to grade, potential seal or pool fire, potential personnel injury, environmental impact, asset damage",Node 45,4.0,1.0,2.0
LT47598,HI,Tier 1/2: Deterministic,High,High level alarm on LT-47598 on tank T- 5 will prompt operator response,N/A,LCV-99511/28130 malfunctions open or bypass valve inadvertently opened | P-98747 Discharge pump or PM-95795A/B Transfer Pump fails. | Manual valve on tank outlet inadvertently closed. | LCV-19952 fails closed | Manual valve closed on suction of Pump P-98747 or strainer plugs | Manual valve closed on Discharge of Pump P-98747 | Manual valve closed on suction of Pump PM-95795A/B or strainer plugs | Pump PM-95795A/B stops,"High flow of waste water to waste water tank T-5, however not enough city water pressure to result in an overfill of T-5; Potential to send grease out with the waste water from T-5; Potential environmental/financial impact | Potential to drain the Desalter D-81314/201, potential to send oil to the waste water system; Potential for Gulf Coast to require a shutdown | Potential overfill of tank 5 with release of HCs and water to ground; Potential ignition and personnel impact | Potential to cavitation pump P-98747, PM-95795A/B; Potential seal failure; Release of HCs and water to ground; Potential ignition and personnel impact | Potential to deadhead pump PM-95795A/B; Potential seal failure; Release of HCs and water to ground; Potential ignition and personnel impact | Cavitation of pump P-98747; Potential seal failure; Release of HCs and water to ground; Potential ignition and personnel impact | Deadhead of pump P-98747; Potential seal failure; Release of HCs and water to ground; Potential ignition and personnel impact | Potential to cavitation pump PM-95795A/B; Potential seal failure; Release of HCs and water to ground; Potential ignition and personnel impact","Node 36, Node 45",4.0,2.0,2.0
LAH11320,HI,Tier 1/2: Deterministic,High,LAH- 11320/21320 High Level Alarm on PV- 102/202 Accumulator will prompt operator response,N/A,Manual valve closed downstream of rundown chiller EX-28669 to tank TK-24946-24/25,"Loss of Light Naphtha flow to storage, deadhead of overhead pump not expected as reflux continue to flow, Combi Tower Accumulator pressure vessel PV-56446/ 202 fills, potential to overfill accumulator to Recycle Compressor Suction Scrubber pressure vessel PV-60820/ 207 compressor suction drum and to compressor, compressor damage",Node 38,1.0,1.0,1.0
LAH21320,HI,Tier 1/2: Deterministic,High,LAH- 11320/21320 High Level Alarm on PV- 102/202 Accumulator will prompt operator response,N/A,Manual valve closed downstream of rundown chiller EX-28669 to tank TK-24946-24/25,"Loss of Light Naphtha flow to storage, deadhead of overhead pump not expected as reflux continue to flow, Combi Tower Accumulator pressure vessel PV-56446/ 202 fills, potential to overfill accumulator to Recycle Compressor Suction Scrubber pressure vessel PV-60820/ 207 compressor suction drum and to compressor, compressor damage",Node 38,1.0,1.0,1.0
LAH22501,HI,Tier 1/2: Deterministic,High,LAH- 22501/22502 redundant high level alarms on Sump TK- 201 will prompt operator response,N/A,"Manual valve open on hydrocarbon drain | Improper drainage of water boot for PV- 202 Accumulator | Hydrocarbon Sump Pump PM-43983A/B trips | Manual valve closed in Hydrocarbon Sump Pump PM-43983A/B discharge | Drain valve left open | High rate of flow from vacuum truck to sump | Reverse flow from Feed Tanks to sump | Send Y-Grade to sump (drain valve left open from pumps PM-33219A/B) | Drain valve left open sending hot material to sump | Trash in sump (for example from vacuum trucks) can plug pump screen or damage pump | 4"" Manual valve(s) closed on hydrocarbon header from one or both splitter towers","Potential to send feed to Hydrocarbon Sump TK-33219; Potential inefficient operation; Potential to overfill sump; Potential environmental impact; Potential release of hydrocarbon vapors; Potential ignition and personnel impact | Potential to send light naphtha to Hydrocarbon Sump TK- 201; Potential inefficient operation; Potential to overfill sump; Potential environmental impact; Potential release of hydrocarbon vapors; Potential ignition and personnel impact | Potential to overfill the Hydrocarbon Sump TK-33219, release through atmospheric vent; Potential runoff to stormwater drain (contained in Tank 5 Wastewater Tank); Potential environmental/financial impact | Hydrocarbon Sump Pump PM-43983A/B deadheaded, potential pump damage; Potential seal failure with potential ignition and personnel impact | Potential release through Hydrocarbon Sump TK-33219 vent; Potential ignition and personnel impact | Hydrocarbon Sump Pump PM-83821A/B or PM-43983A/B deadheaded, potential pump damage; Potential seal failure with potential ignition and personnel impact | Potential to overfill the Hydrocarbon Sump TK-81314/201, release through atmospheric vent; Potential runoff to stormwater drain (contained in Tank 5 Wastewater Tank); Potential environmental/financial impact","Node 19, Node 20, Node 21, Node 23, Node 31, Node 43",4.0,2.0,2.0
LAH22502,HI,Tier 1/2: Deterministic,High,LAH- 22501/22502 redundant high level alarms on Sump TK- 201 will prompt operator response,N/A,"Manual valve open on hydrocarbon drain | Improper drainage of water boot for PV- 202 Accumulator | Hydrocarbon Sump Pump PM-43983A/B trips | Manual valve closed in Hydrocarbon Sump Pump PM-43983A/B discharge | Drain valve left open | High rate of flow from vacuum truck to sump | Reverse flow from Feed Tanks to sump | Send Y-Grade to sump (drain valve left open from pumps PM-33219A/B) | Drain valve left open sending hot material to sump | Trash in sump (for example from vacuum trucks) can plug pump screen or damage pump | 4"" Manual valve(s) closed on hydrocarbon header from one or both splitter towers","Potential to send feed to Hydrocarbon Sump TK-33219; Potential inefficient operation; Potential to overfill sump; Potential environmental impact; Potential release of hydrocarbon vapors; Potential ignition and personnel impact | Potential to send light naphtha to Hydrocarbon Sump TK- 201; Potential inefficient operation; Potential to overfill sump; Potential environmental impact; Potential release of hydrocarbon vapors; Potential ignition and personnel impact | Potential to overfill the Hydrocarbon Sump TK-33219, release through atmospheric vent; Potential runoff to stormwater drain (contained in Tank 5 Wastewater Tank); Potential environmental/financial impact | Hydrocarbon Sump Pump PM-43983A/B deadheaded, potential pump damage; Potential seal failure with potential ignition and personnel impact | Potential release through Hydrocarbon Sump TK-33219 vent; Potential ignition and personnel impact | Hydrocarbon Sump Pump PM-83821A/B or PM-43983A/B deadheaded, potential pump damage; Potential seal failure with potential ignition and personnel impact | Potential to overfill the Hydrocarbon Sump TK-81314/201, release through atmospheric vent; Potential runoff to stormwater drain (contained in Tank 5 Wastewater Tank); Potential environmental/financial impact","Node 19, Node 20, Node 21, Node 23, Node 31, Node 43",4.0,2.0,2.0
LAH40004,HI,Tier 1/2: Deterministic,High,LAH- 40004/40104 high level shutdown on PV- 410/411 will close inbound valves SDV- 65015/47638,N/A,"Lining up wrong Y-Grade Storage Sphere pressure vessel PV-13986/411 for unit production | Lining up correctly to truck rack, with wrong connection to return from truck rack. (Incorrect valve lineup to sphere)","Potential overfill of Y-Grade Storage Sphere pressure vessel PV-13986/411 to flare, potential to send liquids out of the flare. Potential personnel impacts. Potential environmental impact",Node 11,4.0,1.0,2.0
LAH40104,HI,Tier 1/2: Deterministic,High,LAH- 40004/40104 high level shutdown on PV- 410/411 will close inbound valves SDV- 65015/47638,N/A,"Lining up wrong Y-Grade Storage Sphere pressure vessel PV-13986/411 for unit production | Lining up correctly to truck rack, with wrong connection to return from truck rack. (Incorrect valve lineup to sphere)","Potential overfill of Y-Grade Storage Sphere pressure vessel PV-13986/411 to flare, potential to send liquids out of the flare. Potential personnel impacts. Potential environmental impact",Node 11,4.0,1.0,2.0
SDV65015,HI,Tier 1/2: Deterministic,High,LAH- 40004/40104 high level shutdown on PV- 410/411 will close inbound valves SDV- 65015/47638,N/A,"Lining up wrong Y-Grade Storage Sphere pressure vessel PV-13986/411 for unit production | Lining up correctly to truck rack, with wrong connection to return from truck rack. (Incorrect valve lineup to sphere)","Potential overfill of Y-Grade Storage Sphere pressure vessel PV-13986/411 to flare, potential to send liquids out of the flare. Potential personnel impacts. Potential environmental impact",Node 11,4.0,1.0,2.0
SDV47638,HI,Tier 1/2: Deterministic,High,LAH- 40004/40104 high level shutdown on PV- 410/411 will close inbound valves SDV- 65015/47638,N/A,"Lining up wrong Y-Grade Storage Sphere pressure vessel PV-13986/411 for unit production | Lining up correctly to truck rack, with wrong connection to return from truck rack. (Incorrect valve lineup to sphere)","Potential overfill of Y-Grade Storage Sphere pressure vessel PV-13986/411 to flare, potential to send liquids out of the flare. Potential personnel impacts. Potential environmental impact",Node 11,4.0,1.0,2.0
LAH40007,HI,Tier 1/2: Deterministic,High,LAH- 40007/40107 high level alarm on PV- 410/411 will prompt operator response,N/A,"Lining up wrong Y-Grade Storage Sphere pressure vessel PV-13986/411 for unit production | Lining up correctly to truck rack, with wrong connection to return from truck rack. (Incorrect valve lineup to sphere)","Potential overfill of Y-Grade Storage Sphere pressure vessel PV-13986/411 to flare, potential to send liquids out of the flare. Potential personnel impacts. Potential environmental impact",Node 11,4.0,1.0,2.0
LAH40107,HI,Tier 1/2: Deterministic,High,LAH- 40007/40107 high level alarm on PV- 410/411 will prompt operator response,N/A,"Lining up wrong Y-Grade Storage Sphere pressure vessel PV-13986/411 for unit production | Lining up correctly to truck rack, with wrong connection to return from truck rack. (Incorrect valve lineup to sphere)","Potential overfill of Y-Grade Storage Sphere pressure vessel PV-13986/411 to flare, potential to send liquids out of the flare. Potential personnel impacts. Potential environmental impact",Node 11,4.0,1.0,2.0
LAH10866,HI,Tier 1/2: Deterministic,High,LAH-10866 High Level Alarm on Naphtha Stabilizer Accumulator pressure vessel PV-81314 water boot will prompt operator response,N/A,"Naphtha Stabilizer Overhead Pump PM- 101A/B trips | Manual valve on suction line to Naphtha Stabilizer Overhead Pump PM-81314A/B inadvertently closed | Manual valve on discharge line from Naphtha Stabilizer Overhead Pump PM-81314A/B inadvertently closed | PCV-79326A fails open or bypass valve open | Large slug of water enters system in condensate | FCV-56093/18310 malfunctions open. | Both Wash Water Pumps PM-77069A/B on at the same time | LCV-99511/28130 fails closed or manual valve in water outlet line inadvertently closed. | Plugged exchanger EX-87095A/B/C or manual valve(s) on inlet/outlet of exchanger inadvertently closed | Plugged waste water cooler (AF-75469, AF- 209). | FCV-18721 malfunctions open or bypass valve inadvertently opened | 2"" manual valve on waste water (downstream of Mud Wash Pumps PM-35808B/C) inadvertently opened | Tank inlet line inadvertently closed.","Loss of flow of Y-Grade to storage, high level in Naphtha Stabilizer Accumulator pressure vessel PV-81314, potential to overfill Recycle Compressor Discharge Scrubber pressure vessel PV-75469 and send liquid to Hot Oil Furnace F-81314 fuel inlet, potential for damage of burners, heater firebox, potential explosion and personnel impact and damage with downtime greater than 52954 days | T-81314 Stabilizer pressure would drop; Potential liquid carryover to the PV-81314 Accumulator; Potential overfill PV-81314 and carryover to Recycle Compressor Discharge Scrubber PV-75469; Potential to overfill PV-75469 and send liquid to Hot Oil Furnace F- 101 fuel inlet, potential for damage of burners, heater firebox, potential explosion and personnel impact and damage with downtime greater than 52954 days | Potential to discharge water from desalter to the splitter process. Potential vaporization of water in downstream naphtha stabilizer and combi tower. Potential overpressure of T-81314/201, loss of containment, ignition and personnel impact | Potential build up of level in Desalter; Potential to discharge water from desalter to the splitter process. Potential vaporization of water in downstream naphtha stabilizer and combi tower. Potential overpressure of T-81314/201, loss of containment, ignition and personnel impact | Inadvertently route mud wash to the outlet of the Desalter D-81314/201, ultimately sending flow to the Stabilizer Towers T- 101/201; Potential vaporization of water in downstream naphtha stabilizer and combi tower. Potential overpressure of T-81314/201, loss of containment, ignition and personnel impact","Node 3, Node 9, Node 34, Node 35, Node 36, Node 37, Node 45",5.0,1.0,2.0
PV81314,HI,Tier 1/2: Deterministic,High,LAH-10866 High Level Alarm on Naphtha Stabilizer Accumulator pressure vessel PV-81314 water boot will prompt operator response,N/A,"Naphtha Stabilizer Overhead Pump PM- 101A/B trips | Manual valve on suction line to Naphtha Stabilizer Overhead Pump PM-81314A/B inadvertently closed | Manual valve on discharge line from Naphtha Stabilizer Overhead Pump PM-81314A/B inadvertently closed | PCV-79326A fails open or bypass valve open | Large slug of water enters system in condensate | FCV-56093/18310 malfunctions open. | Both Wash Water Pumps PM-77069A/B on at the same time | LCV-99511/28130 fails closed or manual valve in water outlet line inadvertently closed. | Plugged exchanger EX-87095A/B/C or manual valve(s) on inlet/outlet of exchanger inadvertently closed | Plugged waste water cooler (AF-75469, AF- 209). | FCV-18721 malfunctions open or bypass valve inadvertently opened | 2"" manual valve on waste water (downstream of Mud Wash Pumps PM-35808B/C) inadvertently opened | Tank inlet line inadvertently closed.","Loss of flow of Y-Grade to storage, high level in Naphtha Stabilizer Accumulator pressure vessel PV-81314, potential to overfill Recycle Compressor Discharge Scrubber pressure vessel PV-75469 and send liquid to Hot Oil Furnace F-81314 fuel inlet, potential for damage of burners, heater firebox, potential explosion and personnel impact and damage with downtime greater than 52954 days | T-81314 Stabilizer pressure would drop; Potential liquid carryover to the PV-81314 Accumulator; Potential overfill PV-81314 and carryover to Recycle Compressor Discharge Scrubber PV-75469; Potential to overfill PV-75469 and send liquid to Hot Oil Furnace F- 101 fuel inlet, potential for damage of burners, heater firebox, potential explosion and personnel impact and damage with downtime greater than 52954 days | Potential to discharge water from desalter to the splitter process. Potential vaporization of water in downstream naphtha stabilizer and combi tower. Potential overpressure of T-81314/201, loss of containment, ignition and personnel impact | Potential build up of level in Desalter; Potential to discharge water from desalter to the splitter process. Potential vaporization of water in downstream naphtha stabilizer and combi tower. Potential overpressure of T-81314/201, loss of containment, ignition and personnel impact | Inadvertently route mud wash to the outlet of the Desalter D-81314/201, ultimately sending flow to the Stabilizer Towers T- 101/201; Potential vaporization of water in downstream naphtha stabilizer and combi tower. Potential overpressure of T-81314/201, loss of containment, ignition and personnel impact","Node 3, Node 9, Node 34, Node 35, Node 36, Node 37, Node 45",5.0,1.0,2.0
LAH12326,HI,Tier 1/2: Deterministic,High,LAH-12326 High level alarm on Recycle Compressor Discharge Scrubber pressure vessel PV-99938 will prompt operator response,N/A,Naphtha Stabilizer Overhead Pump PM- 201A/B trips | Manual valve on suction line to Naphtha Stabilizer Overhead Pump PM-33219A/B inadvertently closed | Manual valve on discharge line from Naphtha Stabilizer Overhead Pump PM-33219A/B inadvertently closed | LCV-26713 malfunctions closed or upstream/downstream valve(s) inadvertently closed | PCV-10975A fails open or bypass valve open | Discharge scrubber pump PM-28116A/B failure | Manual valve on suction to Discharge Scrubber Pump PM-28116A/B inadvertently closed | Manual valve on discharge from Discharge Scrubber Pump PM-28116A/B inadvertently closed | TCV-40186 receives incorrect signal (closes inadvertently),"Loss of flow of Y-Grade to storage, high level in Naphtha Stabilizer Accumulator pressure vessel PV-33219, potential to overfill Recycle Compressor Discharge Scrubber pressure vessel PV-99938 and send liquid to Hot Oil Furnace F-33219 fuel inlet, potential for damage of burners, heater firebox, potential explosion and personnel impact and damage with downtime greater than 52954 days | T-33219 Stabilizer pressure would drop; Potential liquid carryover to the PV-33219 Accumulator; Potential overfill PV-33219 and carryover to Recycle Compressor Discharge Scrubber PV-99938; Potential to overfill PV-99938 and send liquid to Hot Oil Furnace F- 201 fuel inlet, potential for damage of burners, heater firebox, potential explosion and personnel impact and damage with downtime greater than 52954 days | Potential high level in PV-99938 Discharge Scrubber; Potential to overfill PV-99938 and send liquid to Hot Oil Furnace F- 201 fuel inlet, potential for damage of burners, heater firebox, potential explosion and personnel impact and damage with downtime greater than 52954 days | Potential to overfill PV-99938 and send liquid to Hot Oil Furnace F-33219 fuel inlet, potential for damage of burners, heater firebox, potential explosion and personnel impact and damage with downtime greater than 52954 days | Loss of suction to pumps PM-28116A/B with potential cavitation; Potential seal failure with loss of containment, potential ignition and personnel impact | Blocked discharge from pumps PM-28116A/B with potential deadhead; Potential seal failure with loss of containment, potential ignition and personnel impact | Inadvertently sending compressor discharge flow through Gas-to-Gas Exchanger EX-59044, further cooling the discharge gas when not needed; Potential liquid carryover PV-99938 Discharge Scrubber; Potential to overfill PV-99938 and send liquid to Hot Oil Furnace F-33219 fuel inlet, potential for damage of burners, heater firebox, potential explosion and personnel impact and damage with downtime greater than 52954 days","Node 21, Node 27",5.0,2.0,4.0
PV99938,HI,Tier 1/2: Deterministic,High,LAH-12326 High level alarm on Recycle Compressor Discharge Scrubber pressure vessel PV-99938 will prompt operator response,N/A,Naphtha Stabilizer Overhead Pump PM- 201A/B trips | Manual valve on suction line to Naphtha Stabilizer Overhead Pump PM-33219A/B inadvertently closed | Manual valve on discharge line from Naphtha Stabilizer Overhead Pump PM-33219A/B inadvertently closed | LCV-26713 malfunctions closed or upstream/downstream valve(s) inadvertently closed | PCV-10975A fails open or bypass valve open | Discharge scrubber pump PM-28116A/B failure | Manual valve on suction to Discharge Scrubber Pump PM-28116A/B inadvertently closed | Manual valve on discharge from Discharge Scrubber Pump PM-28116A/B inadvertently closed | TCV-40186 receives incorrect signal (closes inadvertently),"Loss of flow of Y-Grade to storage, high level in Naphtha Stabilizer Accumulator pressure vessel PV-33219, potential to overfill Recycle Compressor Discharge Scrubber pressure vessel PV-99938 and send liquid to Hot Oil Furnace F-33219 fuel inlet, potential for damage of burners, heater firebox, potential explosion and personnel impact and damage with downtime greater than 52954 days | T-33219 Stabilizer pressure would drop; Potential liquid carryover to the PV-33219 Accumulator; Potential overfill PV-33219 and carryover to Recycle Compressor Discharge Scrubber PV-99938; Potential to overfill PV-99938 and send liquid to Hot Oil Furnace F- 201 fuel inlet, potential for damage of burners, heater firebox, potential explosion and personnel impact and damage with downtime greater than 52954 days | Potential high level in PV-99938 Discharge Scrubber; Potential to overfill PV-99938 and send liquid to Hot Oil Furnace F- 201 fuel inlet, potential for damage of burners, heater firebox, potential explosion and personnel impact and damage with downtime greater than 52954 days | Potential to overfill PV-99938 and send liquid to Hot Oil Furnace F-33219 fuel inlet, potential for damage of burners, heater firebox, potential explosion and personnel impact and damage with downtime greater than 52954 days | Loss of suction to pumps PM-28116A/B with potential cavitation; Potential seal failure with loss of containment, potential ignition and personnel impact | Blocked discharge from pumps PM-28116A/B with potential deadhead; Potential seal failure with loss of containment, potential ignition and personnel impact | Inadvertently sending compressor discharge flow through Gas-to-Gas Exchanger EX-59044, further cooling the discharge gas when not needed; Potential liquid carryover PV-99938 Discharge Scrubber; Potential to overfill PV-99938 and send liquid to Hot Oil Furnace F-33219 fuel inlet, potential for damage of burners, heater firebox, potential explosion and personnel impact and damage with downtime greater than 52954 days","Node 21, Node 27",5.0,2.0,4.0
LAH14439,HI,Tier 1/2: Deterministic,High,LAH-14439 High Level Alarm on Combi Tower T-56446 will prompt operator response,N/A,"Combi Tower Bottoms Product Pump PM- 104A/B trips | Manual valve on discharge from Combi Tower Bottoms Product Pump PM-59524A/B inadvertently closed | 6"" manual valve from EX-17647 inadvertently closed | TCV-34810B malfunctions closed or upstream/downstream manual valve(s) inadvertently closed | 6"" manual valve on inlet to AF-73992 Bottoms Product Cooler inadvertently closed | 6"" manual valve on outlet from AF-73992 Bottoms Product Cooler inadvertently closed | TCV-30806A malfunctions closed or upstream/downstream manual valve(s) inadvertently closed | FCV-19313 malfunctions closed or upstream/downstream manual valve(s) inadvertently closed or 8"" manual valve on kero product to rerun inadvertently closed | Level control valve LCV-15841 fails closed or T-56446 tower tray plugs | Diesel Stripper Product Pumps PM-60820A/B trips | Manual valve closed on suction to Diesel Stripper Product Pumps PM-60820A/B or basket strainers plugged on suction piping | Manual valve closed on discharge from Diesel Stripper Product Pumps PM-60820A/B | 6"" manual valve on EX-59524 shell side outlet inadvertently closed | 6"" manual valve(s) upstream/downstream AF-76255 Diesel Product Cooler inadvertently closed | FCV-96168 malfunctions closed or upstream/downstream manual valve(s) inadvertently closed | 8"" valve closed on diesel rundown header from one or both splitter towers | Manual valve closed on AGO rundown header from one or both splitter towers | 8"" Manual valve closed on Rerun header from one or both splitter towers","High level in Combi Tower T-56446; Potential to overfill T-56446; Potential to overfill the Recycle Gas Compressor Suction Scrubber PV-60820 and send liquids to the RGC; Potential to damage compressor leading to financial impact | Product flow out from the shell side of EX-17647 blocked; No overpressure concerns, as the max pressure from the upstream pumps PM-59524A/B is 59524 psig, and the shell side is MAWP 14664 psig; High level in Combi Tower T-56446; Potential to overfill T-56446; Potential to overfill the Recycle Gas Compressor Suction Scrubber PV-60820 and send liquids to the RGC; Potential to damage compressor leading to financial impact | Potential to back-up flow to Combi Tower; High level in Combi Tower T-56446; Potential to overfill T-56446; Potential to overfill the Recycle Gas Compressor Suction Scrubber PV-60820 and send liquids to the RGC; Potential to damage compressor leading to financial impact | Potential Combi Tower T-56446 flooding; high differential pressure; Potential to get kero liquids in the vapor return line; Potential damage to vapor return piping; Potential release with ignition and personnel impact | Potential to drop diesel into the bottom of the Combi Tower T-56446, potential to send out diesel with the AGO; Potential to ultimately flood level in T-56446; Potential to send liquids in the vapor return lines; Potential damage to vapor return piping; Potential release with ignition and personnel impact | High level in Diesel Stripper T-17647; Inability to draw off diesel from Combi Tower T-56446; Potential to ultimately flood level in T-56446; Potential to send liquids in the vapor return lines; Potential damage to vapor return piping; Potential release with ignition and personnel impact | High level in Diesel Stripper T-17647/205; Inability to draw off diesel from Combi Tower T-56446/202; Potential to ultimately flood level in T-56446/202; Potential to send liquids in the vapor return lines; Potential damage to vapor return piping; Potential release with ignition and personnel impact | High level in Combi Tower T-56446/202; Potential to overfill T-56446/202; Potential to overfill the Recycle Gas Compressor Suction Scrubber PV-60820/207 and send liquids to the RGC; Potential to damage compressor leading to financial impact","Node 4, Node 7, Node 8, Node 41, Node 42, Node 44",4.0,2.0,3.0
LAH15841,HI,Tier 1/2: Deterministic,High,LAH-15841 high level alarm on Diesel Stripper T-17647 will prompt operator response,N/A,"Diesel Stripper Product Pumps PM-60820A/B trips | Manual valve closed on suction to Diesel Stripper Product Pumps PM-60820A/B or basket strainers plugged on suction piping | Manual valve closed on discharge from Diesel Stripper Product Pumps PM-60820A/B | 6"" manual valve on EX-59524 shell side outlet inadvertently closed | 6"" manual valve(s) upstream/downstream AF-76255 Diesel Product Cooler inadvertently closed | 8"" valve closed on diesel rundown header from one or both splitter towers","High level in Diesel Stripper T-17647; Inability to draw off diesel from Combi Tower T-56446; Potential to ultimately flood level in T-56446; Potential to send liquids in the vapor return lines; Potential damage to vapor return piping; Potential release with ignition and personnel impact | Potential to cavitate pumps PM-60820A/B; Potential seal failure; Potential loss of containment, ignition and personnel impact | Potential to deadhead pumps PM-60820A/B; Potential seal failure; Potential loss of containment, ignition and personnel impact | High level in Diesel Stripper T-17647/205; Inability to draw off diesel from Combi Tower T-56446/202; Potential to ultimately flood level in T-56446/202; Potential to send liquids in the vapor return lines; Potential damage to vapor return piping; Potential release with ignition and personnel impact","Node 8, Node 41",4.0,1.0,2.0
LAH16358,HI,Tier 1/2: Deterministic,High,LAH-16358 Level Alarm High on Heavy Naphtha Stripper T- 203 will prompt operator response,N/A,"Heavy Naphtha Stripper Product Pump PM-11689B trips | 6"" manual valve on suction to Heavy Naphtha Stripper Product Pump PM-11689B inadvertently closed | 6"" manual valve on discharge from Heavy Naphtha Stripper Product Pump PM-11689B inadvertently closed | 6"" manual valve on EX-92182 shell side outlet inadvertently closed | LCV-16358 malfunctions closed or upstream/downstream manual valve(s) inadvertently closed | 8"" valve closed on heavy naphtha rundown header from one or both splitter towers","High level in Heavy Naphtha Stripper T-99986, potential to overfill T-99986 back to Combi Tower T-92182, leading to products Kero, Diesel, and AGO going off-spec, operability/product quality issues; Potential financial impact | High level in Heavy Naphtha Stripper T-99986, potential to overfill T-99986 back to Combi Tower T-92182; high differential pressure; Potential to get heavy naphtha liquids in the vapor return line; Potential damage to vapor return piping; Potential release with ignition and personnel impact | Potential Combi Tower T-92182 flooding; leading to products Kero, Diesel, and AGO going off-spec, operability/product quality issues; Potential financial impact | High level in Heavy Naphtha Stripper T-73992/203, potential to overfill T-73992/203 back to Combi Tower T-56446/202, leading to products Kero, Diesel, and AGO going off-spec, operability/product quality issues; Potential financial impact | High level in Heavy Naphtha Stripper T-73992/203, potential to overfill T-73992/203 back to Combi Tower T-56446/202; high differential pressure; Potential to get heavy naphtha liquids in the vapor return line; Potential damage to vapor return piping; Potential release with ignition and personnel impact","Node 24, Node 39",4.0,3.0,2.0
LAH16673,HI,Tier 1/2: Deterministic,High,LAH-16673 High Level Alarm on Recycle Compressor Discharge Scrubber pressure vessel PV- 109 will prompt operator response,N/A,Naphtha Stabilizer Overhead Pump PM- 101A/B trips | Manual valve on suction line to Naphtha Stabilizer Overhead Pump PM-81314A/B inadvertently closed | Manual valve on discharge line from Naphtha Stabilizer Overhead Pump PM-81314A/B inadvertently closed | LCV-92846 malfunctions closed or upstream/downstream valve(s) inadvertently closed | PCV-79326A fails open or bypass valve open | Discharge scrubber pump PM-41064A/B failure | Manual valve on suction to Discharge Scrubber Pump PM-41064A/B inadvertently closed | Manual valve on discharge from Discharge Scrubber Pump PM-41064A/B inadvertently closed | TCV-25485 receives incorrect signal (closes inadvertently),"Loss of flow of Y-Grade to storage, high level in Naphtha Stabilizer Accumulator pressure vessel PV-81314, potential to overfill Recycle Compressor Discharge Scrubber pressure vessel PV-75469 and send liquid to Hot Oil Furnace F-81314 fuel inlet, potential for damage of burners, heater firebox, potential explosion and personnel impact and damage with downtime greater than 52954 days | T-81314 Stabilizer pressure would drop; Potential liquid carryover to the PV-81314 Accumulator; Potential overfill PV-81314 and carryover to Recycle Compressor Discharge Scrubber PV-75469; Potential to overfill PV-75469 and send liquid to Hot Oil Furnace F- 101 fuel inlet, potential for damage of burners, heater firebox, potential explosion and personnel impact and damage with downtime greater than 52954 days | Potential high level in PV-75469 Discharge Scrubber; Potential to overfill PV-75469 and send liquid to Hot Oil Furnace F- 101 fuel inlet, potential for damage of burners, heater firebox, potential explosion and personnel impact and damage with downtime greater than 52954 days | Potential to overfill PV-75469 and send liquid to Hot Oil Furnace F-81314 fuel inlet, potential for damage of burners, heater firebox, potential explosion and personnel impact and damage with downtime greater than 52954 days | Loss of suction to pumps PM-41064A/B with potential cavitation; Potential seal failure with loss of containment, potential ignition and personnel impact | Blocked discharge from pumps PM-41064A/B with potential deadhead; Potential seal failure with loss of containment, potential ignition and personnel impact | Inadvertently sending compressor discharge flow through Gas-to-Gas Exchanger EX-53688, further cooling the discharge gas when not needed; Potential liquid carryover PV-75469 Discharge Scrubber; Potential to overfill PV-75469 and send liquid to Hot Oil Furnace F-81314 fuel inlet, potential for damage of burners, heater firebox, potential explosion and personnel impact and damage with downtime greater than 52954 days","Node 3, Node 9",5.0,2.0,4.0
LAH20382,HI,Tier 1/2: Deterministic,High,LAH-20382 high level alarm on Kero Stripper T-80996 will prompt operator response,N/A,"8"" manual valve on EX-99986 shell side outlet inadvertently closed | 8"" manual valve upstream/downstream of AF-80996 Kero Product Cooler inadvertently closed | LCV-20382 fails open or bypass valve inadvertently open | Plugged Kero Filters | MOV-83653/67516; MOV-51737/94182; MOV- 9232/42 closed on kero inlet to tank TK-61869-11/20 and TK-85935-10 when in rundown | MOV-66277/ 22/ 24 closed on outlet of tank TK-61869-11/20 and TK-85935-10 to Transfer Pump P-1A/B when tank is in transfer to pipeline | MOV-98319/06/07 closed on outlet of tank TK-61869-11/20 and TK-85935-10 to Transfer Pump P-1A/B when tank is in transfer to pipeline | 12"" manual valve blocked on inlet valve to Transfer Pump P-1A/B or strainer plugs | Transfer Pump P-1A/B stops | Blocked 8"" manual outlet valve of Transfer Pump P-1A/B | MOV-50697 fails closed when not performing diesel flush on outlet of pump P-1A/B | MOV-99758 fails closed or 38095"" valve closed on product manifold out of facility","High level in Kero Stripper T-80996; Potential Combi Tower T-92182 flooding; leading to products Diesel and AGO going off-spec, operability/product quality issues; Potential financial impact | High level in Kero Stripper T-80996; Potential Combi Tower T-92182 flooding; high differential pressure; Potential to get kero liquids in the vapor return line; Potential damage to vapor return piping; Potential release with ignition and personnel impact | Inadvertently route all flow through either AF-80996-1 or AF- 204-2; Potential reduced cooling ability, sending higher temperature product to storage tanks; Not enough to exceed design temp of storage tanks (200 degF); Potential reduced flow and potential increased level in Kero Stripper T-80996; Potential high level in Stripper T-80996; Potential Combi Tower T-92182 flooding; high differential pressure; Potential to get kero liquids in the vapor return line; Potential damage to vapor return piping; Potential release with ignition and personnel impact | Inadvertently route all flow through either AF-80996-1 or AF- 204-2; Potential reduced cooling ability, sending higher temperature product to storage tanks; Not enough to exceed design temp of storage tanks (200 degF); Potential reduced flow and potential increased level in Kero Stripper T-80996; Potential high level in Stripper T-80996; Potential Combi Tower T-92182 flooding; leading to products Diesel and AGO going off-spec, operability/product quality issues; Potential financial impact | Potential to flood the Kero Stripper T-80996; Potential to send out liquids in the vapor return line back to the Combi Tower T- 202; Potential damage to vapor return piping; Potential release with ignition and personnel impact | High level in Kero Stripper T-59524/204; Potential Combi Tower T-56446/202 flooding; high differential pressure; Potential to get kero liquids in the vapor return line; Potential damage to vapor return piping; Potential release with ignition and personnel impact | High level in Kero Stripper T-59524/204; Potential Combi Tower T-56446/202 flooding; leading to products Diesel and AGO going off-spec, operability/product quality issues; Potential financial impact | Potential reduced throughput; Potential financial impact | Potential Kero tank overfill (TK-61869-20/11, TK-85935-10); High level in Kero Stripper T-59524/204; Potential Combi Tower T- 102/202 flooding; high differential pressure; Potential to get kero liquids in the vapor return line; Potential damage to vapor return piping; Potential release with ignition and personnel impact | Potential Kero tank overfill (TK-61869-20/11, TK-85935-10); High level in Kero Stripper T-59524/204; Potential Combi Tower T- 102/202 flooding; leading to products Diesel and AGO going off- spec, operability/product quality issues; Potential financial impact","Node 25, Node 40",4.0,2.0,2.0
LAH23446,HI,Tier 1/2: Deterministic,High,LAH-23446 High Level Alarm on Naphtha Stabilizer Accumulator pressure vessel PV-33219 water boot will prompt operator response,N/A,"Naphtha Stabilizer Overhead Pump PM- 201A/B trips | Manual valve on suction line to Naphtha Stabilizer Overhead Pump PM-33219A/B inadvertently closed | Manual valve on discharge line from Naphtha Stabilizer Overhead Pump PM-33219A/B inadvertently closed | PCV-10975A fails open or bypass valve open | Large slug of water enters system in condensate | FCV-56093/18310 malfunctions open. | Both Wash Water Pumps PM-77069A/B on at the same time | LCV-99511/28130 fails closed or manual valve in water outlet line inadvertently closed. | Plugged exchanger EX-87095A/B/C or manual valve(s) on inlet/outlet of exchanger inadvertently closed | Plugged waste water cooler (AF-75469, AF- 209). | FCV-18721 malfunctions open or bypass valve inadvertently opened | 2"" manual valve on waste water (downstream of Mud Wash Pumps PM-35808B/C) inadvertently opened | Tank inlet line inadvertently closed.","Loss of flow of Y-Grade to storage, high level in Naphtha Stabilizer Accumulator pressure vessel PV-33219, potential to overfill Recycle Compressor Discharge Scrubber pressure vessel PV-99938 and send liquid to Hot Oil Furnace F-33219 fuel inlet, potential for damage of burners, heater firebox, potential explosion and personnel impact and damage with downtime greater than 52954 days | T-33219 Stabilizer pressure would drop; Potential liquid carryover to the PV-33219 Accumulator; Potential overfill PV-33219 and carryover to Recycle Compressor Discharge Scrubber PV-99938; Potential to overfill PV-99938 and send liquid to Hot Oil Furnace F- 201 fuel inlet, potential for damage of burners, heater firebox, potential explosion and personnel impact and damage with downtime greater than 52954 days | Potential to discharge water from desalter to the splitter process. Potential vaporization of water in downstream naphtha stabilizer and combi tower. Potential overpressure of T-81314/201, loss of containment, ignition and personnel impact | Potential build up of level in Desalter; Potential to discharge water from desalter to the splitter process. Potential vaporization of water in downstream naphtha stabilizer and combi tower. Potential overpressure of T-81314/201, loss of containment, ignition and personnel impact | Inadvertently route mud wash to the outlet of the Desalter D-81314/201, ultimately sending flow to the Stabilizer Towers T- 101/201; Potential vaporization of water in downstream naphtha stabilizer and combi tower. Potential overpressure of T-81314/201, loss of containment, ignition and personnel impact","Node 21, Node 27, Node 34, Node 35, Node 36, Node 37, Node 45",5.0,1.0,2.0
PV33219,HI,Tier 1/2: Deterministic,High,LAH-23446 High Level Alarm on Naphtha Stabilizer Accumulator pressure vessel PV-33219 water boot will prompt operator response,N/A,"Naphtha Stabilizer Overhead Pump PM- 201A/B trips | Manual valve on suction line to Naphtha Stabilizer Overhead Pump PM-33219A/B inadvertently closed | Manual valve on discharge line from Naphtha Stabilizer Overhead Pump PM-33219A/B inadvertently closed | PCV-10975A fails open or bypass valve open | Large slug of water enters system in condensate | FCV-56093/18310 malfunctions open. | Both Wash Water Pumps PM-77069A/B on at the same time | LCV-99511/28130 fails closed or manual valve in water outlet line inadvertently closed. | Plugged exchanger EX-87095A/B/C or manual valve(s) on inlet/outlet of exchanger inadvertently closed | Plugged waste water cooler (AF-75469, AF- 209). | FCV-18721 malfunctions open or bypass valve inadvertently opened | 2"" manual valve on waste water (downstream of Mud Wash Pumps PM-35808B/C) inadvertently opened | Tank inlet line inadvertently closed.","Loss of flow of Y-Grade to storage, high level in Naphtha Stabilizer Accumulator pressure vessel PV-33219, potential to overfill Recycle Compressor Discharge Scrubber pressure vessel PV-99938 and send liquid to Hot Oil Furnace F-33219 fuel inlet, potential for damage of burners, heater firebox, potential explosion and personnel impact and damage with downtime greater than 52954 days | T-33219 Stabilizer pressure would drop; Potential liquid carryover to the PV-33219 Accumulator; Potential overfill PV-33219 and carryover to Recycle Compressor Discharge Scrubber PV-99938; Potential to overfill PV-99938 and send liquid to Hot Oil Furnace F- 201 fuel inlet, potential for damage of burners, heater firebox, potential explosion and personnel impact and damage with downtime greater than 52954 days | Potential to discharge water from desalter to the splitter process. Potential vaporization of water in downstream naphtha stabilizer and combi tower. Potential overpressure of T-81314/201, loss of containment, ignition and personnel impact | Potential build up of level in Desalter; Potential to discharge water from desalter to the splitter process. Potential vaporization of water in downstream naphtha stabilizer and combi tower. Potential overpressure of T-81314/201, loss of containment, ignition and personnel impact | Inadvertently route mud wash to the outlet of the Desalter D-81314/201, ultimately sending flow to the Stabilizer Towers T- 101/201; Potential vaporization of water in downstream naphtha stabilizer and combi tower. Potential overpressure of T-81314/201, loss of containment, ignition and personnel impact","Node 21, Node 27, Node 34, Node 35, Node 36, Node 37, Node 45",5.0,1.0,2.0
LAH25274,HI,Tier 1/2: Deterministic,High,LAH-25274 High Level Alarm on Recycle Compressor Discharge Scrubber pressure vessel PV- 109 will prompt operator response,N/A,Naphtha Stabilizer Overhead Pump PM- 101A/B trips | Manual valve on suction line to Naphtha Stabilizer Overhead Pump PM-81314A/B inadvertently closed | Manual valve on discharge line from Naphtha Stabilizer Overhead Pump PM-81314A/B inadvertently closed | LCV-92846 malfunctions closed or upstream/downstream valve(s) inadvertently closed | PCV-79326A fails open or bypass valve open | Discharge scrubber pump PM-41064A/B failure | Manual valve on suction to Discharge Scrubber Pump PM-41064A/B inadvertently closed | Manual valve on discharge from Discharge Scrubber Pump PM-41064A/B inadvertently closed | TCV-25485 receives incorrect signal (closes inadvertently),"Loss of flow of Y-Grade to storage, high level in Naphtha Stabilizer Accumulator pressure vessel PV-81314, potential to overfill Recycle Compressor Discharge Scrubber pressure vessel PV-75469 and send liquid to Hot Oil Furnace F-81314 fuel inlet, potential for damage of burners, heater firebox, potential explosion and personnel impact and damage with downtime greater than 52954 days | T-81314 Stabilizer pressure would drop; Potential liquid carryover to the PV-81314 Accumulator; Potential overfill PV-81314 and carryover to Recycle Compressor Discharge Scrubber PV-75469; Potential to overfill PV-75469 and send liquid to Hot Oil Furnace F- 101 fuel inlet, potential for damage of burners, heater firebox, potential explosion and personnel impact and damage with downtime greater than 52954 days | Potential high level in PV-75469 Discharge Scrubber; Potential to overfill PV-75469 and send liquid to Hot Oil Furnace F- 101 fuel inlet, potential for damage of burners, heater firebox, potential explosion and personnel impact and damage with downtime greater than 52954 days | Potential to overfill PV-75469 and send liquid to Hot Oil Furnace F-81314 fuel inlet, potential for damage of burners, heater firebox, potential explosion and personnel impact and damage with downtime greater than 52954 days | Loss of suction to pumps PM-41064A/B with potential cavitation; Potential seal failure with loss of containment, potential ignition and personnel impact | Blocked discharge from pumps PM-41064A/B with potential deadhead; Potential seal failure with loss of containment, potential ignition and personnel impact | Inadvertently sending compressor discharge flow through Gas-to-Gas Exchanger EX-53688, further cooling the discharge gas when not needed; Potential liquid carryover PV-75469 Discharge Scrubber; Potential to overfill PV-75469 and send liquid to Hot Oil Furnace F-81314 fuel inlet, potential for damage of burners, heater firebox, potential explosion and personnel impact and damage with downtime greater than 52954 days","Node 3, Node 9",5.0,2.0,4.0
LAH31632,HI,Tier 1/2: Deterministic,High,LAH-31632 high level alarm on D-81314 will prompt operator response,N/A,"High water level in Desalter D-81314/201 | LCV-99511/28130 fails closed or manual valve in water outlet line inadvertently closed. | Plugged exchanger EX-87095A/B/C or manual valve(s) on inlet/outlet of exchanger inadvertently closed | Plugged waste water cooler (AF-75469, AF- 209). | FCV-18721 malfunctions open or bypass valve inadvertently opened","Potential to damage the Desalter grids DT-81314A/B/C or DT-33219A/B/C; Potential financial impact | Potential waste water on the Desalter grids DT-81314A/B/C or DT-33219A/B/C, potential to damage","Node 34, Node 36, Node 37",2.0,3.0,2.0
LAH33207,HI,Tier 1/2: Deterministic,High,LAH-33207 high level alarm on Stabilizer T-33219 will prompt operator response,N/A,Flow control valve FCV-89309 fails open or bypass valve inadvertently opened | PCV-55414/40591 (back pressure control valve) fails open or bypass inadvertently open | All pumps PM-53688A/B/C online,"Increased feed to Naphtha Stabilizer Column T-33219, reduced temperature in T-33219, potential for off-spec product, potential financial impact | Potential loss of pressure in Desalter D-81314/201; Potential increased level in T-81314/201, potential loss of heat in T-81314/201; Potential product quality issues; Potential to pressure up the Combi Tower T-56446/202; Potential to overpressure T-56446/202 with loss of containment, potential ignition and personnel impact | Increased feed to Naphtha Stabilizer Column T-81314/201, reduced temperature in T-81314/201, potential for off-spec product, potential financial impact","Node 19, Node 34, Node 43",4.0,3.0,2.0
LAH34380,HI,Tier 1/2: Deterministic,High,LAH-34380 high level alarm on PV-92182 Accumulator will prompt operator response,N/A,"Combi Tower Overhead Pumps PM- 203A/B trip | 12"" manual valve on inlet to Combi Tower Overhead Pumps PM-99986A/B inadvertently closed | 10"" manual valve on outlet from Combi Tower Overhead Pumps PM-99986A/B inadvertently closed | FCV-48098 reflux control valve fails closed or upstream/downstream manual valve(s) inadvertently closed | 6"" manual valve on shell side outlet from EX-33219 inadvertently closed | FCV-48098 reflux valve fails open or bypass valve open | Level control valve LCV-34380 light naphtha to storage fails open or bypass opened | Suction Scrubber pressure vessel PV-11354 demister pad saturated | PCV-36763A malfunctions open or bypass inadvertently open | Suction scrubber pump PM-91045A/B failure | Manual valve(s) on suction to Suction scrubber pump PM-91045A/B inadvertently closed | Manual valve(s) on discharge from Suction scrubber pump PM-91045A/B inadvertently closed","Inability to send liquids out of PV-92182 Accumulator; Potential to overfill the Recycle Gas Compressor Suction Scrubber PV-11354 and send liquids to the RGC; Potential to damage compressor leading to financial impact | Loss of reflux flow resulting in loss of cooling in Combi Tower T-92182, eventual increase in pressure, and potential to overpressure column, loss of containment, potential ignition and personnel impact | Potential to build up liquid level in PV-92182 Accumulator; Potential to overfill the Recycle Gas Compressor Suction Scrubber PV-11354 and send liquids to the RGC; Potential to damage compressor leading to financial impact | Loss of light naphtha product to storage; Potential financial impact | Excess reflux sent to Combi Tower T-92182, potential increase in pressure, and potential to overpressure column, loss of containment, potential ignition and personnel impact | Potential loss of level in Accumulator PV-92182; Loss of suction to Combi Tower Overhead Pumps PM-99986A/B; Potential to cavitate pumps resulting in potential seal failure, loss of containment, potential ignition and personnel impact | Slow increase in pressure on Combi Tower T-92182; Potential carryover of water to RGC Potential to damage compressor leading to financial impact | Reduced pressure in Combi Tower T-92182, increased level in Combi Tower Accumulator pressure vessel PV-92182; Potential to overfill PV-92182 and carryover to Recycle Gas Compressor Suction Scrubber PV-11354; Potential to overfill PV-11354 and send liquids to the RGC; Potential to damage compressor leading to financial impact | Potential high level in Recycle Gas Compressor Suction Scrubber PV-11354; Potential to overfill PV-11354 and send liquids to the RGC; Potential to damage compressor leading to financial impact","Node 23, Node 27",4.0,2.0,2.0
PV92182,HI,Tier 1/2: Deterministic,High,LAH-34380 high level alarm on PV-92182 Accumulator will prompt operator response,N/A,"Combi Tower Overhead Pumps PM- 203A/B trip | 12"" manual valve on inlet to Combi Tower Overhead Pumps PM-99986A/B inadvertently closed | 10"" manual valve on outlet from Combi Tower Overhead Pumps PM-99986A/B inadvertently closed | FCV-48098 reflux control valve fails closed or upstream/downstream manual valve(s) inadvertently closed | 6"" manual valve on shell side outlet from EX-33219 inadvertently closed | FCV-48098 reflux valve fails open or bypass valve open | Level control valve LCV-34380 light naphtha to storage fails open or bypass opened | Suction Scrubber pressure vessel PV-11354 demister pad saturated | PCV-36763A malfunctions open or bypass inadvertently open | Suction scrubber pump PM-91045A/B failure | Manual valve(s) on suction to Suction scrubber pump PM-91045A/B inadvertently closed | Manual valve(s) on discharge from Suction scrubber pump PM-91045A/B inadvertently closed","Inability to send liquids out of PV-92182 Accumulator; Potential to overfill the Recycle Gas Compressor Suction Scrubber PV-11354 and send liquids to the RGC; Potential to damage compressor leading to financial impact | Loss of reflux flow resulting in loss of cooling in Combi Tower T-92182, eventual increase in pressure, and potential to overpressure column, loss of containment, potential ignition and personnel impact | Potential to build up liquid level in PV-92182 Accumulator; Potential to overfill the Recycle Gas Compressor Suction Scrubber PV-11354 and send liquids to the RGC; Potential to damage compressor leading to financial impact | Loss of light naphtha product to storage; Potential financial impact | Excess reflux sent to Combi Tower T-92182, potential increase in pressure, and potential to overpressure column, loss of containment, potential ignition and personnel impact | Potential loss of level in Accumulator PV-92182; Loss of suction to Combi Tower Overhead Pumps PM-99986A/B; Potential to cavitate pumps resulting in potential seal failure, loss of containment, potential ignition and personnel impact | Slow increase in pressure on Combi Tower T-92182; Potential carryover of water to RGC Potential to damage compressor leading to financial impact | Reduced pressure in Combi Tower T-92182, increased level in Combi Tower Accumulator pressure vessel PV-92182; Potential to overfill PV-92182 and carryover to Recycle Gas Compressor Suction Scrubber PV-11354; Potential to overfill PV-11354 and send liquids to the RGC; Potential to damage compressor leading to financial impact | Potential high level in Recycle Gas Compressor Suction Scrubber PV-11354; Potential to overfill PV-11354 and send liquids to the RGC; Potential to damage compressor leading to financial impact","Node 23, Node 27",4.0,2.0,2.0
LAH42754,HI,Tier 1/2: Deterministic,High,LAH-42754 high level alarm on TK-56446 will prompt operator response,N/A,Contact Water Sump Pump PM-48584A/B trip | Manual valve on discharge from Contact Water Sump Pump PM-48584A/B inadvertently closed,Potential to overfill Contact Water Sump TK-56446; Potential release through TK-56446 atmospheric vent; Potential to flood unit with potential environmental impact,Node 16,2.0,3.0,2.0
LAH42754,HI,Tier 1/2: Deterministic,High,LAH-42754 high level alarm on TK-56446 will prompt operator response and will turn on both pumps PM- 115A/B,N/A,Check valve failure | Trash in sump (for example from vacuum trucks) can plug pump screen or damage pump,Flow of contact water into TK-56446 from Tank 5; Potential to overfill TK-56446; Potential release through TK-56446 atmospheric vent; Potential to flood unit with potential environmental impact | Potential loss of pumping capacity; Potential to overfill TK-56446; Potential release through TK-56446 atmospheric vent; Potential to flood unit with potential environmental impact,Node 16,2.0,3.0,2.0
LAH44082,HI,Tier 1/2: Deterministic,High,LAH-44082 high level alarm on Diesel Stripper T-11689 will prompt operator response,N/A,"Diesel Stripper Product Pumps PM- 207A/B trips | Manual valve closed on suction to Diesel Stripper Product Pumps PM-11354A/B or basket strainers plugged on suction piping | Manual valve closed on discharge from Diesel Stripper Product Pumps PM-11354A/B | 6"" manual valve on EX-80996 shell side outlet inadvertently closed | 6"" manual valve(s) upstream/downstream AF-48495 Diesel Product Cooler inadvertently closed | 8"" valve closed on diesel rundown header from one or both splitter towers","High level in Diesel Stripper T-11689; Inability to draw off diesel from Combi Tower T-92182; Potential to ultimately flood level in T-92182; Potential to send liquids in the vapor return lines; Potential damage to vapor return piping; Potential release with ignition and personnel impact | Potential to cavitate pumps PM-11354A/B; Potential seal failure; Potential loss of containment, ignition and personnel impact | Potential to deadhead pumps PM-11354A/B; Potential seal failure; Potential loss of containment, ignition and personnel impact | High level in Diesel Stripper T-17647/205; Inability to draw off diesel from Combi Tower T-56446/202; Potential to ultimately flood level in T-56446/202; Potential to send liquids in the vapor return lines; Potential damage to vapor return piping; Potential release with ignition and personnel impact","Node 26, Node 41",4.0,1.0,2.0
LAH44899,HI,Tier 1/2: Deterministic,High,LAH-44899 High Level Alarm on Hot Oil Surge Tank pressure vessel PV-73992 will prompt operator response,N/A,Tube leak/rupture on Heat exchanger EX- 107A/B (hot oil pumps shutdown),Potential to contaminate hot oil with product; Potential coking of Hot Oil Heater F-81314 tubes over time with potential tube failure; Potential financial impact,Node 2,3.0,2.0,2.0
PV73992,HI,Tier 1/2: Deterministic,High,LAH-44899 High Level Alarm on Hot Oil Surge Tank pressure vessel PV-73992 will prompt operator response,N/A,Tube leak/rupture on Heat exchanger EX- 107A/B (hot oil pumps shutdown),Potential to contaminate hot oil with product; Potential coking of Hot Oil Heater F-81314 tubes over time with potential tube failure; Potential financial impact,Node 2,3.0,2.0,2.0
LAH47122,HI,Tier 1/2: Deterministic,High,LAH-47122 high level alarm on TK-48603 will prompt operator response,N/A,Reverse flow of condensate into the demulsifier injection system (Condensate Booster Pump PM-77434A/B/C trip) | Overfilling TK-48603 Demulsifier Chemical Storage Tank,Potential to overfill demulsifier tank TK-48603; Potential release of condensate and demulsifier into area; Potential ignition and personnel impact | Potential release of demulsifier to surrounding area with potential environmental impact,Node 34,4.0,3.0,2.0
LAH60053,HI,Tier 1/2: Deterministic,High,LAH-60053 High Level Alarm on Combi Tower T-92182 will prompt operator response,N/A,"Combi Tower Bottoms Product Pump PM- 204A/B trips | Manual valve on discharge from Combi Tower Bottoms Product Pump PM-80996A/B inadvertently closed | 6"" manual valve from EX-11689 inadvertently closed | TCV-78020B malfunctions closed or upstream/downstream manual valve(s) inadvertently closed | 6"" manual valve on inlet to AF-99986 Bottoms Product Cooler inadvertently closed | 6"" manual valve on outlet from AF-99986 Bottoms Product Cooler inadvertently closed | TCV-47043A malfunctions closed or upstream/downstream manual valve(s) inadvertently closed | FCV-80717 malfunctions closed or upstream/downstream manual valve(s) inadvertently closed or 8"" manual valve on kero product to rerun inadvertently closed | Level control valve LCV-44082 fails closed or T-92182 tower tray plugs | Diesel Stripper Product Pumps PM- 207A/B trips | Manual valve closed on suction to Diesel Stripper Product Pumps PM-11354A/B or basket strainers plugged on suction piping | Manual valve closed on discharge from Diesel Stripper Product Pumps PM-11354A/B | 6"" manual valve on EX-80996 shell side outlet inadvertently closed | 6"" manual valve(s) upstream/downstream AF-48495 Diesel Product Cooler inadvertently closed | FCV-73508 malfunctions closed or upstream/downstream manual valve(s) inadvertently closed | 8"" valve closed on diesel rundown header from one or both splitter towers | Manual valve closed on AGO rundown header from one or both splitter towers | 8"" Manual valve closed on Rerun header from one or both splitter towers","High level in Combi Tower T-92182; Potential to overfill T- 202; Potential to overfill the Recycle Gas Compressor Suction Scrubber PV-11354 and send liquids to the RGC; Potential to damage compressor leading to financial impact | Product flow out from the shell side of EX-11689 blocked; No overpressure concerns, as the max pressure from the upstream pumps PM-80996A/B is 59524 psig, and the shell side is MAWP 14664 psig; High level in Combi Tower T-92182; Potential to overfill T-92182; Potential to overfill the Recycle Gas Compressor Suction Scrubber PV-11354 and send liquids to the RGC; Potential to damage compressor leading to financial impact | Potential to back-up flow to Combi Tower; High level in Combi Tower T-92182; Potential to overfill T-92182; Potential to overfill the Recycle Gas Compressor Suction Scrubber PV-11354 and send liquids to the RGC; Potential to damage compressor leading to financial impact | Potential Combi Tower T-56446 flooding; high differential pressure; Potential to get kero liquids in the vapor return line; Potential damage to vapor return piping; Potential release with ignition and personnel impact | Potential to drop diesel into the bottom of the Combi Tower T-92182, potential to send out diesel with the AGO; Potential to ultimately flood level in T-92182; Potential to send liquids in the vapor return lines; Potential damage to vapor return piping; Potential release with ignition and personnel impact | High level in Diesel Stripper T-11689; Inability to draw off diesel from Combi Tower T-92182; Potential to ultimately flood level in T-92182; Potential to send liquids in the vapor return lines; Potential damage to vapor return piping; Potential release with ignition and personnel impact | High level in Diesel Stripper T-17647/205; Inability to draw off diesel from Combi Tower T-56446/202; Potential to ultimately flood level in T-56446/202; Potential to send liquids in the vapor return lines; Potential damage to vapor return piping; Potential release with ignition and personnel impact | High level in Combi Tower T-56446/202; Potential to overfill T-56446/202; Potential to overfill the Recycle Gas Compressor Suction Scrubber PV-60820/207 and send liquids to the RGC; Potential to damage compressor leading to financial impact","Node 22, Node 25, Node 26, Node 41, Node 42, Node 44",4.0,2.0,3.0
LAH61373,HI,Tier 1/2: Deterministic,High,LAH-61373 high level alarm on TK-92182 will prompt operator response,N/A,Contact Water Sump Pump PM-33637A/B trip | Manual valve on discharge from Contact Water Sump Pump PM-33637A/B inadvertently closed,Potential to overfill Contact Water Sump TK-92182; Potential release through TK-92182 atmospheric vent; Potential to flood unit with potential environmental impact,Node 32,2.0,3.0,2.0
LAH61373,HI,Tier 1/2: Deterministic,High,LAH-61373 high level alarm on TK-92182 will prompt operator response and will turn on both pumps PM- 215A/B,N/A,Check valve failure | Trash in sump (for example from vacuum trucks) can plug pump screen or damage pump,Flow of contact water into TK-92182 from Tank 5; Potential to overfill TK-92182; Potential release through TK-92182 atmospheric vent; Potential to flood unit with potential environmental impact | Potential loss of pumping capacity; Potential to overfill TK-92182; Potential release through TK-92182 atmospheric vent; Potential to flood unit with potential environmental impact,Node 32,2.0,3.0,2.0
LAH62100,HI,Tier 1/2: Deterministic,High,LAH-62100 high level alarm on PV-56446 Accumulator will prompt operator response,N/A,"Combi Tower Overhead Pumps PM- 103A/B trip | 12"" manual valve on inlet to Combi Tower Overhead Pumps PM-73992A/B inadvertently closed | 10"" manual valve on outlet from Combi Tower Overhead Pumps PM-73992A/B inadvertently closed | FCV-28836 reflux control valve fails closed or upstream/downstream manual valve(s) inadvertently closed | 6"" manual valve on shell side outlet from EX-81314 inadvertently closed | Suction Scrubber pressure vessel PV-60820 demister pad saturated | PCV-10363A malfunctions open or bypass inadvertently open | Suction scrubber pump PM-87095A/B failure | Manual valve(s) on suction to Suction scrubber pump PM-87095A/B inadvertently closed | Manual valve(s) on discharge from Suction scrubber pump PM-87095A/B inadvertently closed","Inability to send liquids out of PV-56446 Accumulator; Potential to overfill the Recycle Gas Compressor Suction Scrubber PV-60820 and send liquids to the RGC; Potential to damage compressor leading to financial impact | Loss of reflux flow resulting in loss of cooling in Combi Tower T-56446, eventual increase in pressure, and potential to overpressure column, loss of containment, potential ignition and personnel impact | Potential to build up liquid level in PV-56446 Accumulator; Potential to overfill the Recycle Gas Compressor Suction Scrubber PV-60820 and send liquids to the RGC; Potential to damage compressor leading to financial impact | Loss of light naphtha product to storage; Potential financial impact | Slow increase in pressure on Combi Tower T-56446; Potential carryover of water to RGC Potential to damage compressor leading to financial impact | Reduced pressure in Combi Tower T-56446, increased level in Combi Tower Accumulator pressure vessel PV-56446; Potential to overfill PV-56446 and carryover to Recycle Gas Compressor Suction Scrubber PV-60820; Potential to overfill PV-60820 and send liquids to the RGC; Potential to damage compressor leading to financial impact | Potential high level in Recycle Gas Compressor Suction Scrubber PV-60820; Potential to overfill PV-60820 and send liquids to the RGC; Potential to damage compressor leading to financial impact","Node 5, Node 9",4.0,2.0,2.0
PV56446,HI,Tier 1/2: Deterministic,High,LAH-62100 high level alarm on PV-56446 Accumulator will prompt operator response,N/A,"Combi Tower Overhead Pumps PM- 103A/B trip | 12"" manual valve on inlet to Combi Tower Overhead Pumps PM-73992A/B inadvertently closed | 10"" manual valve on outlet from Combi Tower Overhead Pumps PM-73992A/B inadvertently closed | FCV-28836 reflux control valve fails closed or upstream/downstream manual valve(s) inadvertently closed | 6"" manual valve on shell side outlet from EX-81314 inadvertently closed | Suction Scrubber pressure vessel PV-60820 demister pad saturated | PCV-10363A malfunctions open or bypass inadvertently open | Suction scrubber pump PM-87095A/B failure | Manual valve(s) on suction to Suction scrubber pump PM-87095A/B inadvertently closed | Manual valve(s) on discharge from Suction scrubber pump PM-87095A/B inadvertently closed","Inability to send liquids out of PV-56446 Accumulator; Potential to overfill the Recycle Gas Compressor Suction Scrubber PV-60820 and send liquids to the RGC; Potential to damage compressor leading to financial impact | Loss of reflux flow resulting in loss of cooling in Combi Tower T-56446, eventual increase in pressure, and potential to overpressure column, loss of containment, potential ignition and personnel impact | Potential to build up liquid level in PV-56446 Accumulator; Potential to overfill the Recycle Gas Compressor Suction Scrubber PV-60820 and send liquids to the RGC; Potential to damage compressor leading to financial impact | Loss of light naphtha product to storage; Potential financial impact | Slow increase in pressure on Combi Tower T-56446; Potential carryover of water to RGC Potential to damage compressor leading to financial impact | Reduced pressure in Combi Tower T-56446, increased level in Combi Tower Accumulator pressure vessel PV-56446; Potential to overfill PV-56446 and carryover to Recycle Gas Compressor Suction Scrubber PV-60820; Potential to overfill PV-60820 and send liquids to the RGC; Potential to damage compressor leading to financial impact | Potential high level in Recycle Gas Compressor Suction Scrubber PV-60820; Potential to overfill PV-60820 and send liquids to the RGC; Potential to damage compressor leading to financial impact","Node 5, Node 9",4.0,2.0,2.0
LAH70445,HI,Tier 1/2: Deterministic,High,LAH-70445 high level alarm on Stabilizer T-81314 will prompt operator response,N/A,Flow control valve FCV-73778 fails open or bypass valve inadvertently opened | PCV-55414/40591 (back pressure control valve) fails open or bypass inadvertently open | All pumps PM-53688A/B/C online,"Increased feed to Naphtha Stabilizer Column T-81314, reduced temperature in T-81314, potential for off-spec product, potential financial impact | Potential loss of pressure in Desalter D-81314/201; Potential increased level in T-81314/201, potential loss of heat in T-81314/201; Potential product quality issues; Potential to pressure up the Combi Tower T-56446/202; Potential to overpressure T-56446/202 with loss of containment, potential ignition and personnel impact | Increased feed to Naphtha Stabilizer Column T-81314/201, reduced temperature in T-81314/201, potential for off-spec product, potential financial impact","Node 1, Node 34, Node 43",4.0,3.0,2.0
LAH74017,HI,Tier 1/2: Deterministic,High,LAH-74017 high level alarm on Kero Stripper T-59524 will prompt operator response,N/A,"Kero Stripper Product Pump PM-76255A/B trips or loss of power | Manual valve closed inadvertently in Kero Stripper Product Pump PM-76255A/B suction or basket strainers on suction lines plugged | Manual valve closed inadvertently in Kero Stripper Product Pump PM-76255A/B discharge | 8"" manual valve on EX-73992 shell side outlet inadvertently closed | 8"" manual valve upstream/downstream of AF-59524 Kero Product Cooler inadvertently closed | LCV-74017 fails open or bypass valve inadvertently open | Plugged Kero Filters | MOV-83653/67516; MOV-51737/94182; MOV- 9232/42 closed on kero inlet to tank TK-61869-11/20 and TK-85935-10 when in rundown | MOV-66277/ 22/ 24 closed on outlet of tank TK-61869-11/20 and TK-85935-10 to Transfer Pump P-1A/B when tank is in transfer to pipeline | MOV-98319/06/07 closed on outlet of tank TK-61869-11/20 and TK-85935-10 to Transfer Pump P-1A/B when tank is in transfer to pipeline | 12"" manual valve blocked on inlet valve to Transfer Pump P-1A/B or strainer plugs | Transfer Pump P-1A/B stops | Blocked 8"" manual outlet valve of Transfer Pump P-1A/B | MOV-50697 fails closed when not performing diesel flush on outlet of pump P-1A/B | MOV-99758 fails closed or 38095"" valve closed on product manifold out of facility","High level in Kero Stripper T-59524; Potential Combi Tower T-56446 flooding; high differential pressure; Potential to get kero liquids in the vapor return line; Potential damage to vapor return piping; Potential release with ignition and personnel impact | High level in Kero Stripper T-59524; Potential Combi Tower T-56446 flooding; leading to products Diesel and AGO going off-spec, operability/product quality issues; Potential financial impact | Inadvertently route all flow through either AF-59524-1 or AF- 104-2; Potential reduced cooling ability, sending higher temperature product to storage tanks; Not enough to exceed design temp of storage tanks (200 degF); Potential reduced flow and potential increased level in Kero Stripper T-59524; Potential high level in Stripper T-59524; Potential Combi Tower T-56446 flooding; high differential pressure; Potential to get kero liquids in the vapor return line; Potential damage to vapor return piping; Potential release with ignition and personnel impact | Inadvertently route all flow through either AF-59524-1 or AF- 104-2; Potential reduced cooling ability, sending higher temperature product to storage tanks; Not enough to exceed design temp of storage tanks (200 degF); Potential reduced flow and potential increased level in Kero Stripper T-59524; Potential high level in Stripper T-59524; Potential Combi Tower T-56446 flooding; leading to products Diesel and AGO going off-spec, operability/product quality issues; Potential financial impact | Potential to flood the Kero Stripper T-59524; Potential to send out liquids in the vapor return line back to the Combi Tower T-56446; Potential damage to vapor return piping; Potential release with ignition and personnel impact | High level in Kero Stripper T-59524/204; Potential Combi Tower T-56446/202 flooding; high differential pressure; Potential to get kero liquids in the vapor return line; Potential damage to vapor return piping; Potential release with ignition and personnel impact | High level in Kero Stripper T-59524/204; Potential Combi Tower T-56446/202 flooding; leading to products Diesel and AGO going off-spec, operability/product quality issues; Potential financial impact | Potential reduced throughput; Potential financial impact | Potential Kero tank overfill (TK-61869-20/11, TK-85935-10); High level in Kero Stripper T-59524/204; Potential Combi Tower T- 102/202 flooding; high differential pressure; Potential to get kero liquids in the vapor return line; Potential damage to vapor return piping; Potential release with ignition and personnel impact | Potential Kero tank overfill (TK-61869-20/11, TK-85935-10); High level in Kero Stripper T-59524/204; Potential Combi Tower T- 102/202 flooding; leading to products Diesel and AGO going off- spec, operability/product quality issues; Potential financial impact","Node 7, Node 40",4.0,2.0,2.0
LAH74310,HI,Tier 1/2: Deterministic,High,LAH-74310 high level alarm on D-33219 will prompt operator response,N/A,"High water level in Desalter D-81314/201 | LCV-99511/28130 fails closed or manual valve in water outlet line inadvertently closed. | Plugged exchanger EX-87095A/B/C or manual valve(s) on inlet/outlet of exchanger inadvertently closed | Plugged waste water cooler (AF-75469, AF- 209). | FCV-18721 malfunctions open or bypass valve inadvertently opened","Potential to damage the Desalter grids DT-81314A/B/C or DT-33219A/B/C; Potential financial impact | Potential waste water on the Desalter grids DT-81314A/B/C or DT-33219A/B/C, potential to damage","Node 34, Node 36, Node 37",2.0,3.0,2.0
LAH81570,HI,Tier 1/2: Deterministic,High,LAH-81570 Level Alarm High on Heavy Naphtha Stripper T- 103 will prompt operator response,N/A,"Heavy Naphtha Stripper Product Pump PM- 105B trips | 6"" manual valve on suction to Heavy Naphtha Stripper Product Pump PM-17647B inadvertently closed | 6"" manual valve on discharge from Heavy Naphtha Stripper Product Pump PM-17647B inadvertently closed | 6"" manual valve on EX-56446 shell side outlet inadvertently closed | 8"" valve closed on heavy naphtha rundown header from one or both splitter towers","High level in Heavy Naphtha Stripper T-73992, potential to overfill T-73992 back to Combi Tower T-56446, leading to products Kero, Diesel, and AGO going off-spec, operability/product quality issues; Potential financial impact | High level in Heavy Naphtha Stripper T-73992, potential to overfill T-73992 back to Combi Tower T-56446; high differential pressure; Potential to get heavy naphtha liquids in the vapor return line; Potential damage to vapor return piping; Potential release with ignition and personnel impact | High level in Heavy Naphtha Stripper T-73992/203, potential to overfill T-73992/203 back to Combi Tower T-56446/202, leading to products Kero, Diesel, and AGO going off-spec, operability/product quality issues; Potential financial impact | High level in Heavy Naphtha Stripper T-73992/203, potential to overfill T-73992/203 back to Combi Tower T-56446/202; high differential pressure; Potential to get heavy naphtha liquids in the vapor return line; Potential damage to vapor return piping; Potential release with ignition and personnel impact","Node 6, Node 39",4.0,3.0,2.0
LAH87455,HI,Tier 1/2: Deterministic,High,LAH-87455 High level alarm on Hot Oil Surge Tank PV-99986 will prompt operator response,N/A,Tube leak/rupture on Heat exchanger EX-11354A/B (hot oil pumps shutdown),Potential to contaminate hot oil with product; Potential coking of Hot Oil Heater F-33219 tubes over time with potential tube failure; Potential financial impact,Node 20,3.0,2.0,2.0
PV99986,HI,Tier 1/2: Deterministic,High,LAH-87455 High level alarm on Hot Oil Surge Tank PV-99986 will prompt operator response,N/A,Tube leak/rupture on Heat exchanger EX-11354A/B (hot oil pumps shutdown),Potential to contaminate hot oil with product; Potential coking of Hot Oil Heater F-33219 tubes over time with potential tube failure; Potential financial impact,Node 20,3.0,2.0,2.0
LAH94325,HI,Tier 1/2: Deterministic,High,LAH-94325 High level alarm on Recycle Compressor Discharge Scrubber pressure vessel PV-99938 will prompt operator response,N/A,Naphtha Stabilizer Overhead Pump PM- 201A/B trips | Manual valve on suction line to Naphtha Stabilizer Overhead Pump PM-33219A/B inadvertently closed | Manual valve on discharge line from Naphtha Stabilizer Overhead Pump PM-33219A/B inadvertently closed | LCV-26713 malfunctions closed or upstream/downstream valve(s) inadvertently closed | PCV-10975A fails open or bypass valve open | Discharge scrubber pump PM-28116A/B failure | Manual valve on suction to Discharge Scrubber Pump PM-28116A/B inadvertently closed | Manual valve on discharge from Discharge Scrubber Pump PM-28116A/B inadvertently closed | TCV-40186 receives incorrect signal (closes inadvertently),"Loss of flow of Y-Grade to storage, high level in Naphtha Stabilizer Accumulator pressure vessel PV-33219, potential to overfill Recycle Compressor Discharge Scrubber pressure vessel PV-99938 and send liquid to Hot Oil Furnace F-33219 fuel inlet, potential for damage of burners, heater firebox, potential explosion and personnel impact and damage with downtime greater than 52954 days | T-33219 Stabilizer pressure would drop; Potential liquid carryover to the PV-33219 Accumulator; Potential overfill PV-33219 and carryover to Recycle Compressor Discharge Scrubber PV-99938; Potential to overfill PV-99938 and send liquid to Hot Oil Furnace F- 201 fuel inlet, potential for damage of burners, heater firebox, potential explosion and personnel impact and damage with downtime greater than 52954 days | Potential high level in PV-99938 Discharge Scrubber; Potential to overfill PV-99938 and send liquid to Hot Oil Furnace F- 201 fuel inlet, potential for damage of burners, heater firebox, potential explosion and personnel impact and damage with downtime greater than 52954 days | Potential to overfill PV-99938 and send liquid to Hot Oil Furnace F-33219 fuel inlet, potential for damage of burners, heater firebox, potential explosion and personnel impact and damage with downtime greater than 52954 days | Loss of suction to pumps PM-28116A/B with potential cavitation; Potential seal failure with loss of containment, potential ignition and personnel impact | Blocked discharge from pumps PM-28116A/B with potential deadhead; Potential seal failure with loss of containment, potential ignition and personnel impact | Inadvertently sending compressor discharge flow through Gas-to-Gas Exchanger EX-59044, further cooling the discharge gas when not needed; Potential liquid carryover PV-99938 Discharge Scrubber; Potential to overfill PV-99938 and send liquid to Hot Oil Furnace F-33219 fuel inlet, potential for damage of burners, heater firebox, potential explosion and personnel impact and damage with downtime greater than 52954 days","Node 21, Node 27",5.0,2.0,4.0
PV99938,HI,Tier 1/2: Deterministic,High,LAH-94325 High level alarm on Recycle Compressor Discharge Scrubber pressure vessel PV-99938 will prompt operator response,N/A,Naphtha Stabilizer Overhead Pump PM- 201A/B trips | Manual valve on suction line to Naphtha Stabilizer Overhead Pump PM-33219A/B inadvertently closed | Manual valve on discharge line from Naphtha Stabilizer Overhead Pump PM-33219A/B inadvertently closed | LCV-26713 malfunctions closed or upstream/downstream valve(s) inadvertently closed | PCV-10975A fails open or bypass valve open | Discharge scrubber pump PM-28116A/B failure | Manual valve on suction to Discharge Scrubber Pump PM-28116A/B inadvertently closed | Manual valve on discharge from Discharge Scrubber Pump PM-28116A/B inadvertently closed | TCV-40186 receives incorrect signal (closes inadvertently),"Loss of flow of Y-Grade to storage, high level in Naphtha Stabilizer Accumulator pressure vessel PV-33219, potential to overfill Recycle Compressor Discharge Scrubber pressure vessel PV-99938 and send liquid to Hot Oil Furnace F-33219 fuel inlet, potential for damage of burners, heater firebox, potential explosion and personnel impact and damage with downtime greater than 52954 days | T-33219 Stabilizer pressure would drop; Potential liquid carryover to the PV-33219 Accumulator; Potential overfill PV-33219 and carryover to Recycle Compressor Discharge Scrubber PV-99938; Potential to overfill PV-99938 and send liquid to Hot Oil Furnace F- 201 fuel inlet, potential for damage of burners, heater firebox, potential explosion and personnel impact and damage with downtime greater than 52954 days | Potential high level in PV-99938 Discharge Scrubber; Potential to overfill PV-99938 and send liquid to Hot Oil Furnace F- 201 fuel inlet, potential for damage of burners, heater firebox, potential explosion and personnel impact and damage with downtime greater than 52954 days | Potential to overfill PV-99938 and send liquid to Hot Oil Furnace F-33219 fuel inlet, potential for damage of burners, heater firebox, potential explosion and personnel impact and damage with downtime greater than 52954 days | Loss of suction to pumps PM-28116A/B with potential cavitation; Potential seal failure with loss of containment, potential ignition and personnel impact | Blocked discharge from pumps PM-28116A/B with potential deadhead; Potential seal failure with loss of containment, potential ignition and personnel impact | Inadvertently sending compressor discharge flow through Gas-to-Gas Exchanger EX-59044, further cooling the discharge gas when not needed; Potential liquid carryover PV-99938 Discharge Scrubber; Potential to overfill PV-99938 and send liquid to Hot Oil Furnace F-33219 fuel inlet, potential for damage of burners, heater firebox, potential explosion and personnel impact and damage with downtime greater than 52954 days","Node 21, Node 27",5.0,2.0,4.0
LAH96254,HI,Tier 1/2: Deterministic,High,LAH-96254/12502 redundant high level alarms on TK-81314 Hydrocarbon Sump will prompt operator response,N/A,"Manual valve open on hydrocarbon drain | Improper drainage of water boot for PV-56446 Accumulator | Hydrocarbon Sump Pump PM-83821A/B trips | Manual valve closed in Hydrocarbon Sump Pump PM-83821A/B discharge | Drain valve left open | High rate of flow from vacuum truck to sump | Reverse flow from Feed Tanks to sump | Send Y-Grade to sump (drain valve left open from pumps PM-81314A/B) | Drain valve left open sending hot material to sump | Trash in sump (for example from vacuum trucks) can plug pump screen or damage pump | 4"" Manual valve(s) closed on hydrocarbon header from one or both splitter towers","Potential to send feed to Hydrocarbon Sump TK-81314; Potential inefficient operation; Potential to overfill sump; Potential environmental impact; Potential release of hydrocarbon vapors; Potential ignition and personnel impact | Potential to send light naphtha to Hydrocarbon Sump TK- 101; Potential inefficient operation; Potential to overfill sump; Potential environmental impact; Potential release of hydrocarbon vapors; Potential ignition and personnel impact | Potential to overfill the Hydrocarbon Sump TK-81314, release through atmospheric vent; Potential runoff to stormwater drain (contained in Tank 5 Wastewater Tank); Potential environmental/financial impact | Hydrocarbon Sump Pump PM-83821A/B deadheaded, potential pump damage; Potential seal failure with potential ignition and personnel impact | Potential release through Hydrocarbon Sump TK-81314 vent; Potential ignition and personnel impact | Hydrocarbon Sump Pump PM-83821A/B or PM-43983A/B deadheaded, potential pump damage; Potential seal failure with potential ignition and personnel impact | Potential to overfill the Hydrocarbon Sump TK-81314/201, release through atmospheric vent; Potential runoff to stormwater drain (contained in Tank 5 Wastewater Tank); Potential environmental/financial impact","Node 1, Node 2, Node 3, Node 5, Node 15, Node 43",4.0,2.0,2.0
LAH12502,HI,Tier 1/2: Deterministic,High,LAH-96254/12502 redundant high level alarms on TK-81314 Hydrocarbon Sump will prompt operator response,N/A,"Manual valve open on hydrocarbon drain | Improper drainage of water boot for PV-56446 Accumulator | Hydrocarbon Sump Pump PM-83821A/B trips | Manual valve closed in Hydrocarbon Sump Pump PM-83821A/B discharge | Drain valve left open | High rate of flow from vacuum truck to sump | Reverse flow from Feed Tanks to sump | Send Y-Grade to sump (drain valve left open from pumps PM-81314A/B) | Drain valve left open sending hot material to sump | Trash in sump (for example from vacuum trucks) can plug pump screen or damage pump | 4"" Manual valve(s) closed on hydrocarbon header from one or both splitter towers","Potential to send feed to Hydrocarbon Sump TK-81314; Potential inefficient operation; Potential to overfill sump; Potential environmental impact; Potential release of hydrocarbon vapors; Potential ignition and personnel impact | Potential to send light naphtha to Hydrocarbon Sump TK- 101; Potential inefficient operation; Potential to overfill sump; Potential environmental impact; Potential release of hydrocarbon vapors; Potential ignition and personnel impact | Potential to overfill the Hydrocarbon Sump TK-81314, release through atmospheric vent; Potential runoff to stormwater drain (contained in Tank 5 Wastewater Tank); Potential environmental/financial impact | Hydrocarbon Sump Pump PM-83821A/B deadheaded, potential pump damage; Potential seal failure with potential ignition and personnel impact | Potential release through Hydrocarbon Sump TK-81314 vent; Potential ignition and personnel impact | Hydrocarbon Sump Pump PM-83821A/B or PM-43983A/B deadheaded, potential pump damage; Potential seal failure with potential ignition and personnel impact | Potential to overfill the Hydrocarbon Sump TK-81314/201, release through atmospheric vent; Potential runoff to stormwater drain (contained in Tank 5 Wastewater Tank); Potential environmental/financial impact","Node 1, Node 2, Node 3, Node 5, Node 15, Node 43",4.0,2.0,2.0
LAHH13505,HIHI,Tier 1/2: Deterministic,High,LAHH- 13505/23505 High- High Level Alarm on PV-60820/207 Suction Scrubber will shutdown Splitter 1/2 RGCs,N/A,Manual valve closed downstream of rundown chiller EX-28669 to tank TK-24946-24/25,"Loss of Light Naphtha flow to storage, deadhead of overhead pump not expected as reflux continue to flow, Combi Tower Accumulator pressure vessel PV-56446/ 202 fills, potential to overfill accumulator to Recycle Compressor Suction Scrubber pressure vessel PV-60820/ 207 compressor suction drum and to compressor, compressor damage",Node 38,1.0,1.0,1.0
LAHH23505,HIHI,Tier 1/2: Deterministic,High,LAHH- 13505/23505 High- High Level Alarm on PV-60820/207 Suction Scrubber will shutdown Splitter 1/2 RGCs,N/A,Manual valve closed downstream of rundown chiller EX-28669 to tank TK-24946-24/25,"Loss of Light Naphtha flow to storage, deadhead of overhead pump not expected as reflux continue to flow, Combi Tower Accumulator pressure vessel PV-56446/ 202 fills, potential to overfill accumulator to Recycle Compressor Suction Scrubber pressure vessel PV-60820/ 207 compressor suction drum and to compressor, compressor damage",Node 38,1.0,1.0,1.0
PV60820,HIHI,Tier 1/2: Deterministic,High,LAHH- 13505/23505 High- High Level Alarm on PV-60820/207 Suction Scrubber will shutdown Splitter 1/2 RGCs,N/A,Manual valve closed downstream of rundown chiller EX-28669 to tank TK-24946-24/25,"Loss of Light Naphtha flow to storage, deadhead of overhead pump not expected as reflux continue to flow, Combi Tower Accumulator pressure vessel PV-56446/ 202 fills, potential to overfill accumulator to Recycle Compressor Suction Scrubber pressure vessel PV-60820/ 207 compressor suction drum and to compressor, compressor damage",Node 38,1.0,1.0,1.0
PV60207,HIHI,Tier 1/2: Deterministic,High,LAHH- 13505/23505 High- High Level Alarm on PV-60820/207 Suction Scrubber will shutdown Splitter 1/2 RGCs,N/A,Manual valve closed downstream of rundown chiller EX-28669 to tank TK-24946-24/25,"Loss of Light Naphtha flow to storage, deadhead of overhead pump not expected as reflux continue to flow, Combi Tower Accumulator pressure vessel PV-56446/ 202 fills, potential to overfill accumulator to Recycle Compressor Suction Scrubber pressure vessel PV-60820/ 207 compressor suction drum and to compressor, compressor damage",Node 38,1.0,1.0,1.0
LAHH22772,HIHI,Tier 1/2: Deterministic,High,LAHH-22772 high-high level alarm on PV-14664 will auto start pumps PM- 312A/B,N/A,Failure to pump out level in PV-14664 Flare KO Drum | Manual valve(s) closed on hydrocarbon header from Flare knockout drum,"High level in PV-14664; Potential liquid carryover to flare; Potential liquid out of the flare with potential fire and area personnel impact | Potential for liquid carryover to flare, environmental impact, potential burning liquid fallout from flare, personnel impact | Potential for liquid carryover to flare, resulting in shutdown and financial impact","Node 12, Node 43",4.0,1.0,2.0
PV14664,HIHI,Tier 1/2: Deterministic,High,LAHH-22772 high-high level alarm on PV-14664 will auto start pumps PM- 312A/B,N/A,Failure to pump out level in PV-14664 Flare KO Drum | Manual valve(s) closed on hydrocarbon header from Flare knockout drum,"High level in PV-14664; Potential liquid carryover to flare; Potential liquid out of the flare with potential fire and area personnel impact | Potential for liquid carryover to flare, environmental impact, potential burning liquid fallout from flare, personnel impact | Potential for liquid carryover to flare, resulting in shutdown and financial impact","Node 12, Node 43",4.0,1.0,2.0
LAHH52011,HIHI,Tier 1/2: Deterministic,High,LAHH-52011 high-high level alarm on Suction Scrubber PV-11354 will shutdown compressors CM- 201A/B,N/A,"Combi Tower Bottoms Product Pump PM- 204A/B trips | Manual valve on discharge from Combi Tower Bottoms Product Pump PM-80996A/B inadvertently closed | 6"" manual valve from EX-11689 inadvertently closed | TCV-78020B malfunctions closed or upstream/downstream manual valve(s) inadvertently closed | 6"" manual valve on inlet to AF-99986 Bottoms Product Cooler inadvertently closed | 6"" manual valve on outlet from AF-99986 Bottoms Product Cooler inadvertently closed | TCV-47043A malfunctions closed or upstream/downstream manual valve(s) inadvertently closed | LCV-60053 malfunctions closed or upstream/downstream manual valve(s) inadvertently closed | 12"" manual valve on inlet to Combi Tower Overhead Pumps PM-99986A/B inadvertently closed | 10"" manual valve on outlet from Combi Tower Overhead Pumps PM-99986A/B inadvertently closed | 6"" manual valve on shell side outlet from EX-33219 inadvertently closed | LCV-34380 fails closed or upstream/downstream manual valve(s) inadvertently closed | Suction Scrubber pressure vessel PV-11354 demister pad saturated | PCV-36763A malfunctions open or bypass inadvertently open | Suction scrubber pump PM-91045A/B failure | Manual valve(s) on suction to Suction scrubber pump PM-91045A/B inadvertently closed | Manual valve(s) on discharge from Suction scrubber pump PM-91045A/B inadvertently closed","High level in Combi Tower T-92182; Potential to overfill T- 202; Potential to overfill the Recycle Gas Compressor Suction Scrubber PV-11354 and send liquids to the RGC; Potential to damage compressor leading to financial impact | Product flow out from the shell side of EX-11689 blocked; No overpressure concerns, as the max pressure from the upstream pumps PM-80996A/B is 59524 psig, and the shell side is MAWP 14664 psig; High level in Combi Tower T-92182; Potential to overfill T-92182; Potential to overfill the Recycle Gas Compressor Suction Scrubber PV-11354 and send liquids to the RGC; Potential to damage compressor leading to financial impact | Potential to back-up flow to Combi Tower; High level in Combi Tower T-92182; Potential to overfill T-92182; Potential to overfill the Recycle Gas Compressor Suction Scrubber PV-11354 and send liquids to the RGC; Potential to damage compressor leading to financial impact | Inability to send liquids out of PV-92182 Accumulator; Potential to overfill the Recycle Gas Compressor Suction Scrubber PV-11354 and send liquids to the RGC; Potential to damage compressor leading to financial impact | Potential to build up liquid level in PV-92182 Accumulator; Potential to overfill the Recycle Gas Compressor Suction Scrubber PV-11354 and send liquids to the RGC; Potential to damage compressor leading to financial impact | Slow increase in pressure on Combi Tower T-92182; Potential carryover of water to RGC Potential to damage compressor leading to financial impact | Reduced pressure in Combi Tower T-92182, increased level in Combi Tower Accumulator pressure vessel PV-92182; Potential to overfill PV-92182 and carryover to Recycle Gas Compressor Suction Scrubber PV-11354; Potential to overfill PV-11354 and send liquids to the RGC; Potential to damage compressor leading to financial impact | Potential high level in Recycle Gas Compressor Suction Scrubber PV-11354; Potential to overfill PV-11354 and send liquids to the RGC; Potential to damage compressor leading to financial impact","Node 22, Node 23, Node 27",1.0,3.0,1.0
PV11354,HIHI,Tier 1/2: Deterministic,High,LAHH-52011 high-high level alarm on Suction Scrubber PV-11354 will shutdown compressors CM- 201A/B,N/A,"Combi Tower Bottoms Product Pump PM- 204A/B trips | Manual valve on discharge from Combi Tower Bottoms Product Pump PM-80996A/B inadvertently closed | 6"" manual valve from EX-11689 inadvertently closed | TCV-78020B malfunctions closed or upstream/downstream manual valve(s) inadvertently closed | 6"" manual valve on inlet to AF-99986 Bottoms Product Cooler inadvertently closed | 6"" manual valve on outlet from AF-99986 Bottoms Product Cooler inadvertently closed | TCV-47043A malfunctions closed or upstream/downstream manual valve(s) inadvertently closed | LCV-60053 malfunctions closed or upstream/downstream manual valve(s) inadvertently closed | 12"" manual valve on inlet to Combi Tower Overhead Pumps PM-99986A/B inadvertently closed | 10"" manual valve on outlet from Combi Tower Overhead Pumps PM-99986A/B inadvertently closed | 6"" manual valve on shell side outlet from EX-33219 inadvertently closed | LCV-34380 fails closed or upstream/downstream manual valve(s) inadvertently closed | Suction Scrubber pressure vessel PV-11354 demister pad saturated | PCV-36763A malfunctions open or bypass inadvertently open | Suction scrubber pump PM-91045A/B failure | Manual valve(s) on suction to Suction scrubber pump PM-91045A/B inadvertently closed | Manual valve(s) on discharge from Suction scrubber pump PM-91045A/B inadvertently closed","High level in Combi Tower T-92182; Potential to overfill T- 202; Potential to overfill the Recycle Gas Compressor Suction Scrubber PV-11354 and send liquids to the RGC; Potential to damage compressor leading to financial impact | Product flow out from the shell side of EX-11689 blocked; No overpressure concerns, as the max pressure from the upstream pumps PM-80996A/B is 59524 psig, and the shell side is MAWP 14664 psig; High level in Combi Tower T-92182; Potential to overfill T-92182; Potential to overfill the Recycle Gas Compressor Suction Scrubber PV-11354 and send liquids to the RGC; Potential to damage compressor leading to financial impact | Potential to back-up flow to Combi Tower; High level in Combi Tower T-92182; Potential to overfill T-92182; Potential to overfill the Recycle Gas Compressor Suction Scrubber PV-11354 and send liquids to the RGC; Potential to damage compressor leading to financial impact | Inability to send liquids out of PV-92182 Accumulator; Potential to overfill the Recycle Gas Compressor Suction Scrubber PV-11354 and send liquids to the RGC; Potential to damage compressor leading to financial impact | Potential to build up liquid level in PV-92182 Accumulator; Potential to overfill the Recycle Gas Compressor Suction Scrubber PV-11354 and send liquids to the RGC; Potential to damage compressor leading to financial impact | Slow increase in pressure on Combi Tower T-92182; Potential carryover of water to RGC Potential to damage compressor leading to financial impact | Reduced pressure in Combi Tower T-92182, increased level in Combi Tower Accumulator pressure vessel PV-92182; Potential to overfill PV-92182 and carryover to Recycle Gas Compressor Suction Scrubber PV-11354; Potential to overfill PV-11354 and send liquids to the RGC; Potential to damage compressor leading to financial impact | Potential high level in Recycle Gas Compressor Suction Scrubber PV-11354; Potential to overfill PV-11354 and send liquids to the RGC; Potential to damage compressor leading to financial impact","Node 22, Node 23, Node 27",1.0,3.0,1.0
LAHH67791,HIHI,Tier 1/2: Deterministic,High,LAHH-67791 high-high level alarm on Suction Scrubber PV-60820 will shutdown compressors CM- 101A/B,N/A,"Combi Tower Bottoms Product Pump PM- 104A/B trips | Manual valve on discharge from Combi Tower Bottoms Product Pump PM-59524A/B inadvertently closed | 6"" manual valve from EX-17647 inadvertently closed | TCV-34810B malfunctions closed or upstream/downstream manual valve(s) inadvertently closed | 6"" manual valve on inlet to AF-73992 Bottoms Product Cooler inadvertently closed | 6"" manual valve on outlet from AF-73992 Bottoms Product Cooler inadvertently closed | TCV-30806A malfunctions closed or upstream/downstream manual valve(s) inadvertently closed | LCV-14439 malfunctions closed or upstream/downstream manual valve(s) inadvertently closed | 12"" manual valve on inlet to Combi Tower Overhead Pumps PM-73992A/B inadvertently closed | 10"" manual valve on outlet from Combi Tower Overhead Pumps PM-73992A/B inadvertently closed | 6"" manual valve on shell side outlet from EX-81314 inadvertently closed | LCV-62100 fails closed or upstream/downstream manual valve(s) inadvertently closed | Suction Scrubber pressure vessel PV-60820 demister pad saturated | PCV-10363A malfunctions open or bypass inadvertently open | Suction scrubber pump PM-87095A/B failure | Manual valve(s) on suction to Suction scrubber pump PM-87095A/B inadvertently closed | Manual valve(s) on discharge from Suction scrubber pump PM-87095A/B inadvertently closed","High level in Combi Tower T-56446; Potential to overfill T-56446; Potential to overfill the Recycle Gas Compressor Suction Scrubber PV-60820 and send liquids to the RGC; Potential to damage compressor leading to financial impact | Product flow out from the shell side of EX-17647 blocked; No overpressure concerns, as the max pressure from the upstream pumps PM-59524A/B is 59524 psig, and the shell side is MAWP 14664 psig; High level in Combi Tower T-56446; Potential to overfill T-56446; Potential to overfill the Recycle Gas Compressor Suction Scrubber PV-60820 and send liquids to the RGC; Potential to damage compressor leading to financial impact | Potential to back-up flow to Combi Tower; High level in Combi Tower T-56446; Potential to overfill T-56446; Potential to overfill the Recycle Gas Compressor Suction Scrubber PV-60820 and send liquids to the RGC; Potential to damage compressor leading to financial impact | High level in Combi Tower T-56446; Potential to overfill T- 102; Potential to overfill the Recycle Gas Compressor Suction Scrubber PV-60820 and send liquids to the RGC; Potential to damage compressor leading to financial impact | Inability to send liquids out of PV-56446 Accumulator; Potential to overfill the Recycle Gas Compressor Suction Scrubber PV-60820 and send liquids to the RGC; Potential to damage compressor leading to financial impact | Potential to build up liquid level in PV-56446 Accumulator; Potential to overfill the Recycle Gas Compressor Suction Scrubber PV-60820 and send liquids to the RGC; Potential to damage compressor leading to financial impact | Slow increase in pressure on Combi Tower T-56446; Potential carryover of water to RGC Potential to damage compressor leading to financial impact | Reduced pressure in Combi Tower T-56446, increased level in Combi Tower Accumulator pressure vessel PV-56446; Potential to overfill PV-56446 and carryover to Recycle Gas Compressor Suction Scrubber PV-60820; Potential to overfill PV-60820 and send liquids to the RGC; Potential to damage compressor leading to financial impact | Potential high level in Recycle Gas Compressor Suction Scrubber PV-60820; Potential to overfill PV-60820 and send liquids to the RGC; Potential to damage compressor leading to financial impact","Node 4, Node 5, Node 9",1.0,3.0,1.0
PV60820,HIHI,Tier 1/2: Deterministic,High,LAHH-67791 high-high level alarm on Suction Scrubber PV-60820 will shutdown compressors CM- 101A/B,N/A,"Combi Tower Bottoms Product Pump PM- 104A/B trips | Manual valve on discharge from Combi Tower Bottoms Product Pump PM-59524A/B inadvertently closed | 6"" manual valve from EX-17647 inadvertently closed | TCV-34810B malfunctions closed or upstream/downstream manual valve(s) inadvertently closed | 6"" manual valve on inlet to AF-73992 Bottoms Product Cooler inadvertently closed | 6"" manual valve on outlet from AF-73992 Bottoms Product Cooler inadvertently closed | TCV-30806A malfunctions closed or upstream/downstream manual valve(s) inadvertently closed | LCV-14439 malfunctions closed or upstream/downstream manual valve(s) inadvertently closed | 12"" manual valve on inlet to Combi Tower Overhead Pumps PM-73992A/B inadvertently closed | 10"" manual valve on outlet from Combi Tower Overhead Pumps PM-73992A/B inadvertently closed | 6"" manual valve on shell side outlet from EX-81314 inadvertently closed | LCV-62100 fails closed or upstream/downstream manual valve(s) inadvertently closed | Suction Scrubber pressure vessel PV-60820 demister pad saturated | PCV-10363A malfunctions open or bypass inadvertently open | Suction scrubber pump PM-87095A/B failure | Manual valve(s) on suction to Suction scrubber pump PM-87095A/B inadvertently closed | Manual valve(s) on discharge from Suction scrubber pump PM-87095A/B inadvertently closed","High level in Combi Tower T-56446; Potential to overfill T-56446; Potential to overfill the Recycle Gas Compressor Suction Scrubber PV-60820 and send liquids to the RGC; Potential to damage compressor leading to financial impact | Product flow out from the shell side of EX-17647 blocked; No overpressure concerns, as the max pressure from the upstream pumps PM-59524A/B is 59524 psig, and the shell side is MAWP 14664 psig; High level in Combi Tower T-56446; Potential to overfill T-56446; Potential to overfill the Recycle Gas Compressor Suction Scrubber PV-60820 and send liquids to the RGC; Potential to damage compressor leading to financial impact | Potential to back-up flow to Combi Tower; High level in Combi Tower T-56446; Potential to overfill T-56446; Potential to overfill the Recycle Gas Compressor Suction Scrubber PV-60820 and send liquids to the RGC; Potential to damage compressor leading to financial impact | High level in Combi Tower T-56446; Potential to overfill T- 102; Potential to overfill the Recycle Gas Compressor Suction Scrubber PV-60820 and send liquids to the RGC; Potential to damage compressor leading to financial impact | Inability to send liquids out of PV-56446 Accumulator; Potential to overfill the Recycle Gas Compressor Suction Scrubber PV-60820 and send liquids to the RGC; Potential to damage compressor leading to financial impact | Potential to build up liquid level in PV-56446 Accumulator; Potential to overfill the Recycle Gas Compressor Suction Scrubber PV-60820 and send liquids to the RGC; Potential to damage compressor leading to financial impact | Slow increase in pressure on Combi Tower T-56446; Potential carryover of water to RGC Potential to damage compressor leading to financial impact | Reduced pressure in Combi Tower T-56446, increased level in Combi Tower Accumulator pressure vessel PV-56446; Potential to overfill PV-56446 and carryover to Recycle Gas Compressor Suction Scrubber PV-60820; Potential to overfill PV-60820 and send liquids to the RGC; Potential to damage compressor leading to financial impact | Potential high level in Recycle Gas Compressor Suction Scrubber PV-60820; Potential to overfill PV-60820 and send liquids to the RGC; Potential to damage compressor leading to financial impact","Node 4, Node 5, Node 9",1.0,3.0,1.0
LAHH80748,HIHI,Tier 1/2: Deterministic,High,LAHH-80748 high-high level alarm on PV-14664 will initiate unit shutdown,N/A,Failure to pump out level in PV-14664 Flare KO Drum | Manual valve(s) closed on hydrocarbon header from Flare knockout drum,"High level in PV-14664; Potential liquid carryover to flare; Potential liquid out of the flare with potential fire and area personnel impact | Potential for liquid carryover to flare, environmental impact, potential burning liquid fallout from flare, personnel impact | Potential for liquid carryover to flare, resulting in shutdown and financial impact","Node 12, Node 43",4.0,1.0,2.0
PV14664,HIHI,Tier 1/2: Deterministic,High,LAHH-80748 high-high level alarm on PV-14664 will initiate unit shutdown,N/A,Failure to pump out level in PV-14664 Flare KO Drum | Manual valve(s) closed on hydrocarbon header from Flare knockout drum,"High level in PV-14664; Potential liquid carryover to flare; Potential liquid out of the flare with potential fire and area personnel impact | Potential for liquid carryover to flare, environmental impact, potential burning liquid fallout from flare, personnel impact | Potential for liquid carryover to flare, resulting in shutdown and financial impact","Node 12, Node 43",4.0,1.0,2.0
LAL12326,LO,Tier 1/2: Deterministic,High,LAL-12326 low level alarm on PV-99938 will prompt operator response,N/A,FCV-10463 malfunctions open or bypass valve inadvertently open,"Potential low backpressure on the Discharge Scrubber PV-99938; Potential to carryover liquids to Hot Oil Furnace F-33219 fuel inlet, potential for damage of burners, heater firebox, potential explosion and personnel impact and damage with downtime greater than 52954 days",Node 27,5.0,2.0,4.0
PV99938,LO,Tier 1/2: Deterministic,High,LAL-12326 low level alarm on PV-99938 will prompt operator response,N/A,FCV-10463 malfunctions open or bypass valve inadvertently open,"Potential low backpressure on the Discharge Scrubber PV-99938; Potential to carryover liquids to Hot Oil Furnace F-33219 fuel inlet, potential for damage of burners, heater firebox, potential explosion and personnel impact and damage with downtime greater than 52954 days",Node 27,5.0,2.0,4.0
LAL14439,LO,Tier 1/2: Deterministic,High,LAL-14439 low level alarm on T-56446 will prompt operator response,N/A,LCV-14439 fails open or bypass inadvertently open,High flow results in low level in Combi Tower T-56446; Potential loss of suction to Bottoms Pumps PM-59524A/B; Potential to cavitate pump resulting in pump damage; Potential seal failure with potential loss of containment; Potential ignition and personnel impact,Node 4,4.0,1.0,2.0
LAL15841,LO,Tier 1/2: Deterministic,High,LAL-15841 low level alarm on T-17647 Diesel Stripper will prompt operator response,N/A,Level control valve LCV-15841 fails closed or T-56446 tower tray plugs | Both PM-60820A/B Diesel Stripper Product Pumps running at once,"Potential to drop diesel into the bottom of the Combi Tower T-56446, potential to send out diesel with the AGO; Potential loss of level in Diesel Stripper T-17647; Potential to cavitate pumps PM- 107A/B; Potential seal failure; Potential loss of containment, ignition and personnel impact | Potential to drop diesel into the bottom of the Combi Tower T-56446, potential to send out diesel with the AGO; Potential to ultimately flood level in T-56446; Potential to send liquids in the vapor return lines; Potential damage to vapor return piping; Potential release with ignition and personnel impact | Potential loss of level in Diesel Stripper T-17647; Potential to cavitate pumps PM-60820A/B; Potential seal failure; Potential loss of containment, ignition and personnel impact",Node 8,4.0,1.0,2.0
LAL20382,LO,Tier 1/2: Deterministic,High,LAL-20382 low level alarm on T-80996 Kero Stripper will prompt operator response,N/A,Level control valve LCV-20382 fails closed | T-92182 Combi Tower Tray Pluggage | Kero Stripper Product Pump PM-48495A/B trips or loss of power | Manual valve closed inadvertently in Kero Stripper Product Pump PM-48495A/B suction or basket strainers on suction lines plugged | Manual valve closed inadvertently in Kero Stripper Product Pump PM-48495A/B discharge | Both Kero Product Pumps PM-48495A/B running at once,"Potential Combi Tower T-92182 flooding; high differential pressure; Potential to get kero liquids in the vapor return line; Potential damage to vapor return piping; Potential release with ignition and personnel impact | Potential Combi Tower T-92182 flooding; leading to products Diesel and AGO going off-spec, operability/product quality issues; Potential financial impact | High level in Kero Stripper T-80996; Potential Combi Tower T-92182 flooding; high differential pressure; Potential to get kero liquids in the vapor return line; Potential damage to vapor return piping; Potential release with ignition and personnel impact | High level in Kero Stripper T-80996; Potential Combi Tower T-92182 flooding; leading to products Diesel and AGO going off-spec, operability/product quality issues; Potential financial impact | Potential loss of level in Kero Stripper T-80996, potential to vapor lock the stripper, potential to cavitate Kero Stripper Product Pump PM-48495A/B; Potential seal failure with loss of containment, ignition, and personnel impact",Node 25,4.0,3.0,2.0
LAL25274,LO,Tier 1/2: Deterministic,High,LAL-25274 low level alarm on PV-75469 will prompt operator response,N/A,FCV-63484 malfunctions open or bypass valve inadvertently open | Discharge scrubber pump PM-41064A/B fails to stop,"Potential low backpressure on the Discharge Scrubber PV- 109; Potential to carryover liquids to Hot Oil Furnace F-81314 fuel inlet, potential for damage of burners, heater firebox, potential explosion and personnel impact and damage with downtime greater than 52954 days | Potential to pump out all level in Discharge Scrubber PV- 109; Potential loss of suction to pumps PM-41064A/B with potential cavitation; Potential seal failure with loss of containment, potential ignition and personnel impact","Node 9, Node 27",5.0,2.0,4.0
PV75469,LO,Tier 1/2: Deterministic,High,LAL-25274 low level alarm on PV-75469 will prompt operator response,N/A,FCV-63484 malfunctions open or bypass valve inadvertently open | Discharge scrubber pump PM-41064A/B fails to stop,"Potential low backpressure on the Discharge Scrubber PV- 109; Potential to carryover liquids to Hot Oil Furnace F-81314 fuel inlet, potential for damage of burners, heater firebox, potential explosion and personnel impact and damage with downtime greater than 52954 days | Potential to pump out all level in Discharge Scrubber PV- 109; Potential loss of suction to pumps PM-41064A/B with potential cavitation; Potential seal failure with loss of containment, potential ignition and personnel impact","Node 9, Node 27",5.0,2.0,4.0
LAL31536,LO,Tier 1/2: Deterministic,High,LAL-31536 low level alarm on Suction Scrubber P-11354 will prompt operator response,N/A,Manual valve(s) on suction to Suction scrubber pump PM-91045A/B inadvertently closed | Manual valve(s) on discharge from Suction scrubber pump PM-91045A/B inadvertently closed | Suction scrubber pump PM-91045A/B fails to stop,"Loss of suction to pumps PM-91045A/B with potential cavitation; Potential seal failure with loss of containment, potential ignition and personnel impact | Loss of discharge from pumps PM-91045A/B with potential deadhead; Potential seal failure with loss of containment, potential ignition and personnel impact | Potential to pump out all level in Suction Scrubber PV-11354; Potential loss of suction to pumps PM-91045A/B with potential cavitation; Potential seal failure with loss of containment, potential ignition and personnel impact",Node 27,4.0,1.0,2.0
LAL33207,LO,Tier 1/2: Deterministic,High,LAL-33207 low level alarm on Stabilizer T-33219 will prompt operator response,N/A,Low feed flow from upstream Condensate Feed Pumps PM-53688A/B/C,Loss of feed to Naphtha Stabilizer Column T-33219; Potential to build up temperature in T-33219; Potential overpressure of T-33219 with loss of containment and potential personnel impact,Node 19,,,
LAL44082,LO,Tier 1/2: Deterministic,High,LAL-44082 low level alarm on T-11689 Diesel Stripper will prompt operator response,N/A,Level control valve LCV-44082 fails closed or T-92182 tower tray plugs | Both PM-11354A/B Diesel Stripper Product Pumps running at once,"Potential to drop diesel into the bottom of the Combi Tower T-92182, potential to send out diesel with the AGO; Potential loss of level in Diesel Stripper T-11689; Potential to cavitate pumps PM- 207A/B; Potential seal failure; Potential loss of containment, ignition and personnel impact | Potential to drop diesel into the bottom of the Combi Tower T-92182, potential to send out diesel with the AGO; Potential to ultimately flood level in T-92182; Potential to send liquids in the vapor return lines; Potential damage to vapor return piping; Potential release with ignition and personnel impact | Potential loss of level in Diesel Stripper T-11689; Potential to cavitate pumps PM-11354A/B; Potential seal failure; Potential loss of containment, ignition and personnel impact",Node 26,4.0,1.0,2.0
LAL44899,LO,Tier 1/2: Deterministic,High,LAL-44899 Low level alarm on Hot Oil Surge Tank pressure vessel PV 73992 will prompt operator response,N/A,Tube leak/rupture on kero Stripper Reboiler EX-75469 | Tube leak/rupture on Diesel Stripper Reboiler EX-70814,Potential to contaminate kero product with hot oil; Potential loss of hot oil resulting in potential need to shutdown and financial impact | Potential to contaminate diesel product with hot oil; Potential loss of hot oil resulting in potential need to shutdown and financial impact,"Node 7, Node 8",3.0,2.0,2.0
PV73992,LO,Tier 1/2: Deterministic,High,LAL-44899 Low level alarm on Hot Oil Surge Tank pressure vessel PV 73992 will prompt operator response,N/A,Tube leak/rupture on kero Stripper Reboiler EX-75469 | Tube leak/rupture on Diesel Stripper Reboiler EX-70814,Potential to contaminate kero product with hot oil; Potential loss of hot oil resulting in potential need to shutdown and financial impact | Potential to contaminate diesel product with hot oil; Potential loss of hot oil resulting in potential need to shutdown and financial impact,"Node 7, Node 8",3.0,2.0,2.0
LAL47122,LO,Tier 1/2: Deterministic,High,LAL-47122 low level alarm on TK-48603 will prompt operator response,N/A,Failure to refill TK-48603 Demulsifier Chemical Storage Tank,Inability to send additional demulsifier to desalter pumps; Potential emulsification with potential inefficient separation in the Desalter D-81314/201; Potential inability to remove chlorides from feed; Potential quality issues; Potential financial impact | Potential loss of suction to PM-13644A/B Demulsifier Metering Pump; Potential seal failure and loss of containment to surrounding area; Potential environmental impact,Node 34,1.0,3.0,1.0
LAL58792,LO,Tier 1/2: Deterministic,High,LAL-58792 low level alarm on Suction Scrubber P-60820 will prompt operator response,N/A,Manual valve(s) on suction to Suction scrubber pump PM-87095A/B inadvertently closed | Manual valve(s) on discharge from Suction scrubber pump PM-87095A/B inadvertently closed | Suction scrubber pump PM-87095A/B fails to stop,"Loss of suction to pumps PM-87095A/B with potential cavitation; Potential seal failure with loss of containment, potential ignition and personnel impact | Loss of discharge from pumps PM-87095A/B with potential deadhead; Potential seal failure with loss of containment, potential ignition and personnel impact | Potential to pump out all level in Suction Scrubber PV-60820; Potential loss of suction to pumps PM-87095A/B with potential cavitation; Potential seal failure with loss of containment, potential ignition and personnel impact",Node 9,4.0,1.0,2.0
LAL60053,LO,Tier 1/2: Deterministic,High,LAL-60053 low level alarm on T-92182 will prompt operator response,N/A,LCV-60053 fails open or bypass inadvertently open,High flow results in low level in Combi Tower T-92182; Potential loss of suction to Bottoms Pumps PM-80996A/B; Potential to cavitate pump resulting in pump damage; Potential seal failure with potential loss of containment; Potential ignition and personnel impact,Node 22,4.0,1.0,2.0
LAL62100,LO,Tier 1/2: Deterministic,High,LAL-62100 low level alarm on PV-56446 will shutdown pumps PM73992A/B,N/A,FCV-28836 reflux valve fails open or bypass valve open | Level control valve LCV-62100 light naphtha to storage fails open or bypass opened,"Excess reflux sent to Combi Tower T-56446, potential increase in pressure, and potential to overpressure column, loss of containment, potential ignition and personnel impact | Potential loss of level in Accumulator PV-56446; Loss of suction to Combi Tower Overhead Pumps PM-73992A/B; Potential to cavitate pumps resulting in potential seal failure, loss of containment, potential ignition and personnel impact",Node 5,4.0,1.0,2.0
PV56446,LO,Tier 1/2: Deterministic,High,LAL-62100 low level alarm on PV-56446 will shutdown pumps PM73992A/B,N/A,FCV-28836 reflux valve fails open or bypass valve open | Level control valve LCV-62100 light naphtha to storage fails open or bypass opened,"Excess reflux sent to Combi Tower T-56446, potential increase in pressure, and potential to overpressure column, loss of containment, potential ignition and personnel impact | Potential loss of level in Accumulator PV-56446; Loss of suction to Combi Tower Overhead Pumps PM-73992A/B; Potential to cavitate pumps resulting in potential seal failure, loss of containment, potential ignition and personnel impact",Node 5,4.0,1.0,2.0
LAL70445,LO,Tier 1/2: Deterministic,High,LAL-70445 low level alarm on Stabilizer T-81314 will prompt operator response,N/A,Low feed flow from upstream Condensate Feed Pumps PM-53688A/B/C,Loss of feed to Naphtha Stabilizer Column T-81314; Potential to build up temperature in T-81314; Potential overpressure of T-81314 with loss of containment and potential personnel impact,Node 1,4.0,1.0,2.0
LAL74017,LO,Tier 1/2: Deterministic,High,LAL-74017 low level alarm on T-59524 Kero Stripper will prompt operator response,N/A,Level control valve LCV-74017 fails closed | T-56446 Combi Tower Tray Pluggage | Both Kero Product Pumps PM-76255A/B running at once,"Potential Combi Tower T-56446 flooding; high differential pressure; Potential to get kero liquids in the vapor return line; Potential damage to vapor return piping; Potential release with ignition and personnel impact | Potential Combi Tower T-56446 flooding; leading to products Diesel and AGO going off-spec, operability/product quality issues; Potential financial impact | Potential loss of level in Kero Stripper T-59524, potential to vapor lock the stripper, potential to cavitate Kero Stripper Product Pump PM-76255A/B; Potential seal failure with loss of containment, ignition, and personnel impact",Node 7,4.0,3.0,2.0
LAL81570,LO,Tier 1/2: Deterministic,High,LAL-81570 low level alarm on T-73992 Stripper will prompt operator response,N/A,LCV-81570 malfunctions closed or upstream/downstream manual valve(s) inadvertently closed,"Potential Combi Tower T-56446 flooding; leading to products Kero, Diesel, and AGO going off-spec, operability/product quality issues; Potential financial impact",Node 6,1.0,2.0,1.0
LAL87455,LO,Tier 1/2: Deterministic,High,LAL-87455 Low level alarm on Hot Oil Surge Tank pressure vessel PV 99986 will prompt operator response,N/A,Tube leak/rupture on kero Stripper Reboiler EX-99938 | Tube leak/rupture on Diesel Stripper Reboiler EX-13655,Potential to contaminate kero product with hot oil; Potential loss of hot oil resulting in potential need to shutdown and financial impact | Potential to contaminate diesel product with hot oil; Potential loss of hot oil resulting in potential need to shutdown and financial impact,"Node 25, Node 26",3.0,2.0,2.0
PV99986,LO,Tier 1/2: Deterministic,High,LAL-87455 Low level alarm on Hot Oil Surge Tank pressure vessel PV 99986 will prompt operator response,N/A,Tube leak/rupture on kero Stripper Reboiler EX-99938 | Tube leak/rupture on Diesel Stripper Reboiler EX-13655,Potential to contaminate kero product with hot oil; Potential loss of hot oil resulting in potential need to shutdown and financial impact | Potential to contaminate diesel product with hot oil; Potential loss of hot oil resulting in potential need to shutdown and financial impact,"Node 25, Node 26",3.0,2.0,2.0
LALL16133,LOLO,Tier 1/2: Deterministic,High,LALL-16133 low- low level alarm on Hot Oil Surge Tank PV-99986 will prompt operator response,N/A,Tube leak/rupture on kero Stripper Reboiler EX-99938 | Tube leak/rupture on Diesel Stripper Reboiler EX-13655,Potential to contaminate kero product with hot oil; Potential loss of hot oil resulting in potential need to shutdown and financial impact | Potential to contaminate diesel product with hot oil; Potential loss of hot oil resulting in potential need to shutdown and financial impact,"Node 25, Node 26",3.0,2.0,2.0
PV99986,LOLO,Tier 1/2: Deterministic,High,LALL-16133 low- low level alarm on Hot Oil Surge Tank PV-99986 will prompt operator response,N/A,Tube leak/rupture on kero Stripper Reboiler EX-99938 | Tube leak/rupture on Diesel Stripper Reboiler EX-13655,Potential to contaminate kero product with hot oil; Potential loss of hot oil resulting in potential need to shutdown and financial impact | Potential to contaminate diesel product with hot oil; Potential loss of hot oil resulting in potential need to shutdown and financial impact,"Node 25, Node 26",3.0,2.0,2.0
LALL25274,LOLO,Tier 1/2: Deterministic,High,LALL-25274 low- low level alarm on PV- 109 will shut off PM- 117A/B,N/A,Discharge scrubber pump PM-41064A/B fails to stop,"Potential to pump out all level in Discharge Scrubber PV- 109; Potential loss of suction to pumps PM-41064A/B with potential cavitation; Potential seal failure with loss of containment, potential ignition and personnel impact","Node 9, Node 27",4.0,1.0,2.0
LALL31536,LOLO,Tier 1/2: Deterministic,High,LALL-31536 low- low alarm on Suction Scrubber P-11354 will shutdown pumps PM- 213A/B,N/A,Manual valve(s) on suction to Suction scrubber pump PM-91045A/B inadvertently closed | Manual valve(s) on discharge from Suction scrubber pump PM-91045A/B inadvertently closed | Suction scrubber pump PM-91045A/B fails to stop,"Loss of suction to pumps PM-91045A/B with potential cavitation; Potential seal failure with loss of containment, potential ignition and personnel impact | Loss of discharge from pumps PM-91045A/B with potential deadhead; Potential seal failure with loss of containment, potential ignition and personnel impact | Potential to pump out all level in Suction Scrubber PV-11354; Potential loss of suction to pumps PM-91045A/B with potential cavitation; Potential seal failure with loss of containment, potential ignition and personnel impact",Node 27,4.0,1.0,2.0
LALL42507,LOLO,Tier 1/2: Deterministic,High,LALL-42507 low- low level alarm on Hot Oil Surge Tank PV-73992 will prompt operator response,N/A,Tube leak/rupture on kero Stripper Reboiler EX-75469 | Tube leak/rupture on Diesel Stripper Reboiler EX-70814,Potential to contaminate kero product with hot oil; Potential loss of hot oil resulting in potential need to shutdown and financial impact | Potential to contaminate diesel product with hot oil; Potential loss of hot oil resulting in potential need to shutdown and financial impact,"Node 7, Node 8",3.0,2.0,2.0
PV73992,LOLO,Tier 1/2: Deterministic,High,LALL-42507 low- low level alarm on Hot Oil Surge Tank PV-73992 will prompt operator response,N/A,Tube leak/rupture on kero Stripper Reboiler EX-75469 | Tube leak/rupture on Diesel Stripper Reboiler EX-70814,Potential to contaminate kero product with hot oil; Potential loss of hot oil resulting in potential need to shutdown and financial impact | Potential to contaminate diesel product with hot oil; Potential loss of hot oil resulting in potential need to shutdown and financial impact,"Node 7, Node 8",3.0,2.0,2.0
LALL58792,LOLO,Tier 1/2: Deterministic,High,LALL-58792 low- low alarm on Suction Scrubber P-60820 will shutdown pumps PM- 113A/B,N/A,Manual valve(s) on suction to Suction scrubber pump PM-87095A/B inadvertently closed | Manual valve(s) on discharge from Suction scrubber pump PM-87095A/B inadvertently closed | Suction scrubber pump PM-87095A/B fails to stop,"Loss of suction to pumps PM-87095A/B with potential cavitation; Potential seal failure with loss of containment, potential ignition and personnel impact | Loss of discharge from pumps PM-87095A/B with potential deadhead; Potential seal failure with loss of containment, potential ignition and personnel impact | Potential to pump out all level in Suction Scrubber PV-60820; Potential loss of suction to pumps PM-87095A/B with potential cavitation; Potential seal failure with loss of containment, potential ignition and personnel impact",Node 9,4.0,1.0,2.0
LALL71326,LOLO,Tier 1/2: Deterministic,High,LALL-71326 low- low level alarm on Naphtha Stabilizer Accumulator pressure vessel PV-33219 trips Naphtha Stabilizer Overhead Pumps PM- 201A/B,N/A,LCV-26713 on Y-Grade product line fails open or bypass inadvertently opened,"Loss of level in Naphtha Stabilizer Accumulator pressure vessel PV-33219, potential to run Naphtha Stabilizer Overhead Pump PM-33219A/B dry, pump cavitation and damage, potential release with personnel impact",Node 21,4.0,1.0,2.0
PV33219,LOLO,Tier 1/2: Deterministic,High,LALL-71326 low- low level alarm on Naphtha Stabilizer Accumulator pressure vessel PV-33219 trips Naphtha Stabilizer Overhead Pumps PM- 201A/B,N/A,LCV-26713 on Y-Grade product line fails open or bypass inadvertently opened,"Loss of level in Naphtha Stabilizer Accumulator pressure vessel PV-33219, potential to run Naphtha Stabilizer Overhead Pump PM-33219A/B dry, pump cavitation and damage, potential release with personnel impact",Node 21,4.0,1.0,2.0
LI19952,HI,Tier 1/2: Deterministic,High,LI-19952A high interface level alarm on TK 5-0 will prompt operator response,N/A,Drain valve left open or opened inadvertently,"Potential to send hydrocarbons to Contact Water Sump TK-56446, with vent to atmosphere, send to Gulf Coast Water Authority; Potential environmental/financial impact | Potential to send hydrocarbons to Contact Water Sump TK-92182, with vent to atmosphere, send to Gulf Coast Water Authority; Potential environmental/financial impact","Node 16, Node 32",1.0,2.0,1.0
LIT74055,HI,Tier 1/2: Deterministic,High,LIT-74055 high level alarm will prompt operator response,N/A,Overfilling Ammonia Storage Tank PV- 106,Potential overpressure of Ammonia Storage Tank PV-76255 with release of aqueous ammonia to surrounding area and potential personnel impact,"Node 13, Node 29",4.0,1.0,2.0
LSL83912,LO,Tier 1/2: Deterministic,High,LSL-83912 low level switch will shut off power for grids DT- 201A/B/C,N/A,PCV-55414/40591 (back pressure control valve) fails open or bypass inadvertently open,Potential loss of pressure in Desalter D-81314/201; Potential to expose the grid DT-81314A/B/C with potential to damage the grid from exposure; Potential financial impact and downtime,Node 34,2.0,3.0,2.0
LT19952,HI,Tier 1/2: Deterministic,High,LT-19952B with High Level Alarm on tank T-5 will prompt operator response,N/A,"Water draw valves left open (TK-61869-15) | Water draw valves left open | P-74532 Skimmer pump fails. | 4"" manual valve closed on suction of Pump P-74532 or strainer plugs | Pump P-74532 stops | Manual valve closed on Discharge of Pump P-74532 | Skimmer pump fails.","Increased flow of water and eventually hydrocarbon liquid to sump and to Water Tank 5, potential to send hydrocarbon to gulf coast water authority; Potential to impact biologics at water treatment; Potential financial impact | Potential overfill of oil, potential to send hydrocarbon to gulf coast water authority; Potential to impact biologics at water treatment; Potential financial impact | No flow to Skimmer Pump P-74532, potential cavitation and seal leak, release of hydrocarbon to grade, potential seal or pool fire, potential personnel injury, environmental impact, asset damage | Blocked flow from Skimmer Pump P-74532, potential deadhead and seal leak, release of hydrocarbon to grade, potential seal or pool fire, potential personnel injury, environmental impact, asset damage","Node 39, Node 40, Node 41, Node 45",4.0,2.0,2.0
LAH16573,HI,Tier 1/2: Deterministic,High,Level alarm high LAH-16573/02/04 on Kero Tank TK-61869- 11/20 and TK-85935-10 with operator response,N/A,"12"" or 41824"" valve closed on suction to Kero Transfer Pump P-4 or strainer plugs | Transfer Pump P-4 stops | 10"" valve closed on discharge of Transfer Pump P-4 | Improper lineup - lining up rundown to a full tank","Inability to transfer kero between tanks; Potential to overfill tank (TK-61869-20/11, TK-85935-10); Potential release of kero to surrounding area, potential ignition, personnel impact, potential environmental impact | Potential overfill of Kero Tank to grade, potential release of kero, pool fire, potential personnel injury",Node 40,4.0,1.0,2.0
LAH16502,HI,Tier 1/2: Deterministic,High,Level alarm high LAH-16573/02/04 on Kero Tank TK-61869- 11/20 and TK-85935-10 with operator response,N/A,"12"" or 41824"" valve closed on suction to Kero Transfer Pump P-4 or strainer plugs | Transfer Pump P-4 stops | 10"" valve closed on discharge of Transfer Pump P-4 | Improper lineup - lining up rundown to a full tank","Inability to transfer kero between tanks; Potential to overfill tank (TK-61869-20/11, TK-85935-10); Potential release of kero to surrounding area, potential ignition, personnel impact, potential environmental impact | Potential overfill of Kero Tank to grade, potential release of kero, pool fire, potential personnel injury",Node 40,4.0,1.0,2.0
LAH16504,HI,Tier 1/2: Deterministic,High,Level alarm high LAH-16573/02/04 on Kero Tank TK-61869- 11/20 and TK-85935-10 with operator response,N/A,"12"" or 41824"" valve closed on suction to Kero Transfer Pump P-4 or strainer plugs | Transfer Pump P-4 stops | 10"" valve closed on discharge of Transfer Pump P-4 | Improper lineup - lining up rundown to a full tank","Inability to transfer kero between tanks; Potential to overfill tank (TK-61869-20/11, TK-85935-10); Potential release of kero to surrounding area, potential ignition, personnel impact, potential environmental impact | Potential overfill of Kero Tank to grade, potential release of kero, pool fire, potential personnel injury",Node 40,4.0,1.0,2.0
LAH40903,HI,Tier 1/2: Deterministic,High,Level alarm high LAH-40903 on Rerun Tank TK-61869-14 with operator response,N/A,"20"" motor operated valve MOV open on KMCC feed to Tank TK-61869-14 and Tank inlet motor operated valve MOV-38494 open when not intended | Improper lineup - lining up rundown to a full tank","Potential overfill of Rerun Tank TK-61869-14 to grade, potential release of condensate/rerun, potential pool fire or vapor cloud and explosion or flash fire, potential personnel injury, environmental impact, asset damage","Node 43, Node 44",4.0,1.0,2.0
LAH58680,HI,Tier 1/2: Deterministic,High,Level alarm high LAH-58680/ 9409 on Naphtha Tank TK-24946- 24/25 with operator response,N/A,Improper lineup - lining up rundown to a full tank,"Potential overfill of Light Naphtha Tank to grade, potential release of light naphtha, pool fire, potential personnel injury | Potential overfill of Heavy Naphtha Tank to grade, potential release of heavy naphtha, pool fire, potential personnel injury","Node 38, Node 39",4.0,1.0,2.0
LAH80058,HI,Tier 1/2: Deterministic,High,Level alarm high LAH-80058/ 9306 on Diesel Tank TK-61869- 12/21 with operator response,N/A,Improper lineup - lining up rundown to a full tank,"Potential overfill of Diesel Tank to grade, potential release of Diesel, pool fire, potential personnel injury",Node 41,4.0,1.0,2.0
LAH85766,HI,Tier 1/2: Deterministic,High,Level alarm high LAH-85766/ 07/ 08 on AGO Tank TK-61869-13; 120-22/23 with operator response,N/A,Improper lineup - lining up rundown to a full tank,"Potential overfill of AGO Tank to grade, potential release of AGO, pool fire, potential personnel injury",Node 42,4.0,1.0,2.0
LAH98749,HI,Tier 1/2: Deterministic,High,Level alarm high LAH-98749/ 02/ 03 on Feed Tank TK-97415- 1/2/3 with operator response,N/A,"Improper lineup - lining up receiving feed into a full tank | 8"" rerun to Pump P-HX suction header open and 38112"" open to other Feed tank when not intended","Potential overfill of Feed Tank TK-97415-1/2/3 to grade, potential release of condensate, potential pool fire or vapor cloud and explosion or flash fire, potential personnel injury, environmental impact, asset damage","Node 43, Node 44",4.0,1.0,2.0
LAHH85424,HIHI,Tier 1/2: Deterministic,High,Level alarm high and high high LAH/ LAHH-85424 on Naphtha Tank TK-61869- 15 with operator response,N/A,"MOV-94883/ 9415 Blocked inlet valve to Transfer Pump P-2A/B or strainer plugs | Transfer Pump P-2A/B stops | Blocked outlet of Transfer Pump P-2A/B or 38095"" valve closed on product manifold out of facility | Improper lineup - lining up rundown to a full tank","Decreased flow of naphtha from naphtha tank TK-61869-15 to Transfer Pump P-2A/B when only one heavy naphtha tank in service, potential overfill of tank, spilling naphtha to grade, potential pool fire, personnel injury, environmental impact | Potential overfill of Heavy Naphtha Tank to grade, potential release of heavy naphtha, pool fire, potential personnel injury",Node 39,4.0,1.0,2.0
LAH80058,HI,Tier 1/2: Deterministic,High,Level alarm hihi LAH-80058/ 9306 on Diesel Tank TK-61869- 12/21 alarm with operator response,N/A,Improper lineup - lining up rundown to a full tank,"Potential overfill of Diesel Tank to grade, potential release of Diesel, pool fire, potential personnel injury",Node 41,4.0,1.0,2.0
LAH85766,HI,Tier 1/2: Deterministic,High,Level alarm hihi LAH-85766/ 07/ 08 on AGO Tank TK-61869-13; 120-22/23 alarm with operator response,N/A,Improper lineup - lining up rundown to a full tank,"Potential overfill of AGO Tank to grade, potential release of AGO, pool fire, potential personnel injury",Node 42,4.0,1.0,2.0
LAHH16573,HIHI,Tier 1/2: Deterministic,High,Level alarm hihi LAHH-16573/02/04 on Kero Tank TK-61869- 11/20 and TK-85935-10 alarm with operator response,N/A,"12"" or 41824"" valve closed on suction to Kero Transfer Pump P-4 or strainer plugs | Transfer Pump P-4 stops | 10"" valve closed on discharge of Transfer Pump P-4 | Improper lineup - lining up rundown to a full tank","Inability to transfer kero between tanks; Potential to overfill tank (TK-61869-20/11, TK-85935-10); Potential release of kero to surrounding area, potential ignition, personnel impact, potential environmental impact | Potential overfill of Kero Tank to grade, potential release of kero, pool fire, potential personnel injury",Node 40,4.0,1.0,2.0
LAHH16502,HIHI,Tier 1/2: Deterministic,High,Level alarm hihi LAHH-16573/02/04 on Kero Tank TK-61869- 11/20 and TK-85935-10 alarm with operator response,N/A,"12"" or 41824"" valve closed on suction to Kero Transfer Pump P-4 or strainer plugs | Transfer Pump P-4 stops | 10"" valve closed on discharge of Transfer Pump P-4 | Improper lineup - lining up rundown to a full tank","Inability to transfer kero between tanks; Potential to overfill tank (TK-61869-20/11, TK-85935-10); Potential release of kero to surrounding area, potential ignition, personnel impact, potential environmental impact | Potential overfill of Kero Tank to grade, potential release of kero, pool fire, potential personnel injury",Node 40,4.0,1.0,2.0
LAHH16504,HIHI,Tier 1/2: Deterministic,High,Level alarm hihi LAHH-16573/02/04 on Kero Tank TK-61869- 11/20 and TK-85935-10 alarm with operator response,N/A,"12"" or 41824"" valve closed on suction to Kero Transfer Pump P-4 or strainer plugs | Transfer Pump P-4 stops | 10"" valve closed on discharge of Transfer Pump P-4 | Improper lineup - lining up rundown to a full tank","Inability to transfer kero between tanks; Potential to overfill tank (TK-61869-20/11, TK-85935-10); Potential release of kero to surrounding area, potential ignition, personnel impact, potential environmental impact | Potential overfill of Kero Tank to grade, potential release of kero, pool fire, potential personnel injury",Node 40,4.0,1.0,2.0
LAHH40903,HIHI,Tier 1/2: Deterministic,High,Level alarm hihi LAHH-40903 on Rerun Tank TK-61869-14 alarm with operator response,N/A,"20"" motor operated valve MOV open on KMCC feed to Tank TK-61869-14 and Tank inlet motor operated valve MOV-38494 open when not intended | Improper lineup - lining up rundown to a full tank","Potential overfill of Rerun Tank TK-61869-14 to grade, potential release of condensate/rerun, potential pool fire or vapor cloud and explosion or flash fire, potential personnel injury, environmental impact, asset damage","Node 43, Node 44",4.0,1.0,2.0
LAHH58680,HIHI,Tier 1/2: Deterministic,High,Level alarm hihi LAHH-58680/ 9409 on Naphtha Tank TK-24946- 24/25 alarm with operator response,N/A,Improper lineup - lining up rundown to a full tank,"Potential overfill of Light Naphtha Tank to grade, potential release of light naphtha, pool fire, potential personnel injury",Node 38,4.0,1.0,2.0
LAHH98749,HIHI,Tier 1/2: Deterministic,High,Level alarm hihi LAHH-98749/ 02/ 03 on Feed Tank TK-97415- 1/2/3 alarm with operator response,N/A,"Improper lineup - lining up receiving feed into a full tank | 8"" rerun to Pump P-HX suction header open and 38112"" open to other Feed tank when not intended","Potential overfill of Feed Tank TK-97415-1/2/3 to grade, potential release of condensate, potential pool fire or vapor cloud and explosion or flash fire, potential personnel injury, environmental impact, asset damage","Node 43, Node 44",4.0,1.0,2.0
LAL58680,LO,Tier 1/2: Deterministic,High,Level alarm low LAL-58680/ 9409 on Naphtha Tank TK-24946- 24/25 with operator response and failure indication,N/A,More recirculation outflow than inflow (operator error) | High naphtha flow from Transfer Pumps P-2A/B (3100 vs 18888 gpm design vs required) out to product terminal,"Increased flow of naphtha out of naphtha tank TK-24946- 24/25, decreased level in TK-24946-24/25, potential to land roof, potential air emission, permit deviation, potential environmental impact | Increased flow of naphtha out of naphtha tank TK-24946- 24/25, decreased level in TK-24946-24/25, potential to land roof, potential explosive atmosphere in vapor space, potential explosion, personnel injury, environmental impact, asset damage",Node 38,4.0,2.0,2.0
LAL98749,LO,Tier 1/2: Deterministic,High,Level alarm low LAL-98749/02/03 on Feed Tank TK-97415- 1/2/3 with operator response and failure indication,N/A,All pumps PM-53688A/B/C online,"Increased flow of Feed out of Feed Tanks TK-97415-1/2/3, decreased level in Feed tanks, potential to land roof, potential explosive atmosphere in vapor space, potential explosion, personnel injury, environmental impact, asset damage",Node 43,4.0,1.0,2.0
LAL98702,LO,Tier 1/2: Deterministic,High,Level alarm low LAL-98749/02/03 on Feed Tank TK-97415- 1/2/3 with operator response and failure indication,N/A,All pumps PM-53688A/B/C online,"Increased flow of Feed out of Feed Tanks TK-97415-1/2/3, decreased level in Feed tanks, potential to land roof, potential explosive atmosphere in vapor space, potential explosion, personnel injury, environmental impact, asset damage",Node 43,4.0,1.0,2.0
LAL98703,LO,Tier 1/2: Deterministic,High,Level alarm low LAL-98749/02/03 on Feed Tank TK-97415- 1/2/3 with operator response and failure indication,N/A,All pumps PM-53688A/B/C online,"Increased flow of Feed out of Feed Tanks TK-97415-1/2/3, decreased level in Feed tanks, potential to land roof, potential explosive atmosphere in vapor space, potential explosion, personnel injury, environmental impact, asset damage",Node 43,4.0,1.0,2.0
LALL79796,LOLO,Tier 1/2: Deterministic,High,Level alarm low LALL-79796 on Naphtha Stabilizer Accumulator pressure vessel PV-81314 trips Naphtha Stabilizer Overhead Pumps PM- 101A/B,N/A,LCV-92846 on Y-Grade product line fails open or bypass inadvertently opened,"Loss of level in Naphtha Stabilizer Accumulator pressure vessel PV-81314, potential to run Naphtha Stabilizer Overhead Pump PM-81314A/B dry, pump cavitation and damage, potential release with personnel impact",Node 3,4.0,1.0,2.0
PV81314,LOLO,Tier 1/2: Deterministic,High,Level alarm low LALL-79796 on Naphtha Stabilizer Accumulator pressure vessel PV-81314 trips Naphtha Stabilizer Overhead Pumps PM- 101A/B,N/A,LCV-92846 on Y-Grade product line fails open or bypass inadvertently opened,"Loss of level in Naphtha Stabilizer Accumulator pressure vessel PV-81314, potential to run Naphtha Stabilizer Overhead Pump PM-81314A/B dry, pump cavitation and damage, potential release with personnel impact",Node 3,4.0,1.0,2.0
LSH45727,HI,Tier 1/2: Deterministic,High,Level switch high LSH-45727/9632 will alarm and prompt operator response,N/A,Pump P-84873/14/15/16 strainer plugs,"Potential sump pump P-84873/14/15/16 cavitation and seal leak, release inside of containment sump, asset damage only",Node 45,2.0,3.0,2.0
LSH49632,HI,Tier 1/2: Deterministic,High,Level switch high LSH-45727/9632 will alarm and prompt operator response,N/A,Pump P-84873/14/15/16 strainer plugs,"Potential sump pump P-84873/14/15/16 cavitation and seal leak, release inside of containment sump, asset damage only",Node 45,2.0,3.0,2.0
LSH45727,HI,Tier 1/2: Deterministic,High,Level switch high LSH-45727/9632 will turn Sump Pumps P- 13/14 and P-37603/16 online and will alarm and prompt operator response,N/A,Manual valve closed or plugging on water from containment areas | Pump P-84873/14/15/16 strainer plugs | Pump P-84873/14/15/16 stops on lift station #1/2,"Potential to flood containment area, spilling oily water to ground, potential environmental/financial impact | Potential to overfill Lift station #1/2, spilling oily water to ground, potential environmental impact",Node 45,2.0,2.0,1.0
LSH49632,HI,Tier 1/2: Deterministic,High,Level switch high LSH-45727/9632 will turn Sump Pumps P- 13/14 and P-37603/16 online and will alarm and prompt operator response,N/A,Manual valve closed or plugging on water from containment areas | Pump P-84873/14/15/16 strainer plugs | Pump P-84873/14/15/16 stops on lift station #1/2,"Potential to flood containment area, spilling oily water to ground, potential environmental/financial impact | Potential to overfill Lift station #1/2, spilling oily water to ground, potential environmental impact",Node 45,2.0,2.0,1.0
AI40020,LO,Tier 1/2: Deterministic,High,Lower Explosive Limit LEL AI- 40020/40022 and AI- 40120/40122 alarm will prompt operators to cordon off the area,N/A,Loss of heat tracing on water line drain,"Potential to freeze water at water draw off pot, pipe failure upon thaw, release, ignition, personnel impact",Node 11,4.0,1.0,2.0
AI40022,LO,Tier 1/2: Deterministic,High,Lower Explosive Limit LEL AI- 40020/40022 and AI- 40120/40122 alarm will prompt operators to cordon off the area,N/A,Loss of heat tracing on water line drain,"Potential to freeze water at water draw off pot, pipe failure upon thaw, release, ignition, personnel impact",Node 11,4.0,1.0,2.0
AI40120,LO,Tier 1/2: Deterministic,High,Lower Explosive Limit LEL AI- 40020/40022 and AI- 40120/40122 alarm will prompt operators to cordon off the area,N/A,Loss of heat tracing on water line drain,"Potential to freeze water at water draw off pot, pipe failure upon thaw, release, ignition, personnel impact",Node 11,4.0,1.0,2.0
AI40122,LO,Tier 1/2: Deterministic,High,Lower Explosive Limit LEL AI- 40020/40022 and AI- 40120/40122 alarm will prompt operators to cordon off the area,N/A,Loss of heat tracing on water line drain,"Potential to freeze water at water draw off pot, pipe failure upon thaw, release, ignition, personnel impact",Node 11,4.0,1.0,2.0
AI11361,LO,Tier 1/2: Deterministic,High,Lower Explosive Limit LEL alarm AI- 11361/21361 will prompt operators to cordon off the area,N/A,Manual valve(s) on suction to Suction scrubber pump PM-87095A/B inadvertently closed | Manual valve(s) on discharge from Suction scrubber pump PM-87095A/B inadvertently closed | Manual valve on suction to Discharge Scrubber Pump PM-41064A/B inadvertently closed | Manual valve on discharge from Discharge Scrubber Pump PM-41064A/B inadvertently closed | Suction scrubber pump PM-87095A/B fails to stop | Discharge scrubber pump PM-41064A/B fails to stop | Manual valve(s) on suction to Suction scrubber pump PM-91045A/B inadvertently closed | Manual valve(s) on discharge from Suction scrubber pump PM-91045A/B inadvertently closed | Manual valve on suction to Discharge Scrubber Pump PM-28116A/B inadvertently closed | Manual valve on discharge from Discharge Scrubber Pump PM-28116A/B inadvertently closed | Suction scrubber pump PM-91045A/B fails to stop,"Loss of suction to pumps PM-87095A/B with potential cavitation; Potential seal failure with loss of containment, potential ignition and personnel impact | Loss of discharge from pumps PM-87095A/B with potential deadhead; Potential seal failure with loss of containment, potential ignition and personnel impact | Loss of suction to pumps PM-41064A/B with potential cavitation; Potential seal failure with loss of containment, potential ignition and personnel impact | Blocked discharge from pumps PM-41064A/B with potential deadhead; Potential seal failure with loss of containment, potential ignition and personnel impact | Potential to pump out all level in Suction Scrubber PV-60820; Potential loss of suction to pumps PM-87095A/B with potential cavitation; Potential seal failure with loss of containment, potential ignition and personnel impact | Potential to pump out all level in Discharge Scrubber PV- 109; Potential loss of suction to pumps PM-41064A/B with potential cavitation; Potential seal failure with loss of containment, potential ignition and personnel impact | Loss of suction to pumps PM-91045A/B with potential cavitation; Potential seal failure with loss of containment, potential ignition and personnel impact | Loss of discharge from pumps PM-91045A/B with potential deadhead; Potential seal failure with loss of containment, potential ignition and personnel impact | Loss of suction to pumps PM-28116A/B with potential cavitation; Potential seal failure with loss of containment, potential ignition and personnel impact | Blocked discharge from pumps PM-28116A/B with potential deadhead; Potential seal failure with loss of containment, potential ignition and personnel impact | Potential to pump out all level in Suction Scrubber PV-11354; Potential loss of suction to pumps PM-91045A/B with potential cavitation; Potential seal failure with loss of containment, potential ignition and personnel impact","Node 9, Node 27",4.0,1.0,2.0
AI21361,LO,Tier 1/2: Deterministic,High,Lower Explosive Limit LEL alarm AI- 11361/21361 will prompt operators to cordon off the area,N/A,Manual valve(s) on suction to Suction scrubber pump PM-87095A/B inadvertently closed | Manual valve(s) on discharge from Suction scrubber pump PM-87095A/B inadvertently closed | Manual valve on suction to Discharge Scrubber Pump PM-41064A/B inadvertently closed | Manual valve on discharge from Discharge Scrubber Pump PM-41064A/B inadvertently closed | Suction scrubber pump PM-87095A/B fails to stop | Discharge scrubber pump PM-41064A/B fails to stop | Manual valve(s) on suction to Suction scrubber pump PM-91045A/B inadvertently closed | Manual valve(s) on discharge from Suction scrubber pump PM-91045A/B inadvertently closed | Manual valve on suction to Discharge Scrubber Pump PM-28116A/B inadvertently closed | Manual valve on discharge from Discharge Scrubber Pump PM-28116A/B inadvertently closed | Suction scrubber pump PM-91045A/B fails to stop,"Loss of suction to pumps PM-87095A/B with potential cavitation; Potential seal failure with loss of containment, potential ignition and personnel impact | Loss of discharge from pumps PM-87095A/B with potential deadhead; Potential seal failure with loss of containment, potential ignition and personnel impact | Loss of suction to pumps PM-41064A/B with potential cavitation; Potential seal failure with loss of containment, potential ignition and personnel impact | Blocked discharge from pumps PM-41064A/B with potential deadhead; Potential seal failure with loss of containment, potential ignition and personnel impact | Potential to pump out all level in Suction Scrubber PV-60820; Potential loss of suction to pumps PM-87095A/B with potential cavitation; Potential seal failure with loss of containment, potential ignition and personnel impact | Potential to pump out all level in Discharge Scrubber PV- 109; Potential loss of suction to pumps PM-41064A/B with potential cavitation; Potential seal failure with loss of containment, potential ignition and personnel impact | Loss of suction to pumps PM-91045A/B with potential cavitation; Potential seal failure with loss of containment, potential ignition and personnel impact | Loss of discharge from pumps PM-91045A/B with potential deadhead; Potential seal failure with loss of containment, potential ignition and personnel impact | Loss of suction to pumps PM-28116A/B with potential cavitation; Potential seal failure with loss of containment, potential ignition and personnel impact | Blocked discharge from pumps PM-28116A/B with potential deadhead; Potential seal failure with loss of containment, potential ignition and personnel impact | Potential to pump out all level in Suction Scrubber PV-11354; Potential loss of suction to pumps PM-91045A/B with potential cavitation; Potential seal failure with loss of containment, potential ignition and personnel impact","Node 9, Node 27",4.0,1.0,2.0
AI16573,LO,Tier 1/2: Deterministic,High,Lower Explosive Limit LEL alarm AI- 16573/2/3/4 around kero/diesel manifold that will prompt operator to cordon off the area,N/A,"12"" or 41824"" valve closed on suction to Kero Transfer Pump P-4 or strainer plugs | Transfer Pump P-4 stops | 10"" valve closed on discharge of Transfer Pump P-4 | 12"" or 41824"" valve closed on suction to Transfer Pump P-4 or strainer plugs | 10"" valve closed on discharge of Transfer Pump P-4 to other tank (when performing tank transfer)","Loss of flow to Kero to Transfer Pump P-4, potential cavitation and seal leak, release of kero to atmosphere, potential seal fire, personnel injury, environmental impact | Inability to transfer kero between tanks; Potential to overfill tank (TK-61869-20/11, TK-85935-10); Potential release of kero to surrounding area, potential ignition, personnel impact, potential environmental impact | Loss of flow from Kero to Transfer Pump P-4, potential deadhead and seal leak, release of kero to atmosphere, potential seal fire, personnel injury, environmental impact | Loss of flow to Diesel to Transfer Pump P-4, potential cavitation and seal leak, release of diesel to atmosphere, potential seal fire from seal, personnel injury, environmental impact | Loss of flow from Transfer Pump P-4, potential deadhead and seal leak, release of diesel to atmosphere, potential seal fire from seal, personnel injury, environmental impact","Node 40, Node 41",4.0,1.0,2.0
AI11461,LO,Tier 1/2: Deterministic,High,Lower Explosive Limit LEL alarms AI- 11461/11481/21461/2 1481 will prompt operators to cordon off the area,N/A,"Manual valve closed on suction to Diesel Stripper Product Pumps PM-60820A/B or basket strainers plugged on suction piping | 6"" manual valve from EX-11689 inadvertently closed",High level in Diesel Stripper T-17647; Inability to draw off diesel from Combi Tower T-56446; Potential to ultimately flood level in T-56446; Potential to send liquids in the vapor return lines; Potential damage to vapor return piping; Potential release with ignition and personnel impact | Blocked discharge from pumps PM-80996A/B; Potential to deadhead pumps; Potential seal failure with potential loss of containment; Potential ignition and personnel impact,"Node 8, Node 22",4.0,1.0,2.0
AI11481,LO,Tier 1/2: Deterministic,High,Lower Explosive Limit LEL alarms AI- 11461/11481/21461/2 1481 will prompt operators to cordon off the area,N/A,"Manual valve closed on suction to Diesel Stripper Product Pumps PM-60820A/B or basket strainers plugged on suction piping | 6"" manual valve from EX-11689 inadvertently closed",High level in Diesel Stripper T-17647; Inability to draw off diesel from Combi Tower T-56446; Potential to ultimately flood level in T-56446; Potential to send liquids in the vapor return lines; Potential damage to vapor return piping; Potential release with ignition and personnel impact | Blocked discharge from pumps PM-80996A/B; Potential to deadhead pumps; Potential seal failure with potential loss of containment; Potential ignition and personnel impact,"Node 8, Node 22",4.0,1.0,2.0
AI21461,LO,Tier 1/2: Deterministic,High,Lower Explosive Limit LEL alarms AI- 11461/11481/21461/2 1481 will prompt operators to cordon off the area,N/A,"Manual valve closed on suction to Diesel Stripper Product Pumps PM-60820A/B or basket strainers plugged on suction piping | 6"" manual valve from EX-11689 inadvertently closed",High level in Diesel Stripper T-17647; Inability to draw off diesel from Combi Tower T-56446; Potential to ultimately flood level in T-56446; Potential to send liquids in the vapor return lines; Potential damage to vapor return piping; Potential release with ignition and personnel impact | Blocked discharge from pumps PM-80996A/B; Potential to deadhead pumps; Potential seal failure with potential loss of containment; Potential ignition and personnel impact,"Node 8, Node 22",4.0,1.0,2.0
AI51700,LO,Tier 1/2: Deterministic,High,Lower Explosive Limit LEL alarms AI- 51700/99283/52971/2 1481 will prompt operators to cordon off the area,N/A,"Manual valve on suction to Combi Tower Bottoms Product Pump PM-59524A/B inadvertently closed | Manual valve on discharge from Combi Tower Bottoms Product Pump PM-59524A/B inadvertently closed | 6"" manual valve from EX-17647 inadvertently closed | 6"" manual valve on inlet to AF-73992 Bottoms Product Cooler inadvertently closed | 6"" manual valve on outlet from AF-73992 Bottoms Product Cooler inadvertently closed | TCV-30806A malfunctions closed or upstream/downstream manual valve(s) inadvertently closed | LCV-14439 malfunctions closed or upstream/downstream manual valve(s) inadvertently closed | LCV-14439 fails open or bypass inadvertently open | Heavy Naphtha Stripper Product Pump PM- 105B trips | 6"" manual valve on suction to Heavy Naphtha Stripper Product Pump PM-17647B inadvertently closed | 6"" manual valve on discharge from Heavy Naphtha Stripper Product Pump PM-17647B inadvertently closed | FCV-13718 malfunctions closed or upstream/downstream manual valve(s) inadvertently closed | LCV-81570 malfunctions closed or upstream/downstream manual valve(s) inadvertently closed | T-56446 Combi Tower tray pluggage | Level control valve LCV-74017 fails closed | T-56446 Combi Tower Tray Pluggage | Kero Stripper Product Pump PM-76255A/B trips or loss of power | Manual valve closed inadvertently in Kero Stripper Product Pump PM-76255A/B suction or basket strainers on suction lines plugged | Manual valve closed inadvertently in Kero Stripper Product Pump PM-76255A/B discharge | 8"" manual valve on EX-73992 shell side outlet inadvertently closed | 8"" manual valve upstream/downstream of AF-59524 Kero Product Cooler inadvertently closed | FCV-19313 malfunctions closed or upstream/downstream manual valve(s) inadvertently closed or 8"" manual valve on kero product to rerun inadvertently closed | LCV-74017 fails open or bypass valve inadvertently open | Level control valve LCV-15841 fails closed or T-56446 tower tray plugs | Diesel Stripper Product Pumps PM-60820A/B trips | Manual valve closed on discharge from Diesel Stripper Product Pumps PM-60820A/B | 6"" manual valve on EX-59524 shell side outlet inadvertently closed | 6"" manual valve(s) upstream/downstream AF-76255 Diesel Product Cooler inadvertently closed | FCV-96168 malfunctions closed or upstream/downstream manual valve(s) inadvertently closed | Manual valve on suction to Combi Tower Bottoms Product Pump PM-80996A/B inadvertently closed | Manual valve on discharge from Combi Tower Bottoms Product Pump PM-80996A/B inadvertently closed | 6"" manual valve on inlet to AF-99986 Bottoms Product Cooler inadvertently closed | 6"" manual valve on outlet from AF-99986 Bottoms Product Cooler inadvertently closed | TCV-47043A malfunctions closed or upstream/downstream manual valve(s) inadvertently closed | LCV-60053 malfunctions closed or upstream/downstream manual valve(s) inadvertently closed | LCV-60053 fails open or bypass inadvertently open | Heavy Naphtha Stripper Product Pump PM-11689B trips | 6"" manual valve on suction to Heavy Naphtha Stripper Product Pump PM-11689B inadvertently closed | 6"" manual valve on discharge from Heavy Naphtha Stripper Product Pump PM-11689B inadvertently closed | FCV-38704 malfunctions closed or upstream/downstream manual valve(s) inadvertently closed | LCV-16358 malfunctions closed or upstream/downstream manual valve(s) inadvertently closed | T-92182 Combi Tower tray pluggage | Level control valve LCV-20382 fails closed | T-92182 Combi Tower Tray Pluggage | Kero Stripper Product Pump PM-48495A/B trips or loss of power | Manual valve closed inadvertently in Kero Stripper Product Pump PM-48495A/B suction or basket strainers on suction lines plugged | Manual valve closed inadvertently in Kero Stripper Product Pump PM-48495A/B discharge | 8"" manual valve on EX-99986 shell side outlet inadvertently closed | 8"" manual valve upstream/downstream of AF-80996 Kero Product Cooler inadvertently closed | FCV-80717 malfunctions closed or upstream/downstream manual valve(s) inadvertently closed or 8"" manual valve on kero product to rerun inadvertently closed | LCV-20382 fails open or bypass valve inadvertently open | Level control valve LCV-44082 fails closed or T-92182 tower tray plugs | Diesel Stripper Product Pumps PM- 207A/B trips | Manual valve closed on suction to Diesel Stripper Product Pumps PM-11354A/B or basket strainers plugged on suction piping | Manual valve closed on discharge from Diesel Stripper Product Pumps PM-11354A/B | 6"" manual valve on EX-80996 shell side outlet inadvertently closed | 6"" manual valve(s) upstream/downstream AF-48495 Diesel Product Cooler inadvertently closed | FCV-73508 malfunctions closed or upstream/downstream manual valve(s) inadvertently closed | Manual valve closed on AGO rundown header from one or both splitter towers | 8"" Manual valve closed on Rerun header from one or both splitter towers","Loss of suction to PM-59524A/B; Potential to cavitate pump resulting in pump damage; Potential seal failure with potential loss of containment; Potential ignition and personnel impact | Blocked discharge from pumps PM-59524A/B; Potential to deadhead pumps; Potential seal failure with potential loss of containment; Potential ignition and personnel impact | High flow results in low level in Combi Tower T-56446; Potential loss of suction to Bottoms Pumps PM-59524A/B; Potential to cavitate pump resulting in pump damage; Potential seal failure with potential loss of containment; Potential ignition and personnel impact | High level in Heavy Naphtha Stripper T-73992, potential to overfill T-73992 back to Combi Tower T-56446; high differential pressure; Potential to get heavy naphtha liquids in the vapor return line; Potential damage to vapor return piping; Potential release with ignition and personnel impact | Blocked suction to PM-17647B; Potential pump cavitation; Potential seal failure with loss of containment, potential ignition and personnel impact | Blocked discharge from PM-17647B; Potential pump deadhead; Potential seal failure with loss of containment, potential ignition and personnel impact | Potential Combi Tower T-56446 flooding; high differential pressure; Potential to get heavy naphtha liquids in the vapor return line; Potential damage to vapor return piping; Potential release with ignition and personnel impact | Potential Combi Tower T-56446 flooding; high differential pressure; Potential to get kero liquids in the vapor return line; Potential damage to vapor return piping; Potential release with ignition and personnel impact | High level in Kero Stripper T-59524; Potential Combi Tower T-56446 flooding; high differential pressure; Potential to get kero liquids in the vapor return line; Potential damage to vapor return piping; Potential release with ignition and personnel impact | Inadvertently route all flow through either AF-59524-1 or AF- 104-2; Potential reduced cooling ability, sending higher temperature product to storage tanks; Not enough to exceed design temp of storage tanks (200 degF); Potential reduced flow and potential increased level in Kero Stripper T-59524; Potential high level in Stripper T-59524; Potential Combi Tower T-56446 flooding; high differential pressure; Potential to get kero liquids in the vapor return line; Potential damage to vapor return piping; Potential release with ignition and personnel impact | Potential to flood the Kero Stripper T-59524; Potential to send out liquids in the vapor return line back to the Combi Tower T-56446; Potential damage to vapor return piping; Potential release with ignition and personnel impact | Potential to drop diesel into the bottom of the Combi Tower T-56446, potential to send out diesel with the AGO; Potential to ultimately flood level in T-56446; Potential to send liquids in the vapor return lines; Potential damage to vapor return piping; Potential release with ignition and personnel impact | High level in Diesel Stripper T-17647; Inability to draw off diesel from Combi Tower T-56446; Potential to ultimately flood level in T-56446; Potential to send liquids in the vapor return lines; Potential damage to vapor return piping; Potential release with ignition and personnel impact | Loss of suction to PM-80996A/B; Potential to cavitate pump resulting in pump damage; Potential seal failure with potential loss of containment; Potential ignition and personnel impact | Blocked discharge from pumps PM-80996A/B; Potential to deadhead pumps; Potential seal failure with potential loss of containment; Potential ignition and personnel impact | High flow results in low level in Combi Tower T-92182; Potential loss of suction to Bottoms Pumps PM-80996A/B; Potential to cavitate pump resulting in pump damage; Potential seal failure with potential loss of containment; Potential ignition and personnel impact | High level in Heavy Naphtha Stripper T-99986, potential to overfill T-99986 back to Combi Tower T-92182; high differential pressure; Potential to get heavy naphtha liquids in the vapor return line; Potential damage to vapor return piping; Potential release with ignition and personnel impact | Blocked suction to PM-11689B; Potential pump cavitation; Potential seal failure with loss of containment, potential ignition and personnel impact | Blocked discharge from PM-11689B; Potential pump deadhead; Potential seal failure with loss of containment, potential ignition and personnel impact | Potential Combi Tower T-92182 flooding; high differential pressure; Potential to get heavy naphtha liquids in the vapor return line; Potential damage to vapor return piping; Potential release with ignition and personnel impact | Potential Combi Tower T-92182 flooding; high differential pressure; Potential to get kero liquids in the vapor return line; Potential damage to vapor return piping; Potential release with ignition and personnel impact | High level in Kero Stripper T-80996; Potential Combi Tower T-92182 flooding; high differential pressure; Potential to get kero liquids in the vapor return line; Potential damage to vapor return piping; Potential release with ignition and personnel impact | Inadvertently route all flow through either AF-80996-1 or AF- 204-2; Potential reduced cooling ability, sending higher temperature product to storage tanks; Not enough to exceed design temp of storage tanks (200 degF); Potential reduced flow and potential increased level in Kero Stripper T-80996; Potential high level in Stripper T-80996; Potential Combi Tower T-92182 flooding; high differential pressure; Potential to get kero liquids in the vapor return line; Potential damage to vapor return piping; Potential release with ignition and personnel impact | Potential to flood the Kero Stripper T-80996; Potential to send out liquids in the vapor return line back to the Combi Tower T- 202; Potential damage to vapor return piping; Potential release with ignition and personnel impact | Potential to drop diesel into the bottom of the Combi Tower T-92182, potential to send out diesel with the AGO; Potential to ultimately flood level in T-92182; Potential to send liquids in the vapor return lines; Potential damage to vapor return piping; Potential release with ignition and personnel impact | High level in Diesel Stripper T-11689; Inability to draw off diesel from Combi Tower T-92182; Potential to ultimately flood level in T-92182; Potential to send liquids in the vapor return lines; Potential damage to vapor return piping; Potential release with ignition and personnel impact | Combi Tower Bottoms Product Pumps PM-59524A/B or PM- 204A/B deadheaded, potential seal failure, release of hydrocarbons and ignition, potential personnel impact","Node 4, Node 6, Node 7, Node 8, Node 22, Node 24, Node 25, Node 26, Node 42, Node 44",4.0,2.0,3.0
AI99283,LO,Tier 1/2: Deterministic,High,Lower Explosive Limit LEL alarms AI- 51700/99283/52971/2 1481 will prompt operators to cordon off the area,N/A,"Manual valve on suction to Combi Tower Bottoms Product Pump PM-59524A/B inadvertently closed | Manual valve on discharge from Combi Tower Bottoms Product Pump PM-59524A/B inadvertently closed | 6"" manual valve from EX-17647 inadvertently closed | 6"" manual valve on inlet to AF-73992 Bottoms Product Cooler inadvertently closed | 6"" manual valve on outlet from AF-73992 Bottoms Product Cooler inadvertently closed | TCV-30806A malfunctions closed or upstream/downstream manual valve(s) inadvertently closed | LCV-14439 malfunctions closed or upstream/downstream manual valve(s) inadvertently closed | LCV-14439 fails open or bypass inadvertently open | Heavy Naphtha Stripper Product Pump PM- 105B trips | 6"" manual valve on suction to Heavy Naphtha Stripper Product Pump PM-17647B inadvertently closed | 6"" manual valve on discharge from Heavy Naphtha Stripper Product Pump PM-17647B inadvertently closed | FCV-13718 malfunctions closed or upstream/downstream manual valve(s) inadvertently closed | LCV-81570 malfunctions closed or upstream/downstream manual valve(s) inadvertently closed | T-56446 Combi Tower tray pluggage | Level control valve LCV-74017 fails closed | T-56446 Combi Tower Tray Pluggage | Kero Stripper Product Pump PM-76255A/B trips or loss of power | Manual valve closed inadvertently in Kero Stripper Product Pump PM-76255A/B suction or basket strainers on suction lines plugged | Manual valve closed inadvertently in Kero Stripper Product Pump PM-76255A/B discharge | 8"" manual valve on EX-73992 shell side outlet inadvertently closed | 8"" manual valve upstream/downstream of AF-59524 Kero Product Cooler inadvertently closed | FCV-19313 malfunctions closed or upstream/downstream manual valve(s) inadvertently closed or 8"" manual valve on kero product to rerun inadvertently closed | LCV-74017 fails open or bypass valve inadvertently open | Level control valve LCV-15841 fails closed or T-56446 tower tray plugs | Diesel Stripper Product Pumps PM-60820A/B trips | Manual valve closed on discharge from Diesel Stripper Product Pumps PM-60820A/B | 6"" manual valve on EX-59524 shell side outlet inadvertently closed | 6"" manual valve(s) upstream/downstream AF-76255 Diesel Product Cooler inadvertently closed | FCV-96168 malfunctions closed or upstream/downstream manual valve(s) inadvertently closed | Manual valve on suction to Combi Tower Bottoms Product Pump PM-80996A/B inadvertently closed | Manual valve on discharge from Combi Tower Bottoms Product Pump PM-80996A/B inadvertently closed | 6"" manual valve on inlet to AF-99986 Bottoms Product Cooler inadvertently closed | 6"" manual valve on outlet from AF-99986 Bottoms Product Cooler inadvertently closed | TCV-47043A malfunctions closed or upstream/downstream manual valve(s) inadvertently closed | LCV-60053 malfunctions closed or upstream/downstream manual valve(s) inadvertently closed | LCV-60053 fails open or bypass inadvertently open | Heavy Naphtha Stripper Product Pump PM-11689B trips | 6"" manual valve on suction to Heavy Naphtha Stripper Product Pump PM-11689B inadvertently closed | 6"" manual valve on discharge from Heavy Naphtha Stripper Product Pump PM-11689B inadvertently closed | FCV-38704 malfunctions closed or upstream/downstream manual valve(s) inadvertently closed | LCV-16358 malfunctions closed or upstream/downstream manual valve(s) inadvertently closed | T-92182 Combi Tower tray pluggage | Level control valve LCV-20382 fails closed | T-92182 Combi Tower Tray Pluggage | Kero Stripper Product Pump PM-48495A/B trips or loss of power | Manual valve closed inadvertently in Kero Stripper Product Pump PM-48495A/B suction or basket strainers on suction lines plugged | Manual valve closed inadvertently in Kero Stripper Product Pump PM-48495A/B discharge | 8"" manual valve on EX-99986 shell side outlet inadvertently closed | 8"" manual valve upstream/downstream of AF-80996 Kero Product Cooler inadvertently closed | FCV-80717 malfunctions closed or upstream/downstream manual valve(s) inadvertently closed or 8"" manual valve on kero product to rerun inadvertently closed | LCV-20382 fails open or bypass valve inadvertently open | Level control valve LCV-44082 fails closed or T-92182 tower tray plugs | Diesel Stripper Product Pumps PM- 207A/B trips | Manual valve closed on suction to Diesel Stripper Product Pumps PM-11354A/B or basket strainers plugged on suction piping | Manual valve closed on discharge from Diesel Stripper Product Pumps PM-11354A/B | 6"" manual valve on EX-80996 shell side outlet inadvertently closed | 6"" manual valve(s) upstream/downstream AF-48495 Diesel Product Cooler inadvertently closed | FCV-73508 malfunctions closed or upstream/downstream manual valve(s) inadvertently closed | Manual valve closed on AGO rundown header from one or both splitter towers | 8"" Manual valve closed on Rerun header from one or both splitter towers","Loss of suction to PM-59524A/B; Potential to cavitate pump resulting in pump damage; Potential seal failure with potential loss of containment; Potential ignition and personnel impact | Blocked discharge from pumps PM-59524A/B; Potential to deadhead pumps; Potential seal failure with potential loss of containment; Potential ignition and personnel impact | High flow results in low level in Combi Tower T-56446; Potential loss of suction to Bottoms Pumps PM-59524A/B; Potential to cavitate pump resulting in pump damage; Potential seal failure with potential loss of containment; Potential ignition and personnel impact | High level in Heavy Naphtha Stripper T-73992, potential to overfill T-73992 back to Combi Tower T-56446; high differential pressure; Potential to get heavy naphtha liquids in the vapor return line; Potential damage to vapor return piping; Potential release with ignition and personnel impact | Blocked suction to PM-17647B; Potential pump cavitation; Potential seal failure with loss of containment, potential ignition and personnel impact | Blocked discharge from PM-17647B; Potential pump deadhead; Potential seal failure with loss of containment, potential ignition and personnel impact | Potential Combi Tower T-56446 flooding; high differential pressure; Potential to get heavy naphtha liquids in the vapor return line; Potential damage to vapor return piping; Potential release with ignition and personnel impact | Potential Combi Tower T-56446 flooding; high differential pressure; Potential to get kero liquids in the vapor return line; Potential damage to vapor return piping; Potential release with ignition and personnel impact | High level in Kero Stripper T-59524; Potential Combi Tower T-56446 flooding; high differential pressure; Potential to get kero liquids in the vapor return line; Potential damage to vapor return piping; Potential release with ignition and personnel impact | Inadvertently route all flow through either AF-59524-1 or AF- 104-2; Potential reduced cooling ability, sending higher temperature product to storage tanks; Not enough to exceed design temp of storage tanks (200 degF); Potential reduced flow and potential increased level in Kero Stripper T-59524; Potential high level in Stripper T-59524; Potential Combi Tower T-56446 flooding; high differential pressure; Potential to get kero liquids in the vapor return line; Potential damage to vapor return piping; Potential release with ignition and personnel impact | Potential to flood the Kero Stripper T-59524; Potential to send out liquids in the vapor return line back to the Combi Tower T-56446; Potential damage to vapor return piping; Potential release with ignition and personnel impact | Potential to drop diesel into the bottom of the Combi Tower T-56446, potential to send out diesel with the AGO; Potential to ultimately flood level in T-56446; Potential to send liquids in the vapor return lines; Potential damage to vapor return piping; Potential release with ignition and personnel impact | High level in Diesel Stripper T-17647; Inability to draw off diesel from Combi Tower T-56446; Potential to ultimately flood level in T-56446; Potential to send liquids in the vapor return lines; Potential damage to vapor return piping; Potential release with ignition and personnel impact | Loss of suction to PM-80996A/B; Potential to cavitate pump resulting in pump damage; Potential seal failure with potential loss of containment; Potential ignition and personnel impact | Blocked discharge from pumps PM-80996A/B; Potential to deadhead pumps; Potential seal failure with potential loss of containment; Potential ignition and personnel impact | High flow results in low level in Combi Tower T-92182; Potential loss of suction to Bottoms Pumps PM-80996A/B; Potential to cavitate pump resulting in pump damage; Potential seal failure with potential loss of containment; Potential ignition and personnel impact | High level in Heavy Naphtha Stripper T-99986, potential to overfill T-99986 back to Combi Tower T-92182; high differential pressure; Potential to get heavy naphtha liquids in the vapor return line; Potential damage to vapor return piping; Potential release with ignition and personnel impact | Blocked suction to PM-11689B; Potential pump cavitation; Potential seal failure with loss of containment, potential ignition and personnel impact | Blocked discharge from PM-11689B; Potential pump deadhead; Potential seal failure with loss of containment, potential ignition and personnel impact | Potential Combi Tower T-92182 flooding; high differential pressure; Potential to get heavy naphtha liquids in the vapor return line; Potential damage to vapor return piping; Potential release with ignition and personnel impact | Potential Combi Tower T-92182 flooding; high differential pressure; Potential to get kero liquids in the vapor return line; Potential damage to vapor return piping; Potential release with ignition and personnel impact | High level in Kero Stripper T-80996; Potential Combi Tower T-92182 flooding; high differential pressure; Potential to get kero liquids in the vapor return line; Potential damage to vapor return piping; Potential release with ignition and personnel impact | Inadvertently route all flow through either AF-80996-1 or AF- 204-2; Potential reduced cooling ability, sending higher temperature product to storage tanks; Not enough to exceed design temp of storage tanks (200 degF); Potential reduced flow and potential increased level in Kero Stripper T-80996; Potential high level in Stripper T-80996; Potential Combi Tower T-92182 flooding; high differential pressure; Potential to get kero liquids in the vapor return line; Potential damage to vapor return piping; Potential release with ignition and personnel impact | Potential to flood the Kero Stripper T-80996; Potential to send out liquids in the vapor return line back to the Combi Tower T- 202; Potential damage to vapor return piping; Potential release with ignition and personnel impact | Potential to drop diesel into the bottom of the Combi Tower T-92182, potential to send out diesel with the AGO; Potential to ultimately flood level in T-92182; Potential to send liquids in the vapor return lines; Potential damage to vapor return piping; Potential release with ignition and personnel impact | High level in Diesel Stripper T-11689; Inability to draw off diesel from Combi Tower T-92182; Potential to ultimately flood level in T-92182; Potential to send liquids in the vapor return lines; Potential damage to vapor return piping; Potential release with ignition and personnel impact | Combi Tower Bottoms Product Pumps PM-59524A/B or PM- 204A/B deadheaded, potential seal failure, release of hydrocarbons and ignition, potential personnel impact","Node 4, Node 6, Node 7, Node 8, Node 22, Node 24, Node 25, Node 26, Node 42, Node 44",4.0,2.0,3.0
AI52971,LO,Tier 1/2: Deterministic,High,Lower Explosive Limit LEL alarms AI- 51700/99283/52971/2 1481 will prompt operators to cordon off the area,N/A,"Manual valve on suction to Combi Tower Bottoms Product Pump PM-59524A/B inadvertently closed | Manual valve on discharge from Combi Tower Bottoms Product Pump PM-59524A/B inadvertently closed | 6"" manual valve from EX-17647 inadvertently closed | 6"" manual valve on inlet to AF-73992 Bottoms Product Cooler inadvertently closed | 6"" manual valve on outlet from AF-73992 Bottoms Product Cooler inadvertently closed | TCV-30806A malfunctions closed or upstream/downstream manual valve(s) inadvertently closed | LCV-14439 malfunctions closed or upstream/downstream manual valve(s) inadvertently closed | LCV-14439 fails open or bypass inadvertently open | Heavy Naphtha Stripper Product Pump PM- 105B trips | 6"" manual valve on suction to Heavy Naphtha Stripper Product Pump PM-17647B inadvertently closed | 6"" manual valve on discharge from Heavy Naphtha Stripper Product Pump PM-17647B inadvertently closed | FCV-13718 malfunctions closed or upstream/downstream manual valve(s) inadvertently closed | LCV-81570 malfunctions closed or upstream/downstream manual valve(s) inadvertently closed | T-56446 Combi Tower tray pluggage | Level control valve LCV-74017 fails closed | T-56446 Combi Tower Tray Pluggage | Kero Stripper Product Pump PM-76255A/B trips or loss of power | Manual valve closed inadvertently in Kero Stripper Product Pump PM-76255A/B suction or basket strainers on suction lines plugged | Manual valve closed inadvertently in Kero Stripper Product Pump PM-76255A/B discharge | 8"" manual valve on EX-73992 shell side outlet inadvertently closed | 8"" manual valve upstream/downstream of AF-59524 Kero Product Cooler inadvertently closed | FCV-19313 malfunctions closed or upstream/downstream manual valve(s) inadvertently closed or 8"" manual valve on kero product to rerun inadvertently closed | LCV-74017 fails open or bypass valve inadvertently open | Level control valve LCV-15841 fails closed or T-56446 tower tray plugs | Diesel Stripper Product Pumps PM-60820A/B trips | Manual valve closed on discharge from Diesel Stripper Product Pumps PM-60820A/B | 6"" manual valve on EX-59524 shell side outlet inadvertently closed | 6"" manual valve(s) upstream/downstream AF-76255 Diesel Product Cooler inadvertently closed | FCV-96168 malfunctions closed or upstream/downstream manual valve(s) inadvertently closed | Manual valve on suction to Combi Tower Bottoms Product Pump PM-80996A/B inadvertently closed | Manual valve on discharge from Combi Tower Bottoms Product Pump PM-80996A/B inadvertently closed | 6"" manual valve on inlet to AF-99986 Bottoms Product Cooler inadvertently closed | 6"" manual valve on outlet from AF-99986 Bottoms Product Cooler inadvertently closed | TCV-47043A malfunctions closed or upstream/downstream manual valve(s) inadvertently closed | LCV-60053 malfunctions closed or upstream/downstream manual valve(s) inadvertently closed | LCV-60053 fails open or bypass inadvertently open | Heavy Naphtha Stripper Product Pump PM-11689B trips | 6"" manual valve on suction to Heavy Naphtha Stripper Product Pump PM-11689B inadvertently closed | 6"" manual valve on discharge from Heavy Naphtha Stripper Product Pump PM-11689B inadvertently closed | FCV-38704 malfunctions closed or upstream/downstream manual valve(s) inadvertently closed | LCV-16358 malfunctions closed or upstream/downstream manual valve(s) inadvertently closed | T-92182 Combi Tower tray pluggage | Level control valve LCV-20382 fails closed | T-92182 Combi Tower Tray Pluggage | Kero Stripper Product Pump PM-48495A/B trips or loss of power | Manual valve closed inadvertently in Kero Stripper Product Pump PM-48495A/B suction or basket strainers on suction lines plugged | Manual valve closed inadvertently in Kero Stripper Product Pump PM-48495A/B discharge | 8"" manual valve on EX-99986 shell side outlet inadvertently closed | 8"" manual valve upstream/downstream of AF-80996 Kero Product Cooler inadvertently closed | FCV-80717 malfunctions closed or upstream/downstream manual valve(s) inadvertently closed or 8"" manual valve on kero product to rerun inadvertently closed | LCV-20382 fails open or bypass valve inadvertently open | Level control valve LCV-44082 fails closed or T-92182 tower tray plugs | Diesel Stripper Product Pumps PM- 207A/B trips | Manual valve closed on suction to Diesel Stripper Product Pumps PM-11354A/B or basket strainers plugged on suction piping | Manual valve closed on discharge from Diesel Stripper Product Pumps PM-11354A/B | 6"" manual valve on EX-80996 shell side outlet inadvertently closed | 6"" manual valve(s) upstream/downstream AF-48495 Diesel Product Cooler inadvertently closed | FCV-73508 malfunctions closed or upstream/downstream manual valve(s) inadvertently closed | Manual valve closed on AGO rundown header from one or both splitter towers | 8"" Manual valve closed on Rerun header from one or both splitter towers","Loss of suction to PM-59524A/B; Potential to cavitate pump resulting in pump damage; Potential seal failure with potential loss of containment; Potential ignition and personnel impact | Blocked discharge from pumps PM-59524A/B; Potential to deadhead pumps; Potential seal failure with potential loss of containment; Potential ignition and personnel impact | High flow results in low level in Combi Tower T-56446; Potential loss of suction to Bottoms Pumps PM-59524A/B; Potential to cavitate pump resulting in pump damage; Potential seal failure with potential loss of containment; Potential ignition and personnel impact | High level in Heavy Naphtha Stripper T-73992, potential to overfill T-73992 back to Combi Tower T-56446; high differential pressure; Potential to get heavy naphtha liquids in the vapor return line; Potential damage to vapor return piping; Potential release with ignition and personnel impact | Blocked suction to PM-17647B; Potential pump cavitation; Potential seal failure with loss of containment, potential ignition and personnel impact | Blocked discharge from PM-17647B; Potential pump deadhead; Potential seal failure with loss of containment, potential ignition and personnel impact | Potential Combi Tower T-56446 flooding; high differential pressure; Potential to get heavy naphtha liquids in the vapor return line; Potential damage to vapor return piping; Potential release with ignition and personnel impact | Potential Combi Tower T-56446 flooding; high differential pressure; Potential to get kero liquids in the vapor return line; Potential damage to vapor return piping; Potential release with ignition and personnel impact | High level in Kero Stripper T-59524; Potential Combi Tower T-56446 flooding; high differential pressure; Potential to get kero liquids in the vapor return line; Potential damage to vapor return piping; Potential release with ignition and personnel impact | Inadvertently route all flow through either AF-59524-1 or AF- 104-2; Potential reduced cooling ability, sending higher temperature product to storage tanks; Not enough to exceed design temp of storage tanks (200 degF); Potential reduced flow and potential increased level in Kero Stripper T-59524; Potential high level in Stripper T-59524; Potential Combi Tower T-56446 flooding; high differential pressure; Potential to get kero liquids in the vapor return line; Potential damage to vapor return piping; Potential release with ignition and personnel impact | Potential to flood the Kero Stripper T-59524; Potential to send out liquids in the vapor return line back to the Combi Tower T-56446; Potential damage to vapor return piping; Potential release with ignition and personnel impact | Potential to drop diesel into the bottom of the Combi Tower T-56446, potential to send out diesel with the AGO; Potential to ultimately flood level in T-56446; Potential to send liquids in the vapor return lines; Potential damage to vapor return piping; Potential release with ignition and personnel impact | High level in Diesel Stripper T-17647; Inability to draw off diesel from Combi Tower T-56446; Potential to ultimately flood level in T-56446; Potential to send liquids in the vapor return lines; Potential damage to vapor return piping; Potential release with ignition and personnel impact | Loss of suction to PM-80996A/B; Potential to cavitate pump resulting in pump damage; Potential seal failure with potential loss of containment; Potential ignition and personnel impact | Blocked discharge from pumps PM-80996A/B; Potential to deadhead pumps; Potential seal failure with potential loss of containment; Potential ignition and personnel impact | High flow results in low level in Combi Tower T-92182; Potential loss of suction to Bottoms Pumps PM-80996A/B; Potential to cavitate pump resulting in pump damage; Potential seal failure with potential loss of containment; Potential ignition and personnel impact | High level in Heavy Naphtha Stripper T-99986, potential to overfill T-99986 back to Combi Tower T-92182; high differential pressure; Potential to get heavy naphtha liquids in the vapor return line; Potential damage to vapor return piping; Potential release with ignition and personnel impact | Blocked suction to PM-11689B; Potential pump cavitation; Potential seal failure with loss of containment, potential ignition and personnel impact | Blocked discharge from PM-11689B; Potential pump deadhead; Potential seal failure with loss of containment, potential ignition and personnel impact | Potential Combi Tower T-92182 flooding; high differential pressure; Potential to get heavy naphtha liquids in the vapor return line; Potential damage to vapor return piping; Potential release with ignition and personnel impact | Potential Combi Tower T-92182 flooding; high differential pressure; Potential to get kero liquids in the vapor return line; Potential damage to vapor return piping; Potential release with ignition and personnel impact | High level in Kero Stripper T-80996; Potential Combi Tower T-92182 flooding; high differential pressure; Potential to get kero liquids in the vapor return line; Potential damage to vapor return piping; Potential release with ignition and personnel impact | Inadvertently route all flow through either AF-80996-1 or AF- 204-2; Potential reduced cooling ability, sending higher temperature product to storage tanks; Not enough to exceed design temp of storage tanks (200 degF); Potential reduced flow and potential increased level in Kero Stripper T-80996; Potential high level in Stripper T-80996; Potential Combi Tower T-92182 flooding; high differential pressure; Potential to get kero liquids in the vapor return line; Potential damage to vapor return piping; Potential release with ignition and personnel impact | Potential to flood the Kero Stripper T-80996; Potential to send out liquids in the vapor return line back to the Combi Tower T- 202; Potential damage to vapor return piping; Potential release with ignition and personnel impact | Potential to drop diesel into the bottom of the Combi Tower T-92182, potential to send out diesel with the AGO; Potential to ultimately flood level in T-92182; Potential to send liquids in the vapor return lines; Potential damage to vapor return piping; Potential release with ignition and personnel impact | High level in Diesel Stripper T-11689; Inability to draw off diesel from Combi Tower T-92182; Potential to ultimately flood level in T-92182; Potential to send liquids in the vapor return lines; Potential damage to vapor return piping; Potential release with ignition and personnel impact | Combi Tower Bottoms Product Pumps PM-59524A/B or PM- 204A/B deadheaded, potential seal failure, release of hydrocarbons and ignition, potential personnel impact","Node 4, Node 6, Node 7, Node 8, Node 22, Node 24, Node 25, Node 26, Node 42, Node 44",4.0,2.0,3.0
AI93164,LO,Tier 1/2: Deterministic,High,Lower Explosive Limit LEL alarms AI- 93164/74421/59172/2 0441 will prompt operators to cordon off the area,N/A,Manual valve on suction line to Naphtha Stabilizer Overhead Pump PM-81314A/B inadvertently closed | Manual valve on discharge line from Naphtha Stabilizer Overhead Pump PM-81314A/B inadvertently closed | Manual valve on suction line to Naphtha Stabilizer Overhead Pump PM-33219A/B inadvertently closed | Manual valve on discharge line from Naphtha Stabilizer Overhead Pump PM-33219A/B inadvertently closed,"Loss of suction to Naphtha Stabilizer Overhead Pump PM- 101A/B; Potential to cavitate pumpswith potential seal damage with potential loss of containment, potential ignition with personnel impact | Blocked discharge from pumps with potential to deadhead pumps; Pump max discharge pressure is 90033 psig and downstream piping is rated for up to 10877 psig, therefore no overpressure concern; Potential seal damage with potential loss of containment, potential ignition with personnel impact | Loss of suction to Naphtha Stabilizer Overhead Pump PM- 201A/B; Potential to cavitate pumpswith potential seal damage with potential loss of containment, potential ignition with personnel impact","Node 3, Node 21",4.0,1.0,2.0
AI74421,LO,Tier 1/2: Deterministic,High,Lower Explosive Limit LEL alarms AI- 93164/74421/59172/2 0441 will prompt operators to cordon off the area,N/A,Manual valve on suction line to Naphtha Stabilizer Overhead Pump PM-81314A/B inadvertently closed | Manual valve on discharge line from Naphtha Stabilizer Overhead Pump PM-81314A/B inadvertently closed | Manual valve on suction line to Naphtha Stabilizer Overhead Pump PM-33219A/B inadvertently closed | Manual valve on discharge line from Naphtha Stabilizer Overhead Pump PM-33219A/B inadvertently closed,"Loss of suction to Naphtha Stabilizer Overhead Pump PM- 101A/B; Potential to cavitate pumpswith potential seal damage with potential loss of containment, potential ignition with personnel impact | Blocked discharge from pumps with potential to deadhead pumps; Pump max discharge pressure is 90033 psig and downstream piping is rated for up to 10877 psig, therefore no overpressure concern; Potential seal damage with potential loss of containment, potential ignition with personnel impact | Loss of suction to Naphtha Stabilizer Overhead Pump PM- 201A/B; Potential to cavitate pumpswith potential seal damage with potential loss of containment, potential ignition with personnel impact","Node 3, Node 21",4.0,1.0,2.0
AI59172,LO,Tier 1/2: Deterministic,High,Lower Explosive Limit LEL alarms AI- 93164/74421/59172/2 0441 will prompt operators to cordon off the area,N/A,Manual valve on suction line to Naphtha Stabilizer Overhead Pump PM-81314A/B inadvertently closed | Manual valve on discharge line from Naphtha Stabilizer Overhead Pump PM-81314A/B inadvertently closed | Manual valve on suction line to Naphtha Stabilizer Overhead Pump PM-33219A/B inadvertently closed | Manual valve on discharge line from Naphtha Stabilizer Overhead Pump PM-33219A/B inadvertently closed,"Loss of suction to Naphtha Stabilizer Overhead Pump PM- 101A/B; Potential to cavitate pumpswith potential seal damage with potential loss of containment, potential ignition with personnel impact | Blocked discharge from pumps with potential to deadhead pumps; Pump max discharge pressure is 90033 psig and downstream piping is rated for up to 10877 psig, therefore no overpressure concern; Potential seal damage with potential loss of containment, potential ignition with personnel impact | Loss of suction to Naphtha Stabilizer Overhead Pump PM- 201A/B; Potential to cavitate pumpswith potential seal damage with potential loss of containment, potential ignition with personnel impact","Node 3, Node 21",4.0,1.0,2.0
LEL91492,LO,Tier 1/2: Deterministic,High,Lower Explosive Limit LEL-91492 will prompt operators to cordon off the area,N/A,"Manual valve closed in suction of Multi- Stage Vertical Turbine Pumps PM-12480A/B/C | Manual valve closed in discharge of Multi- Stage Vertical Turbine Pumps PM-12480A/B/C or FV-39675A/B/C malfunctions closed when not loading or upstream/downstream manual valve(s) inadvertently closed | SDV-54766/40117 fails closed or downstream manual valve inadvertently closed | FV-39675A/B/C malfunctions closed during truck loading | More than one Multi-Stage Vertical Turbine Pumps PM-12480A/B/C at once | Loss of heat tracing on water line drain | 3"" manual valve on suction to PM-43641A/B pumps inadvertently closed | Manual valve(s) downstream of PM- 312A/B pumps inadvertently closed | PM-43641A/B pumps fail to trip off","Block suction to Multi-Stage Vertical Turbine Pumps PM- 416A/B/C, cavitation, seal leak, potential ignition, personnel impact | Block discharge from Multi-Stage Vertical Turbine Pumps PM-12480A/B/C, deadhead, seal leak, potential ignition, personnel impact | More than one Multi-Stage Vertical Turbine Pumps PM- 416A/B/C operating, overfill of truck, deadheading PM-12480A/B/C pumps; seal leak, potential ignition, personnel impact | Potential to freeze water at water draw off pot, pipe failure upon thaw, release, ignition, personnel impact | Loss of suction to PM-43641A/B pumps; Potential to cavitate pumps with seal failure, potential ignition and personnel impact | Blocked discharge from PM-43641A/B pumps; Potential to deadhead pumps with seal failure, potential ignition and personnel impact | Potential to drain all level from PV-14664 Flare KO Drum; Potential to lose suction to PM-43641A/B pumps; Potential to cavitate pumps with seal failure, potential ignition and personnel impact","Node 11, Node 12",4.0,1.0,2.0
AI66450,LO,Tier 1/2: Deterministic,High,Lower Explosive Limit alarms in area AI-66450 and AI- 18004 will prompt operators to cordon off the area,N/A,Reverse flow of condensate into the demulsifier injection system (Condensate Booster Pump PM-77434A/B/C trip),Potential to overfill demulsifier tank TK-48603; Potential release of condensate and demulsifier into area; Potential ignition and personnel impact,Node 34,4.0,1.0,2.0
AI18004,LO,Tier 1/2: Deterministic,High,Lower Explosive Limit alarms in area AI-66450 and AI- 18004 will prompt operators to cordon off the area,N/A,Reverse flow of condensate into the demulsifier injection system (Condensate Booster Pump PM-77434A/B/C trip),Potential to overfill demulsifier tank TK-48603; Potential release of condensate and demulsifier into area; Potential ignition and personnel impact,Node 34,4.0,1.0,2.0
AI10416,LO,Tier 1/2: Deterministic,High,Lower explosive limit LEL alarms AI- 10416/20416 near Sumps TK-81314/201 will prompt operator response to cordon off the area,N/A,"Manual valve open on hydrocarbon drain | Improper drainage of water boot for PV-56446 Accumulator | Hydrocarbon Sump Pump PM-83821A/B trips | Manual valve closed in Hydrocarbon Sump Pump PM-83821A/B discharge | Drain valve left open | High rate of flow from vacuum truck to sump | Reverse flow from Feed Tanks to sump | Send Y-Grade to sump (drain valve left open from pumps PM-81314A/B) | Drain valve left open sending hot material to sump | Trash in sump (for example from vacuum trucks) can plug pump screen or damage pump | Maintenance activities at sump | Improper drainage of water boot for PV- 202 Accumulator | Hydrocarbon Sump Pump PM-43983A/B trips | Manual valve closed in Hydrocarbon Sump Pump PM-43983A/B discharge | Send Y-Grade to sump (drain valve left open from pumps PM-33219A/B) | 4"" Manual valve(s) closed on hydrocarbon header from one or both splitter towers","Potential to send feed to Hydrocarbon Sump TK-81314; Potential inefficient operation; Potential to overfill sump; Potential environmental impact; Potential release of hydrocarbon vapors; Potential ignition and personnel impact | Potential to send light naphtha to Hydrocarbon Sump TK- 101; Potential inefficient operation; Potential to overfill sump; Potential environmental impact; Potential release of hydrocarbon vapors; Potential ignition and personnel impact | Potential to overfill the Hydrocarbon Sump TK-81314, release through atmospheric vent; Potential runoff to stormwater drain (contained in Tank 5 Wastewater Tank); Potential environmental/financial impact | Hydrocarbon Sump Pump PM-83821A/B deadheaded, potential pump damage; Potential seal failure with potential ignition and personnel impact | Potential release through Hydrocarbon Sump TK-81314 vent; Potential ignition and personnel impact | Potential for vapor release during maintenance activities, ignition of vapors from maintenance activity, personnel impact | Potential to send feed to Hydrocarbon Sump TK-33219; Potential inefficient operation; Potential to overfill sump; Potential environmental impact; Potential release of hydrocarbon vapors; Potential ignition and personnel impact | Potential to send light naphtha to Hydrocarbon Sump TK- 201; Potential inefficient operation; Potential to overfill sump; Potential environmental impact; Potential release of hydrocarbon vapors; Potential ignition and personnel impact | Potential to overfill the Hydrocarbon Sump TK-33219, release through atmospheric vent; Potential runoff to stormwater drain (contained in Tank 5 Wastewater Tank); Potential environmental/financial impact | Hydrocarbon Sump Pump PM-43983A/B deadheaded, potential pump damage; Potential seal failure with potential ignition and personnel impact | Potential release through Hydrocarbon Sump TK-33219 vent; Potential ignition and personnel impact | Hydrocarbon Sump Pump PM-83821A/B or PM-43983A/B deadheaded, potential pump damage; Potential seal failure with potential ignition and personnel impact | Potential to overfill the Hydrocarbon Sump TK-81314/201, release through atmospheric vent; Potential runoff to stormwater drain (contained in Tank 5 Wastewater Tank); Potential environmental/financial impact","Node 1, Node 2, Node 3, Node 5, Node 15, Node 19, Node 20, Node 21, Node 23, Node 31, Node 43",4.0,2.0,2.0
AI20416,LO,Tier 1/2: Deterministic,High,Lower explosive limit LEL alarms AI- 10416/20416 near Sumps TK-81314/201 will prompt operator response to cordon off the area,N/A,"Manual valve open on hydrocarbon drain | Improper drainage of water boot for PV-56446 Accumulator | Hydrocarbon Sump Pump PM-83821A/B trips | Manual valve closed in Hydrocarbon Sump Pump PM-83821A/B discharge | Drain valve left open | High rate of flow from vacuum truck to sump | Reverse flow from Feed Tanks to sump | Send Y-Grade to sump (drain valve left open from pumps PM-81314A/B) | Drain valve left open sending hot material to sump | Trash in sump (for example from vacuum trucks) can plug pump screen or damage pump | Maintenance activities at sump | Improper drainage of water boot for PV- 202 Accumulator | Hydrocarbon Sump Pump PM-43983A/B trips | Manual valve closed in Hydrocarbon Sump Pump PM-43983A/B discharge | Send Y-Grade to sump (drain valve left open from pumps PM-33219A/B) | 4"" Manual valve(s) closed on hydrocarbon header from one or both splitter towers","Potential to send feed to Hydrocarbon Sump TK-81314; Potential inefficient operation; Potential to overfill sump; Potential environmental impact; Potential release of hydrocarbon vapors; Potential ignition and personnel impact | Potential to send light naphtha to Hydrocarbon Sump TK- 101; Potential inefficient operation; Potential to overfill sump; Potential environmental impact; Potential release of hydrocarbon vapors; Potential ignition and personnel impact | Potential to overfill the Hydrocarbon Sump TK-81314, release through atmospheric vent; Potential runoff to stormwater drain (contained in Tank 5 Wastewater Tank); Potential environmental/financial impact | Hydrocarbon Sump Pump PM-83821A/B deadheaded, potential pump damage; Potential seal failure with potential ignition and personnel impact | Potential release through Hydrocarbon Sump TK-81314 vent; Potential ignition and personnel impact | Potential for vapor release during maintenance activities, ignition of vapors from maintenance activity, personnel impact | Potential to send feed to Hydrocarbon Sump TK-33219; Potential inefficient operation; Potential to overfill sump; Potential environmental impact; Potential release of hydrocarbon vapors; Potential ignition and personnel impact | Potential to send light naphtha to Hydrocarbon Sump TK- 201; Potential inefficient operation; Potential to overfill sump; Potential environmental impact; Potential release of hydrocarbon vapors; Potential ignition and personnel impact | Potential to overfill the Hydrocarbon Sump TK-33219, release through atmospheric vent; Potential runoff to stormwater drain (contained in Tank 5 Wastewater Tank); Potential environmental/financial impact | Hydrocarbon Sump Pump PM-43983A/B deadheaded, potential pump damage; Potential seal failure with potential ignition and personnel impact | Potential release through Hydrocarbon Sump TK-33219 vent; Potential ignition and personnel impact | Hydrocarbon Sump Pump PM-83821A/B or PM-43983A/B deadheaded, potential pump damage; Potential seal failure with potential ignition and personnel impact | Potential to overfill the Hydrocarbon Sump TK-81314/201, release through atmospheric vent; Potential runoff to stormwater drain (contained in Tank 5 Wastewater Tank); Potential environmental/financial impact","Node 1, Node 2, Node 3, Node 5, Node 15, Node 19, Node 20, Node 21, Node 23, Node 31, Node 43",4.0,2.0,2.0
LEL11481,LO,Tier 1/2: Deterministic,High,Lower explosive limit LEL- 11481/11461/21481/2 1461 will alarm and prompt operators to cordon off area,N/A,FCV-19313 fails open or bypass valve inadvertently open,"Loss of level in Kero Stripper T-59524, potential to vapor lock the stripper, potential to cavitate Kero Stripper Product Pump PM- 106A/B; Potential seal failure with loss of containment, ignition, and personnel impact",Node 7,4.0,1.0,2.0
LEL11461,LO,Tier 1/2: Deterministic,High,Lower explosive limit LEL- 11481/11461/21481/2 1461 will alarm and prompt operators to cordon off area,N/A,FCV-19313 fails open or bypass valve inadvertently open,"Loss of level in Kero Stripper T-59524, potential to vapor lock the stripper, potential to cavitate Kero Stripper Product Pump PM- 106A/B; Potential seal failure with loss of containment, ignition, and personnel impact",Node 7,4.0,1.0,2.0
LEL21481,LO,Tier 1/2: Deterministic,High,Lower explosive limit LEL- 11481/11461/21481/2 1461 will alarm and prompt operators to cordon off area,N/A,FCV-19313 fails open or bypass valve inadvertently open,"Loss of level in Kero Stripper T-59524, potential to vapor lock the stripper, potential to cavitate Kero Stripper Product Pump PM- 106A/B; Potential seal failure with loss of containment, ignition, and personnel impact",Node 7,4.0,1.0,2.0
LEL99283,LO,Tier 1/2: Deterministic,High,Lower explosive limit LEL- 99283/51700/37458/2 1461 will alarm and prompt operators to cordon off area,N/A,"6"" manual valve on EX-56446 shell side outlet inadvertently closed | FCV-13718 malfunctions closed or upstream/downstream manual valve(s) inadvertently closed | FCV-13718 fails open or bypass valve inadvertently open | Manual valve closed inadvertently in Kero Stripper Product Pump PM-76255A/B suction or basket strainers on suction lines plugged | Manual valve closed inadvertently in Kero Stripper Product Pump PM-76255A/B discharge | 8"" manual valve on EX-73992 shell side outlet inadvertently closed | FCV-19313 malfunctions closed or upstream/downstream manual valve(s) inadvertently closed or 8"" manual valve on kero product to rerun inadvertently closed | Both Kero Product Pumps PM-76255A/B running at once | FCV-96168 malfunctions closed or upstream/downstream manual valve(s) inadvertently closed | FCV-96168 fails open or bypass inadvertently open | 6"" manual valve on EX-92182 shell side outlet inadvertently closed | FCV-38704 malfunctions closed or upstream/downstream manual valve(s) inadvertently closed | FCV-38704 fails open or bypass valve inadvertently open | Manual valve closed inadvertently in Kero Stripper Product Pump PM-48495A/B suction or basket strainers on suction lines plugged | Manual valve closed inadvertently in Kero Stripper Product Pump PM-48495A/B discharge | 8"" manual valve on EX-99986 shell side outlet inadvertently closed | FCV-80717 malfunctions closed or upstream/downstream manual valve(s) inadvertently closed or 8"" manual valve on kero product to rerun inadvertently closed | FCV-80717 fails open or bypass valve inadvertently open | Both Kero Product Pumps PM-48495A/B running at once | FCV-73508 malfunctions closed or upstream/downstream manual valve(s) inadvertently closed | FCV-73508 fails open or bypass inadvertently open | 8"" valve closed on heavy naphtha rundown header from one or both splitter towers | Plugged Kero Filters","Blocked discharge from PM-17647B; Potential pump deadhead; Potential seal failure with loss of containment, potential ignition and personnel impact | High level in Heavy Naphtha Stripper T-73992, potential to overfill T-73992 back to Combi Tower T-56446; high differential pressure; Potential to get heavy naphtha liquids in the vapor return line; Potential damage to vapor return piping; Potential release with ignition and personnel impact | Potential to lose level in Stripper T-73992; Potential pump PM- 105B cavitation; Potential seal failure with loss of containment, potential ignition and personnel impact | Kero Stripper Product Pump PM-76255A/B cavitation, potential seal failure, release of hydrocarbons and ignition, potential personnel impact | Kero Stripper Product Pump PM-76255A/B deadhead, potential seal failure, release of hydrocarbons and ignition, potential personnel impact | Blocked discharge from Kero Stripper Product Pump PM- 106A/B; Potential pump deadhead, potential seal failure, release of hydrocarbons and ignition, potential personnel impact | Potential loss of level in Kero Stripper T-59524, potential to vapor lock the stripper, potential to cavitate Kero Stripper Product Pump PM-76255A/B; Potential seal failure with loss of containment, ignition, and personnel impact | Potential to deadhead pumps PM-60820A/B; Potential seal failure; Potential loss of containment, ignition and personnel impact | Potential loss of level in Diesel Stripper T-17647; Potential to cavitate pumps PM-60820A/B; Potential seal failure; Potential loss of containment, ignition and personnel impact | Blocked discharge from PM-11689B; Potential pump deadhead; Potential seal failure with loss of containment, potential ignition and personnel impact | High level in Heavy Naphtha Stripper T-99986, potential to overfill T-99986 back to Combi Tower T-92182; high differential pressure; Potential to get heavy naphtha liquids in the vapor return line; Potential damage to vapor return piping; Potential release with ignition and personnel impact | Potential to lose level in Stripper T-73992; Potential pump PM-17647B cavitation; Potential seal failure with loss of containment, potential ignition and personnel impact | Kero Stripper Product Pump PM-48495A/B cavitation, potential seal failure, release of hydrocarbons and ignition, potential personnel impact | Kero Stripper Product Pump PM-48495A/B deadhead, potential seal failure, release of hydrocarbons and ignition, potential personnel impact | Blocked discharge from Kero Stripper Product Pump PM- 206A/B; Potential pump deadhead, potential seal failure, release of hydrocarbons and ignition, potential personnel impact | Loss of level in Kero Stripper T-80996, potential to vapor lock the stripper, potential to cavitate Kero Stripper Product Pump PM- 206A/B; Potential seal failure with loss of containment, ignition, and personnel impact | Potential loss of level in Kero Stripper T-80996, potential to vapor lock the stripper, potential to cavitate Kero Stripper Product Pump PM-48495A/B; Potential seal failure with loss of containment, ignition, and personnel impact | Potential to deadhead pumps PM-11354A/B; Potential seal failure; Potential loss of containment, ignition and personnel impact | Potential loss of level in Diesel Stripper T-11689; Potential to cavitate pumps PM-11354A/B; Potential seal failure; Potential loss of containment, ignition and personnel impact | Blocked discharge from Heavy Naphtha Stripper Product Pumps PM-17647B/205B; Potential pump deadhead; Potential seal failure with loss of containment, potential ignition and personnel impact | Kero Stripper Product Pump PM-76255A/B or PM-48495A/B deadhead, potential seal failure, release of hydrocarbons and ignition, potential personnel impact","Node 6, Node 7, Node 8, Node 24, Node 25, Node 26, Node 39, Node 40",4.0,2.0,3.0
LEL51700,LO,Tier 1/2: Deterministic,High,Lower explosive limit LEL- 99283/51700/37458/2 1461 will alarm and prompt operators to cordon off area,N/A,"6"" manual valve on EX-56446 shell side outlet inadvertently closed | FCV-13718 malfunctions closed or upstream/downstream manual valve(s) inadvertently closed | FCV-13718 fails open or bypass valve inadvertently open | Manual valve closed inadvertently in Kero Stripper Product Pump PM-76255A/B suction or basket strainers on suction lines plugged | Manual valve closed inadvertently in Kero Stripper Product Pump PM-76255A/B discharge | 8"" manual valve on EX-73992 shell side outlet inadvertently closed | FCV-19313 malfunctions closed or upstream/downstream manual valve(s) inadvertently closed or 8"" manual valve on kero product to rerun inadvertently closed | Both Kero Product Pumps PM-76255A/B running at once | FCV-96168 malfunctions closed or upstream/downstream manual valve(s) inadvertently closed | FCV-96168 fails open or bypass inadvertently open | 6"" manual valve on EX-92182 shell side outlet inadvertently closed | FCV-38704 malfunctions closed or upstream/downstream manual valve(s) inadvertently closed | FCV-38704 fails open or bypass valve inadvertently open | Manual valve closed inadvertently in Kero Stripper Product Pump PM-48495A/B suction or basket strainers on suction lines plugged | Manual valve closed inadvertently in Kero Stripper Product Pump PM-48495A/B discharge | 8"" manual valve on EX-99986 shell side outlet inadvertently closed | FCV-80717 malfunctions closed or upstream/downstream manual valve(s) inadvertently closed or 8"" manual valve on kero product to rerun inadvertently closed | FCV-80717 fails open or bypass valve inadvertently open | Both Kero Product Pumps PM-48495A/B running at once | FCV-73508 malfunctions closed or upstream/downstream manual valve(s) inadvertently closed | FCV-73508 fails open or bypass inadvertently open | 8"" valve closed on heavy naphtha rundown header from one or both splitter towers | Plugged Kero Filters","Blocked discharge from PM-17647B; Potential pump deadhead; Potential seal failure with loss of containment, potential ignition and personnel impact | High level in Heavy Naphtha Stripper T-73992, potential to overfill T-73992 back to Combi Tower T-56446; high differential pressure; Potential to get heavy naphtha liquids in the vapor return line; Potential damage to vapor return piping; Potential release with ignition and personnel impact | Potential to lose level in Stripper T-73992; Potential pump PM- 105B cavitation; Potential seal failure with loss of containment, potential ignition and personnel impact | Kero Stripper Product Pump PM-76255A/B cavitation, potential seal failure, release of hydrocarbons and ignition, potential personnel impact | Kero Stripper Product Pump PM-76255A/B deadhead, potential seal failure, release of hydrocarbons and ignition, potential personnel impact | Blocked discharge from Kero Stripper Product Pump PM- 106A/B; Potential pump deadhead, potential seal failure, release of hydrocarbons and ignition, potential personnel impact | Potential loss of level in Kero Stripper T-59524, potential to vapor lock the stripper, potential to cavitate Kero Stripper Product Pump PM-76255A/B; Potential seal failure with loss of containment, ignition, and personnel impact | Potential to deadhead pumps PM-60820A/B; Potential seal failure; Potential loss of containment, ignition and personnel impact | Potential loss of level in Diesel Stripper T-17647; Potential to cavitate pumps PM-60820A/B; Potential seal failure; Potential loss of containment, ignition and personnel impact | Blocked discharge from PM-11689B; Potential pump deadhead; Potential seal failure with loss of containment, potential ignition and personnel impact | High level in Heavy Naphtha Stripper T-99986, potential to overfill T-99986 back to Combi Tower T-92182; high differential pressure; Potential to get heavy naphtha liquids in the vapor return line; Potential damage to vapor return piping; Potential release with ignition and personnel impact | Potential to lose level in Stripper T-73992; Potential pump PM-17647B cavitation; Potential seal failure with loss of containment, potential ignition and personnel impact | Kero Stripper Product Pump PM-48495A/B cavitation, potential seal failure, release of hydrocarbons and ignition, potential personnel impact | Kero Stripper Product Pump PM-48495A/B deadhead, potential seal failure, release of hydrocarbons and ignition, potential personnel impact | Blocked discharge from Kero Stripper Product Pump PM- 206A/B; Potential pump deadhead, potential seal failure, release of hydrocarbons and ignition, potential personnel impact | Loss of level in Kero Stripper T-80996, potential to vapor lock the stripper, potential to cavitate Kero Stripper Product Pump PM- 206A/B; Potential seal failure with loss of containment, ignition, and personnel impact | Potential loss of level in Kero Stripper T-80996, potential to vapor lock the stripper, potential to cavitate Kero Stripper Product Pump PM-48495A/B; Potential seal failure with loss of containment, ignition, and personnel impact | Potential to deadhead pumps PM-11354A/B; Potential seal failure; Potential loss of containment, ignition and personnel impact | Potential loss of level in Diesel Stripper T-11689; Potential to cavitate pumps PM-11354A/B; Potential seal failure; Potential loss of containment, ignition and personnel impact | Blocked discharge from Heavy Naphtha Stripper Product Pumps PM-17647B/205B; Potential pump deadhead; Potential seal failure with loss of containment, potential ignition and personnel impact | Kero Stripper Product Pump PM-76255A/B or PM-48495A/B deadhead, potential seal failure, release of hydrocarbons and ignition, potential personnel impact","Node 6, Node 7, Node 8, Node 24, Node 25, Node 26, Node 39, Node 40",4.0,2.0,3.0
LEL37458,LO,Tier 1/2: Deterministic,High,Lower explosive limit LEL- 99283/51700/37458/2 1461 will alarm and prompt operators to cordon off area,N/A,"6"" manual valve on EX-56446 shell side outlet inadvertently closed | FCV-13718 malfunctions closed or upstream/downstream manual valve(s) inadvertently closed | FCV-13718 fails open or bypass valve inadvertently open | Manual valve closed inadvertently in Kero Stripper Product Pump PM-76255A/B suction or basket strainers on suction lines plugged | Manual valve closed inadvertently in Kero Stripper Product Pump PM-76255A/B discharge | 8"" manual valve on EX-73992 shell side outlet inadvertently closed | FCV-19313 malfunctions closed or upstream/downstream manual valve(s) inadvertently closed or 8"" manual valve on kero product to rerun inadvertently closed | Both Kero Product Pumps PM-76255A/B running at once | FCV-96168 malfunctions closed or upstream/downstream manual valve(s) inadvertently closed | FCV-96168 fails open or bypass inadvertently open | 6"" manual valve on EX-92182 shell side outlet inadvertently closed | FCV-38704 malfunctions closed or upstream/downstream manual valve(s) inadvertently closed | FCV-38704 fails open or bypass valve inadvertently open | Manual valve closed inadvertently in Kero Stripper Product Pump PM-48495A/B suction or basket strainers on suction lines plugged | Manual valve closed inadvertently in Kero Stripper Product Pump PM-48495A/B discharge | 8"" manual valve on EX-99986 shell side outlet inadvertently closed | FCV-80717 malfunctions closed or upstream/downstream manual valve(s) inadvertently closed or 8"" manual valve on kero product to rerun inadvertently closed | FCV-80717 fails open or bypass valve inadvertently open | Both Kero Product Pumps PM-48495A/B running at once | FCV-73508 malfunctions closed or upstream/downstream manual valve(s) inadvertently closed | FCV-73508 fails open or bypass inadvertently open | 8"" valve closed on heavy naphtha rundown header from one or both splitter towers | Plugged Kero Filters","Blocked discharge from PM-17647B; Potential pump deadhead; Potential seal failure with loss of containment, potential ignition and personnel impact | High level in Heavy Naphtha Stripper T-73992, potential to overfill T-73992 back to Combi Tower T-56446; high differential pressure; Potential to get heavy naphtha liquids in the vapor return line; Potential damage to vapor return piping; Potential release with ignition and personnel impact | Potential to lose level in Stripper T-73992; Potential pump PM- 105B cavitation; Potential seal failure with loss of containment, potential ignition and personnel impact | Kero Stripper Product Pump PM-76255A/B cavitation, potential seal failure, release of hydrocarbons and ignition, potential personnel impact | Kero Stripper Product Pump PM-76255A/B deadhead, potential seal failure, release of hydrocarbons and ignition, potential personnel impact | Blocked discharge from Kero Stripper Product Pump PM- 106A/B; Potential pump deadhead, potential seal failure, release of hydrocarbons and ignition, potential personnel impact | Potential loss of level in Kero Stripper T-59524, potential to vapor lock the stripper, potential to cavitate Kero Stripper Product Pump PM-76255A/B; Potential seal failure with loss of containment, ignition, and personnel impact | Potential to deadhead pumps PM-60820A/B; Potential seal failure; Potential loss of containment, ignition and personnel impact | Potential loss of level in Diesel Stripper T-17647; Potential to cavitate pumps PM-60820A/B; Potential seal failure; Potential loss of containment, ignition and personnel impact | Blocked discharge from PM-11689B; Potential pump deadhead; Potential seal failure with loss of containment, potential ignition and personnel impact | High level in Heavy Naphtha Stripper T-99986, potential to overfill T-99986 back to Combi Tower T-92182; high differential pressure; Potential to get heavy naphtha liquids in the vapor return line; Potential damage to vapor return piping; Potential release with ignition and personnel impact | Potential to lose level in Stripper T-73992; Potential pump PM-17647B cavitation; Potential seal failure with loss of containment, potential ignition and personnel impact | Kero Stripper Product Pump PM-48495A/B cavitation, potential seal failure, release of hydrocarbons and ignition, potential personnel impact | Kero Stripper Product Pump PM-48495A/B deadhead, potential seal failure, release of hydrocarbons and ignition, potential personnel impact | Blocked discharge from Kero Stripper Product Pump PM- 206A/B; Potential pump deadhead, potential seal failure, release of hydrocarbons and ignition, potential personnel impact | Loss of level in Kero Stripper T-80996, potential to vapor lock the stripper, potential to cavitate Kero Stripper Product Pump PM- 206A/B; Potential seal failure with loss of containment, ignition, and personnel impact | Potential loss of level in Kero Stripper T-80996, potential to vapor lock the stripper, potential to cavitate Kero Stripper Product Pump PM-48495A/B; Potential seal failure with loss of containment, ignition, and personnel impact | Potential to deadhead pumps PM-11354A/B; Potential seal failure; Potential loss of containment, ignition and personnel impact | Potential loss of level in Diesel Stripper T-11689; Potential to cavitate pumps PM-11354A/B; Potential seal failure; Potential loss of containment, ignition and personnel impact | Blocked discharge from Heavy Naphtha Stripper Product Pumps PM-17647B/205B; Potential pump deadhead; Potential seal failure with loss of containment, potential ignition and personnel impact | Kero Stripper Product Pump PM-76255A/B or PM-48495A/B deadhead, potential seal failure, release of hydrocarbons and ignition, potential personnel impact","Node 6, Node 7, Node 8, Node 24, Node 25, Node 26, Node 39, Node 40",4.0,2.0,3.0
AI91151,LO,Tier 1/2: Deterministic,High,Lower explosive limit alarms AI- 91151A/B/C at Tank TK- 5 will prompt operators to cordon off the area,N/A,LCV-15809 malfunctions open or bypass inadvertently opened | LCV-19952 fails closed | Mechanical Roof Failure | Solid buildup in Waste Water Tank TK-5,"Excessive hydrocarbon in the waste water system (Tank 5), Potential floating roof damage and release of light ends, ignition, personnel impact. | Potential to deadhead pump PM-95795A/B; Potential seal failure; Release of HCs and water to ground; Potential ignition and personnel impact | Potential to damage roof, tipping roof, liquid hydrocarbon on top of internal floating roof IFR, potential increased emission, potential HC release and ignition, potential pool fire requiring tank replacement, personnel injury, environmental impact, asset damage | Potential to impact biologics at water treatment; Potential financial impact; Potential to contribute to roof damage","Node 21, Node 45",4.0,3.0,4.0
PAH18191,HI,Tier 1/2: Deterministic,High,PAH- 18191/28191 high pressure alarm on Desalter D-81314/201 will prompt operator response,N/A,PDCV-33775 fails open | Valve misalignment on pump switch (while C pump is operating). | PCV-55414/40591 on overhead from D- 101/201 Desalter malfunctions closed or upstream/downstream manual valve(s) inadvertently closed,"Potential inability to send out flow from the Desalter, liquid full; Potential overpressure of D-81314/201 with potential loss of containment, ignition, and personnel impact | Potential to direct flow from both Splitters to one desalter; Potential inability to send out flow from the Desalter, liquid full; Potential overpressure of D-81314/201 with potential loss of containment, ignition, and personnel impact | Blocked overhead outlet from Desalter D-81314/201; Potential overpressure of D-81314/201 with potential loss of containment, ignition, and personnel impact | Inability to feed condensate to the pump's respective Desalter; Potential inefficient operation of the Desalter; Potential inability to send feed back to the unit; Potential downtime (less than 5 days) and potential financial impact",Node 34,4.0,3.0,2.0
PAH28191,HI,Tier 1/2: Deterministic,High,PAH- 18191/28191 high pressure alarm on Desalter D-81314/201 will prompt operator response,N/A,PDCV-33775 fails open | Valve misalignment on pump switch (while C pump is operating). | PCV-55414/40591 on overhead from D- 101/201 Desalter malfunctions closed or upstream/downstream manual valve(s) inadvertently closed,"Potential inability to send out flow from the Desalter, liquid full; Potential overpressure of D-81314/201 with potential loss of containment, ignition, and personnel impact | Potential to direct flow from both Splitters to one desalter; Potential inability to send out flow from the Desalter, liquid full; Potential overpressure of D-81314/201 with potential loss of containment, ignition, and personnel impact | Blocked overhead outlet from Desalter D-81314/201; Potential overpressure of D-81314/201 with potential loss of containment, ignition, and personnel impact | Inability to feed condensate to the pump's respective Desalter; Potential inefficient operation of the Desalter; Potential inability to send feed back to the unit; Potential downtime (less than 5 days) and potential financial impact",Node 34,4.0,3.0,2.0
PAH10975,HI,Tier 1/2: Deterministic,High,PAH-10975 high pressure alarm on Accumulator PV-33219 overheads will prompt operator response,N/A,TIC-57553 malfunctions | Naphtha Stabilizer Overhead Pump PM- 201A/B trips | Manual valve on suction line to Naphtha Stabilizer Overhead Pump PM-33219A/B inadvertently closed | Manual valve on discharge line from Naphtha Stabilizer Overhead Pump PM-33219A/B inadvertently closed | FCV-32116 malfunctions closed or upstream/downstream valve(s) inadvertently closed | FCV-32116 fails open or bypass inadvertently opened on reflux line | FCV-49897 fails open or bypass inadvertently open | Mixer failure,"Increased hot oil flow through EX-48495; Increased temperature in T-33219; Potential to build up temperature in T-33219; Potential increased vapor traffic; Potential overpressure of T-33219; Potential to damage trays in T-33219 with financial impact | Low/no reflux flow resulting in loss of cooling in Naphtha Stabilizer Column T-33219; Increased temperature in T-33219; Potential to build up temperature in T-33219; Potential increased vapor traffic; Potential overpressure of T-33219; Potential to damage trays in T-33219 with financial impact | No reflux flow resulting in loss of cooling in Naphtha Stabilizer Column T-33219; Increased temperature in T-33219; Potential to build up temperature in T-33219; Potential increased vapor traffic; Potential overpressure of T-33219; Potential to damage trays in T-33219 with financial impact | Increased flow of reflux to Naphtha Stabilizer Column T- 201; Increased liquid traffic; Potential to flood T-33219, increasing deltaP, restricting vapor traffic; Potential to damage the T-33219 trays with financial impact | Increased flow of reflux to Naphtha Stabilizer Column T- 201; Increased liquid traffic; Potential increased pressure to the Combi Tower T-92182 and increased gas volume to the RGC; Potential increased backpressure on the RGC resulting in RGC shutdown leading to flaring and potential environmental impact (unplanned flaring event) | Increased temperature in Naphtha Stabilizer Column T- 201, push heavier components overhead and contaminate Y-Grade product, product quality issues, potential to exceed Maximum Allowable Working Temperature (MAWT) of T-33219 of 92829F, mechanical integrity issues, potential release, potential ignition and personnel impact | Potential reduced tank mixing; Potential stratification in tank; No off-spec product issues; Potential process upset; Potential shutdown with potential throughput interruption and financial impact","Node 20, Node 21, Node 28, Node 43",4.0,3.0,2.0
PV33219,HI,Tier 1/2: Deterministic,High,PAH-10975 high pressure alarm on Accumulator PV-33219 overheads will prompt operator response,N/A,TIC-57553 malfunctions | Naphtha Stabilizer Overhead Pump PM- 201A/B trips | Manual valve on suction line to Naphtha Stabilizer Overhead Pump PM-33219A/B inadvertently closed | Manual valve on discharge line from Naphtha Stabilizer Overhead Pump PM-33219A/B inadvertently closed | FCV-32116 malfunctions closed or upstream/downstream valve(s) inadvertently closed | FCV-32116 fails open or bypass inadvertently opened on reflux line | FCV-49897 fails open or bypass inadvertently open | Mixer failure,"Increased hot oil flow through EX-48495; Increased temperature in T-33219; Potential to build up temperature in T-33219; Potential increased vapor traffic; Potential overpressure of T-33219; Potential to damage trays in T-33219 with financial impact | Low/no reflux flow resulting in loss of cooling in Naphtha Stabilizer Column T-33219; Increased temperature in T-33219; Potential to build up temperature in T-33219; Potential increased vapor traffic; Potential overpressure of T-33219; Potential to damage trays in T-33219 with financial impact | No reflux flow resulting in loss of cooling in Naphtha Stabilizer Column T-33219; Increased temperature in T-33219; Potential to build up temperature in T-33219; Potential increased vapor traffic; Potential overpressure of T-33219; Potential to damage trays in T-33219 with financial impact | Increased flow of reflux to Naphtha Stabilizer Column T- 201; Increased liquid traffic; Potential to flood T-33219, increasing deltaP, restricting vapor traffic; Potential to damage the T-33219 trays with financial impact | Increased flow of reflux to Naphtha Stabilizer Column T- 201; Increased liquid traffic; Potential increased pressure to the Combi Tower T-92182 and increased gas volume to the RGC; Potential increased backpressure on the RGC resulting in RGC shutdown leading to flaring and potential environmental impact (unplanned flaring event) | Increased temperature in Naphtha Stabilizer Column T- 201, push heavier components overhead and contaminate Y-Grade product, product quality issues, potential to exceed Maximum Allowable Working Temperature (MAWT) of T-33219 of 92829F, mechanical integrity issues, potential release, potential ignition and personnel impact | Potential reduced tank mixing; Potential stratification in tank; No off-spec product issues; Potential process upset; Potential shutdown with potential throughput interruption and financial impact","Node 20, Node 21, Node 28, Node 43",4.0,3.0,2.0
PAH21102,HI,Tier 1/2: Deterministic,High,PAH-21102 High Pressure Alarm on Combi Tower T-92182 will prompt operator response,N/A,"Level control valve LCV-33207 fails open or bypass valve inadvertently opened | PCV-36763A fails closed or upstream/downstream manual valve(s) inadvertently closed | 10"" manual valve on suction to Recycle Compressor CM-33219A/B inadvertently closed | Recycle Compressor CM-33219A or B trips | FCV-35336 fails open or bypass inadvertently open | FCV-90861 malfunctions open or bypass inadvertently opened | FCV-48000 malfunctions open or bypass inadvertently opened","Loss of level of Naphtha Stabilizer Column T-33219, potential blow by of vapors at 52954 psig to Combi Tower T-92182 rated at 11514 psig; Potential overpressure between 1.5-1.8x MAWP of T- 202 - potential release through gaskets; Potential ignition and personnel impact Considered a low initial likelihood due to the need to overcome a significant liquid head pressure to result in a gas blowby case | Loss of vapor flow out of Combi Tower Accumulator pressure vessel PV-92182, increased pressure in Combi Tower T- 202, overpressure Combi Tower, loss of containment, potential ignition and personnel impact | Potential increase in pressure in Combi Tower T-92182, and potential to overpressure column, loss of containment, potential ignition and personnel impact | Increase in Combi Tower T-92182 temperature and pressure, potential column overpressure, loss of containment, potential ignition and personnel impact | Excess stripping gas at 83947 psig, increase in Combi Tower T-92182 pressure; Potential to overpressure T-92182 with loss of containment, potential ignition and personnel impact | Excess stripping gas, increase in Combi Tower T-92182 pressure; Potential to overpressure T-92182 with loss of containment, potential ignition and personnel impact","Node 20, Node 27, Node 28, Node 30",4.0,2.0,2.0
PAH48801,HI,Tier 1/2: Deterministic,High,PAH-48801 High pressure alarm on Combi Tower T-56446 will prompt operator response,N/A,"Level control valve LCV-70445 fails open or bypass valve inadvertently opened | PCV-10363A fails closed or upstream/downstream manual valve(s) inadvertently closed | 10"" manual valve on suction to Recycle Compressor CM-81314A/B inadvertently closed | Recycle Compressor CM-81314A or B trips | FCV-10390 fails open or bypass inadvertently open | FCV-80031 malfunctions open or bypass inadvertently opened | FCV-65350 malfunctions open or bypass inadvertently opened","Loss of level of Naphtha Stabilizer Column T-81314, potential blow by of vapors at 52954 psig to Combi Tower T-56446 rated at 11514 psig; Potential overpressure between 1.5-1.8x MAWP of T-56446 - potential release through gaskets; Potential ignition and personnel impact Considered a low initial likelihood due to the need to overcome a significant liquid head pressure to result in a gas blowby case | Loss of vapor flow out of Combi Tower Accumulator pressure vessel PV-56446, increased pressure in Combi Tower T- 102, overpressure Combi Tower, loss of containment, potential ignition and personnel impact | Potential increase in pressure in Combi Tower T-56446, and potential to overpressure column, loss of containment, potential ignition and personnel impact | Increase in Combi Tower T-56446 temperature and pressure, potential column overpressure, loss of containment, potential ignition and personnel impact | Excess stripping gas at 83947 psig, increase in Combi Tower T-56446 pressure; Potential to overpressure T-56446 with loss of containment, potential ignition and personnel impact | Excess stripping gas, increase in Combi Tower T-56446 pressure; Potential to overpressure T-56446 with loss of containment, potential ignition and personnel impact","Node 2, Node 9, Node 10, Node 14",4.0,2.0,2.0
PAH79326,HI,Tier 1/2: Deterministic,High,PAH-79326 high pressure alarm on Accumulator PV-81314 overheads will prompt operator response,N/A,TIC-62736 malfunctions | Naphtha Stabilizer Overhead Pump PM- 101A/B trips | Manual valve on suction line to Naphtha Stabilizer Overhead Pump PM-81314A/B inadvertently closed | Manual valve on discharge line from Naphtha Stabilizer Overhead Pump PM-81314A/B inadvertently closed | FCV-24128 malfunctions closed or upstream/downstream valve(s) inadvertently closed | FCV-24128 fails open or bypass inadvertently opened on reflux line | FCV-55048 fails open or bypass inadvertently open | Mixer failure,"Increased hot oil flow through EX-76255; Increased temperature in T-81314; Potential to build up temperature in T-81314; Potential increased vapor traffic; Potential overpressure of T-81314; Potential to damage trays in T-81314 with financial impact | Low/no reflux flow resulting in loss of cooling in Naphtha Stabilizer Column T-81314; Increased temperature in T-81314; Potential to build up temperature in T-81314; Potential increased vapor traffic; Potential overpressure of T-81314; Potential to damage trays in T-81314 with financial impact | No reflux flow resulting in loss of cooling in Naphtha Stabilizer Column T-81314; Increased temperature in T-81314; Potential to build up temperature in T-81314; Potential increased vapor traffic; Potential overpressure of T-81314; Potential to damage trays in T-81314 with financial impact | Increased flow of reflux to Naphtha Stabilizer Column T- 101; Increased liquid traffic; Potential to flood T-81314, increasing deltaP, restricting vapor traffic; Potential to damage the T-81314 trays with financial impact | Increased flow of reflux to Naphtha Stabilizer Column T- 101; Increased liquid traffic; Potential increased pressure to the Combi Tower T-56446 and increased gas volume to the RGC; Potential increased backpressure on the RGC resulting in RGC shutdown leading to flaring and potential environmental impact (unplanned flaring event) | Increased temperature in Naphtha Stabilizer Column T- 101, push heavier components overhead and contaminate Y-Grade product, product quality issues, potential to exceed Maximum Allowable Working Temperature (MAWT) of T-81314 of 92829F, mechanical integrity issues, potential release, potential ignition and personnel impact | Potential reduced tank mixing; Potential stratification in tank; No off-spec product issues; Potential process upset; Potential shutdown with potential throughput interruption and financial impact","Node 2, Node 3, Node 10, Node 43",4.0,3.0,2.0
PV81314,HI,Tier 1/2: Deterministic,High,PAH-79326 high pressure alarm on Accumulator PV-81314 overheads will prompt operator response,N/A,TIC-62736 malfunctions | Naphtha Stabilizer Overhead Pump PM- 101A/B trips | Manual valve on suction line to Naphtha Stabilizer Overhead Pump PM-81314A/B inadvertently closed | Manual valve on discharge line from Naphtha Stabilizer Overhead Pump PM-81314A/B inadvertently closed | FCV-24128 malfunctions closed or upstream/downstream valve(s) inadvertently closed | FCV-24128 fails open or bypass inadvertently opened on reflux line | FCV-55048 fails open or bypass inadvertently open | Mixer failure,"Increased hot oil flow through EX-76255; Increased temperature in T-81314; Potential to build up temperature in T-81314; Potential increased vapor traffic; Potential overpressure of T-81314; Potential to damage trays in T-81314 with financial impact | Low/no reflux flow resulting in loss of cooling in Naphtha Stabilizer Column T-81314; Increased temperature in T-81314; Potential to build up temperature in T-81314; Potential increased vapor traffic; Potential overpressure of T-81314; Potential to damage trays in T-81314 with financial impact | No reflux flow resulting in loss of cooling in Naphtha Stabilizer Column T-81314; Increased temperature in T-81314; Potential to build up temperature in T-81314; Potential increased vapor traffic; Potential overpressure of T-81314; Potential to damage trays in T-81314 with financial impact | Increased flow of reflux to Naphtha Stabilizer Column T- 101; Increased liquid traffic; Potential to flood T-81314, increasing deltaP, restricting vapor traffic; Potential to damage the T-81314 trays with financial impact | Increased flow of reflux to Naphtha Stabilizer Column T- 101; Increased liquid traffic; Potential increased pressure to the Combi Tower T-56446 and increased gas volume to the RGC; Potential increased backpressure on the RGC resulting in RGC shutdown leading to flaring and potential environmental impact (unplanned flaring event) | Increased temperature in Naphtha Stabilizer Column T- 101, push heavier components overhead and contaminate Y-Grade product, product quality issues, potential to exceed Maximum Allowable Working Temperature (MAWT) of T-81314 of 92829F, mechanical integrity issues, potential release, potential ignition and personnel impact | Potential reduced tank mixing; Potential stratification in tank; No off-spec product issues; Potential process upset; Potential shutdown with potential throughput interruption and financial impact","Node 2, Node 3, Node 10, Node 43",4.0,3.0,2.0
PAH84364,HI,Tier 1/2: Deterministic,High,PAH-84364A/B/C high pressure alarm will prompt operator response,N/A,FCV-80031 malfunctions open or bypass inadvertently opened | FCV-65350 malfunctions open or bypass inadvertently opened,"Excess stripping gas at 83947 psig, increase in Combi Tower T-56446 pressure; Potential to overpressure T-56446 with loss of containment, potential ignition and personnel impact | Excess stripping gas, increase in Combi Tower T-56446 pressure; Potential to overpressure T-56446 with loss of containment, potential ignition and personnel impact",Node 14,4.0,1.0,2.0
PAH86958,HI,Tier 1/2: Deterministic,High,PAH-86958A/B/C high pressure alarm will prompt operator response,N/A,FCV-90861 malfunctions open or bypass inadvertently opened | FCV-48000 malfunctions open or bypass inadvertently opened,"Excess stripping gas at 83947 psig, increase in Combi Tower T-92182 pressure; Potential to overpressure T-92182 with loss of containment, potential ignition and personnel impact | Excess stripping gas, increase in Combi Tower T-92182 pressure; Potential to overpressure T-92182 with loss of containment, potential ignition and personnel impact",Node 30,4.0,1.0,2.0
PAHH13584,HIHI,Tier 1/2: Deterministic,High,PAHH- 13584/13626 high-high pressure alarm on CM- 101A/B discharge will shutdown compressor,N/A,XV-68867/13627 on discharge from Recycle Compressor CM-81314A/B fails closed | Pressure control valve PCV-82542 fails closed | FCV-63484 fails closed or upstream/downstream manual valve(s) inadvertently closed,"Blocked CM-81314A/B compressor discharge; Potential overpressure with loss of containment, potential ignition and personnel impact",Node 9,4.0,1.0,2.0
PAHH13626,HIHI,Tier 1/2: Deterministic,High,PAHH- 13584/13626 high-high pressure alarm on CM- 101A/B discharge will shutdown compressor,N/A,XV-68867/13627 on discharge from Recycle Compressor CM-81314A/B fails closed | Pressure control valve PCV-82542 fails closed | FCV-63484 fails closed or upstream/downstream manual valve(s) inadvertently closed,"Blocked CM-81314A/B compressor discharge; Potential overpressure with loss of containment, potential ignition and personnel impact",Node 9,4.0,1.0,2.0
PAHH14009,HIHI,Tier 1/2: Deterministic,High,PAHH- 14009/14029 high-high pressure alarm will trip Hot Oil Heater F-81314,N/A,What if vessel temperature control loop fails open or closed? | What if fuel supply pressure increases? | What if fuel supply regulator fails open? | What if burner tube skin temperature increases? (Caused by flow restriction in tube) | What if burner tube ruptures? | What if solids build up on tube internal surfaces? | What if hot oil flow through the tubes stops?,"Fails open - increased heating of hot oil; potential for overheating of Hot Oil Heater F-81314 tubes, tube failure, loss of containment, ignition, heater damage, potential personnel impact | Increased heating of hot oil; potential for overheating of Hot Oil Heater F-81314 tubes, tube failure, loss of containment, ignition, heater damage, potential personnel impact and environmental impact | Potential for overheating of Hot Oil Heater F-81314 tubes, tube failure, loss of containment, ignition, heater damage, potential personnel impact and environmental impact | Flow restriction in tubes; Potential for overheating of Hot Oil Heater F-81314 tubes, tube failure, loss of containment, ignition, heater damage, potential personnel impact and environmental impact",Node 10,4.0,1.0,2.0
PAHH14029,HIHI,Tier 1/2: Deterministic,High,PAHH- 14009/14029 high-high pressure alarm will trip Hot Oil Heater F-81314,N/A,What if vessel temperature control loop fails open or closed? | What if fuel supply pressure increases? | What if fuel supply regulator fails open? | What if burner tube skin temperature increases? (Caused by flow restriction in tube) | What if burner tube ruptures? | What if solids build up on tube internal surfaces? | What if hot oil flow through the tubes stops?,"Fails open - increased heating of hot oil; potential for overheating of Hot Oil Heater F-81314 tubes, tube failure, loss of containment, ignition, heater damage, potential personnel impact | Increased heating of hot oil; potential for overheating of Hot Oil Heater F-81314 tubes, tube failure, loss of containment, ignition, heater damage, potential personnel impact and environmental impact | Potential for overheating of Hot Oil Heater F-81314 tubes, tube failure, loss of containment, ignition, heater damage, potential personnel impact and environmental impact | Flow restriction in tubes; Potential for overheating of Hot Oil Heater F-81314 tubes, tube failure, loss of containment, ignition, heater damage, potential personnel impact and environmental impact",Node 10,4.0,1.0,2.0
PAHH23584,HIHI,Tier 1/2: Deterministic,High,PAHH- 23584/23626 high-high pressure alarm on CM- 201A/B discharge will shutdown compressor,N/A,XV-35717/23627 on discharge from Recycle Compressor CM-33219A/B fails closed | Pressure control valve PCV-15581 fails closed | FCV-10463 fails closed or upstream/downstream manual valve(s) inadvertently closed,"Blocked CM-33219A/B compressor discharge; Potential overpressure with loss of containment, potential ignition and personnel impact",Node 27,4.0,1.0,2.0
PAHH23626,HIHI,Tier 1/2: Deterministic,High,PAHH- 23584/23626 high-high pressure alarm on CM- 201A/B discharge will shutdown compressor,N/A,XV-35717/23627 on discharge from Recycle Compressor CM-33219A/B fails closed | Pressure control valve PCV-15581 fails closed | FCV-10463 fails closed or upstream/downstream manual valve(s) inadvertently closed,"Blocked CM-33219A/B compressor discharge; Potential overpressure with loss of containment, potential ignition and personnel impact",Node 27,4.0,1.0,2.0
PAHH24009,HIHI,Tier 1/2: Deterministic,High,PAHH- 24009/24029 high-high pressure alarm will trip Hot Oil Heater F-33219,N/A,What if vessel temperature control loop fails open or closed? | What if fuel supply pressure increases? | What if fuel supply regulator fails open? | What if burner tube skin temperature increases? (Caused by flow restriction in tube) | What if burner tube ruptures? | What if solids build up on tube internal surfaces? | What if hot oil flow through the tubes stops?,"Fails open - increased heating of hot oil; potential for overheating of Hot Oil Heater F-33219 tubes, tube failure, loss of containment, ignition, heater damage, potential personnel impact | Increased heating of hot oil; potential for overheating of Hot Oil Heater F-33219 tubes, tube failure, loss of containment, ignition, heater damage, potential personnel impact and environmental impact | Potential for overheating of Hot Oil Heater F-33219 tubes, tube failure, loss of containment, ignition, heater damage, potential personnel impact and environmental impact | Flow restriction in tubes; Potential for overheating of Hot Oil Heater F-33219 tubes, tube failure, loss of containment, ignition, heater damage, potential personnel impact and environmental impact",Node 28,4.0,1.0,2.0
PAHH24029,HIHI,Tier 1/2: Deterministic,High,PAHH- 24009/24029 high-high pressure alarm will trip Hot Oil Heater F-33219,N/A,What if vessel temperature control loop fails open or closed? | What if fuel supply pressure increases? | What if fuel supply regulator fails open? | What if burner tube skin temperature increases? (Caused by flow restriction in tube) | What if burner tube ruptures? | What if solids build up on tube internal surfaces? | What if hot oil flow through the tubes stops?,"Fails open - increased heating of hot oil; potential for overheating of Hot Oil Heater F-33219 tubes, tube failure, loss of containment, ignition, heater damage, potential personnel impact | Increased heating of hot oil; potential for overheating of Hot Oil Heater F-33219 tubes, tube failure, loss of containment, ignition, heater damage, potential personnel impact and environmental impact | Potential for overheating of Hot Oil Heater F-33219 tubes, tube failure, loss of containment, ignition, heater damage, potential personnel impact and environmental impact | Flow restriction in tubes; Potential for overheating of Hot Oil Heater F-33219 tubes, tube failure, loss of containment, ignition, heater damage, potential personnel impact and environmental impact",Node 28,4.0,1.0,2.0
PAHH84364,HIHI,Tier 1/2: Deterministic,High,PAHH-84364 (2oo3) high high pressure alarm on Combi Tower T-56446 will prompt operator response,N/A,PCV-10363A fails closed or upstream/downstream manual valve(s) inadvertently closed | FCV-10390 fails open or bypass inadvertently open,"Loss of vapor flow out of Combi Tower Accumulator pressure vessel PV-56446, increased pressure in Combi Tower T- 102, overpressure Combi Tower, loss of containment, potential ignition and personnel impact | Increase in Combi Tower T-56446 temperature and pressure, potential column overpressure, loss of containment, potential ignition and personnel impact","Node 9, Node 10",4.0,1.0,2.0
PAL71803,LO,Tier 1/2: Deterministic,High,PAL-71803 low pressure alarm on PV- 109 outlet will prompt operator response,N/A,FCV-63484 malfunctions open or bypass valve inadvertently open,"Potential low backpressure on the Discharge Scrubber PV- 109; Potential to carryover liquids to Hot Oil Furnace F-81314 fuel inlet, potential for damage of burners, heater firebox, potential explosion and personnel impact and damage with downtime greater than 52954 days",Node 9,5.0,2.0,4.0
PAL73267,LO,Tier 1/2: Deterministic,High,PAL-73267 low pressure alarm on PV- 209 outlet will prompt operator response,N/A,FCV-10463 malfunctions open or bypass valve inadvertently open,"Potential low backpressure on the Discharge Scrubber PV-99938; Potential to carryover liquids to Hot Oil Furnace F-33219 fuel inlet, potential for damage of burners, heater firebox, potential explosion and personnel impact and damage with downtime greater than 52954 days",Node 27,5.0,2.0,4.0
PALL49198,LOLO,Tier 1/2: Deterministic,High,PALL-49198 low- low pressure alarm on Hot Oil Heater F-33219 discharge will trip F- 201,N/A,Multiple Hot Oil Circulation Pumps PM- 202A/B/C/D trip | Reduced heat transfer fluid flow | What if vessel temperature control loop fails open or closed?,"Reduced hot oil flow, potential for overheating of Hot Oil Heater F-33219 tubes, tube failure, loss of containment, ignition, heater damage, potential personnel impact | Fails open - increased heating of hot oil; potential for overheating of Hot Oil Heater F-33219 tubes, tube failure, loss of containment, ignition, heater damage, potential personnel impact",Node 28,4.0,1.0,2.0
PALL71033,LOLO,Tier 1/2: Deterministic,High,PALL-71033 low- low pressure alarm on Hot Oil Heater F-81314 discharge will trip F- 101,N/A,Multiple Hot Oil Circulation Pumps PM- 102A/B/C/D trip | Reduced heat transfer fluid flow | What if vessel temperature control loop fails open or closed?,"Reduced hot oil flow, potential for overheating of Hot Oil Heater F-81314 tubes, tube failure, loss of containment, ignition, heater damage, potential personnel impact | Fails open - increased heating of hot oil; potential for overheating of Hot Oil Heater F-81314 tubes, tube failure, loss of containment, ignition, heater damage, potential personnel impact",Node 10,4.0,1.0,2.0
PDAH31093,HI,Tier 1/2: Deterministic,High,PDAH-31093 high differential pressure alarm on Combi Tower T-92182 will prompt operator response,N/A,"Heavy Naphtha Stripper Product Pump PM-11689B trips | 6"" manual valve on suction to Heavy Naphtha Stripper Product Pump PM-11689B inadvertently closed | 6"" manual valve on discharge from Heavy Naphtha Stripper Product Pump PM-11689B inadvertently closed | 6"" manual valve on EX-92182 shell side outlet inadvertently closed | FCV-38704 malfunctions closed or upstream/downstream manual valve(s) inadvertently closed | LCV-16358 malfunctions closed or upstream/downstream manual valve(s) inadvertently closed | T-92182 Combi Tower tray pluggage | Level control valve LCV-20382 fails closed | T-92182 Combi Tower Tray Pluggage | Kero Stripper Product Pump PM-48495A/B trips or loss of power | Manual valve closed inadvertently in Kero Stripper Product Pump PM-48495A/B suction or basket strainers on suction lines plugged | Manual valve closed inadvertently in Kero Stripper Product Pump PM-48495A/B discharge | 8"" manual valve on EX-99986 shell side outlet inadvertently closed | 8"" manual valve upstream/downstream of AF-80996 Kero Product Cooler inadvertently closed | FCV-80717 malfunctions closed or upstream/downstream manual valve(s) inadvertently closed or 8"" manual valve on kero product to rerun inadvertently closed | Level control valve LCV-44082 fails closed or T-92182 tower tray plugs | 8"" valve closed on heavy naphtha rundown header from one or both splitter towers | Plugged Kero Filters | MOV-66277/ 22/ 24 closed on outlet of tank TK-61869-11/20 and TK-85935-10 to Transfer Pump P-1A/B when tank is in transfer to pipeline | MOV-98319/06/07 closed on outlet of tank TK-61869-11/20 and TK-85935-10 to Transfer Pump P-1A/B when tank is in transfer to pipeline | 12"" manual valve blocked on inlet valve to Transfer Pump P-1A/B or strainer plugs | Transfer Pump P-1A/B stops | Blocked 8"" manual outlet valve of Transfer Pump P-1A/B | MOV-50697 fails closed when not performing diesel flush on outlet of pump P-1A/B | MOV-99758 fails closed or 38095"" valve closed on product manifold out of facility","High level in Heavy Naphtha Stripper T-99986, potential to overfill T-99986 back to Combi Tower T-92182; high differential pressure; Potential to get heavy naphtha liquids in the vapor return line; Potential damage to vapor return piping; Potential release with ignition and personnel impact | Potential Combi Tower T-92182 flooding; high differential pressure; Potential to get heavy naphtha liquids in the vapor return line; Potential damage to vapor return piping; Potential release with ignition and personnel impact | Potential Combi Tower T-92182 flooding; leading to products Kero, Diesel, and AGO going off-spec, operability/product quality issues; Potential financial impact | Potential Combi Tower T-92182 flooding; high differential pressure; Potential to get kero liquids in the vapor return line; Potential damage to vapor return piping; Potential release with ignition and personnel impact | High level in Kero Stripper T-80996; Potential Combi Tower T-92182 flooding; high differential pressure; Potential to get kero liquids in the vapor return line; Potential damage to vapor return piping; Potential release with ignition and personnel impact | Inadvertently route all flow through either AF-80996-1 or AF- 204-2; Potential reduced cooling ability, sending higher temperature product to storage tanks; Not enough to exceed design temp of storage tanks (200 degF); Potential reduced flow and potential increased level in Kero Stripper T-80996; Potential high level in Stripper T-80996; Potential Combi Tower T-92182 flooding; high differential pressure; Potential to get kero liquids in the vapor return line; Potential damage to vapor return piping; Potential release with ignition and personnel impact | Potential Combi Tower T-56446 flooding; high differential pressure; Potential to get kero liquids in the vapor return line; Potential damage to vapor return piping; Potential release with ignition and personnel impact | Potential to drop diesel into the bottom of the Combi Tower T-92182, potential to send out diesel with the AGO; Potential to ultimately flood level in T-92182; Potential to send liquids in the vapor return lines; Potential damage to vapor return piping; Potential release with ignition and personnel impact | High level in Heavy Naphtha Stripper T-73992/203, potential to overfill T-73992/203 back to Combi Tower T-56446/202; high differential pressure; Potential to get heavy naphtha liquids in the vapor return line; Potential damage to vapor return piping; Potential release with ignition and personnel impact | High level in Kero Stripper T-59524/204; Potential Combi Tower T-56446/202 flooding; high differential pressure; Potential to get kero liquids in the vapor return line; Potential damage to vapor return piping; Potential release with ignition and personnel impact | Potential Kero tank overfill (TK-61869-20/11, TK-85935-10); High level in Kero Stripper T-59524/204; Potential Combi Tower T- 102/202 flooding; high differential pressure; Potential to get kero liquids in the vapor return line; Potential damage to vapor return piping; Potential release with ignition and personnel impact","Node 24, Node 25, Node 26, Node 39, Node 40",4.0,3.0,3.0
PDAH59984,HI,Tier 1/2: Deterministic,High,PDAH-59984 high differential pressure alarm on Stabilizer T- 101 will prompt operator response,N/A,Low feed flow from upstream Condensate Feed Pumps PM-53688A/B/C | FCV-24128 fails open or bypass inadvertently opened on reflux line | PCV-44579 fails closed or upstream/downstream manual valve(s) inadvertently closed,"Loss of feed to Naphtha Stabilizer Column T-81314; Potential to build up temperature in T-81314; Potential overpressure of T-81314 with loss of containment and potential personnel impact | Increased flow of reflux to Naphtha Stabilizer Column T- 101; Increased liquid traffic; Potential to flood T-81314, increasing deltaP, restricting vapor traffic; Potential to damage the T-81314 trays with financial impact | Increased flow of reflux to Naphtha Stabilizer Column T- 101; Increased liquid traffic; Potential increased pressure to the Combi Tower T-56446 and increased gas volume to the RGC; Potential increased backpressure on the RGC resulting in RGC shutdown leading to flaring and potential environmental impact (unplanned flaring event) | Loss of make-up naturalgas to PV-81314 Naphtha Stabilizer Accumulator; Inability to send naphtha to Combi Tower T-56446; Potential higher temperature in T-56446; Potential higher temperature to the heater F-81314; Potential increased vapor traffic from T-81314; Potential off-spec product with potential financial impact","Node 1, Node 3, Node 14",4.0,3.0,2.0
PDAH82179,HI,Tier 1/2: Deterministic,High,PDAH-82179 high differential pressure alarm on Combi Tower T-56446 will prompt operator response,N/A,"Heavy Naphtha Stripper Product Pump PM- 105B trips | 6"" manual valve on suction to Heavy Naphtha Stripper Product Pump PM-17647B inadvertently closed | 6"" manual valve on discharge from Heavy Naphtha Stripper Product Pump PM-17647B inadvertently closed | 6"" manual valve on EX-56446 shell side outlet inadvertently closed | FCV-13718 malfunctions closed or upstream/downstream manual valve(s) inadvertently closed | LCV-81570 malfunctions closed or upstream/downstream manual valve(s) inadvertently closed | T-56446 Combi Tower tray pluggage | Level control valve LCV-74017 fails closed | T-56446 Combi Tower Tray Pluggage | Kero Stripper Product Pump PM-76255A/B trips or loss of power | Manual valve closed inadvertently in Kero Stripper Product Pump PM-76255A/B suction or basket strainers on suction lines plugged | Manual valve closed inadvertently in Kero Stripper Product Pump PM-76255A/B discharge | 8"" manual valve on EX-73992 shell side outlet inadvertently closed | 8"" manual valve upstream/downstream of AF-59524 Kero Product Cooler inadvertently closed | FCV-19313 malfunctions closed or upstream/downstream manual valve(s) inadvertently closed or 8"" manual valve on kero product to rerun inadvertently closed | Level control valve LCV-15841 fails closed or T-56446 tower tray plugs | 8"" valve closed on heavy naphtha rundown header from one or both splitter towers | Plugged Kero Filters | MOV-66277/ 22/ 24 closed on outlet of tank TK-61869-11/20 and TK-85935-10 to Transfer Pump P-1A/B when tank is in transfer to pipeline | MOV-98319/06/07 closed on outlet of tank TK-61869-11/20 and TK-85935-10 to Transfer Pump P-1A/B when tank is in transfer to pipeline | 12"" manual valve blocked on inlet valve to Transfer Pump P-1A/B or strainer plugs | Transfer Pump P-1A/B stops | Blocked 8"" manual outlet valve of Transfer Pump P-1A/B | MOV-50697 fails closed when not performing diesel flush on outlet of pump P-1A/B | MOV-99758 fails closed or 38095"" valve closed on product manifold out of facility","High level in Heavy Naphtha Stripper T-73992, potential to overfill T-73992 back to Combi Tower T-56446; high differential pressure; Potential to get heavy naphtha liquids in the vapor return line; Potential damage to vapor return piping; Potential release with ignition and personnel impact | Potential Combi Tower T-56446 flooding; high differential pressure; Potential to get heavy naphtha liquids in the vapor return line; Potential damage to vapor return piping; Potential release with ignition and personnel impact | Potential Combi Tower T-56446 flooding; leading to products Kero, Diesel, and AGO going off-spec, operability/product quality issues; Potential financial impact | Potential Combi Tower T-56446 flooding; high differential pressure; Potential to get kero liquids in the vapor return line; Potential damage to vapor return piping; Potential release with ignition and personnel impact | High level in Kero Stripper T-59524; Potential Combi Tower T-56446 flooding; high differential pressure; Potential to get kero liquids in the vapor return line; Potential damage to vapor return piping; Potential release with ignition and personnel impact | Inadvertently route all flow through either AF-59524-1 or AF- 104-2; Potential reduced cooling ability, sending higher temperature product to storage tanks; Not enough to exceed design temp of storage tanks (200 degF); Potential reduced flow and potential increased level in Kero Stripper T-59524; Potential high level in Stripper T-59524; Potential Combi Tower T-56446 flooding; high differential pressure; Potential to get kero liquids in the vapor return line; Potential damage to vapor return piping; Potential release with ignition and personnel impact | Potential to drop diesel into the bottom of the Combi Tower T-56446, potential to send out diesel with the AGO; Potential to ultimately flood level in T-56446; Potential to send liquids in the vapor return lines; Potential damage to vapor return piping; Potential release with ignition and personnel impact | High level in Heavy Naphtha Stripper T-73992/203, potential to overfill T-73992/203 back to Combi Tower T-56446/202; high differential pressure; Potential to get heavy naphtha liquids in the vapor return line; Potential damage to vapor return piping; Potential release with ignition and personnel impact | High level in Kero Stripper T-59524/204; Potential Combi Tower T-56446/202 flooding; high differential pressure; Potential to get kero liquids in the vapor return line; Potential damage to vapor return piping; Potential release with ignition and personnel impact | Potential Kero tank overfill (TK-61869-20/11, TK-85935-10); High level in Kero Stripper T-59524/204; Potential Combi Tower T- 102/202 flooding; high differential pressure; Potential to get kero liquids in the vapor return line; Potential damage to vapor return piping; Potential release with ignition and personnel impact","Node 6, Node 7, Node 8, Node 39, Node 40",4.0,3.0,3.0
PDAH94690,HI,Tier 1/2: Deterministic,High,PDAH-94690 high differential pressure alarm on Stabilizer T- 201 will prompt operator response,N/A,Low feed flow from upstream Condensate Feed Pumps PM-53688A/B/C | FCV-32116 fails open or bypass inadvertently opened on reflux line | PCV-17691 fails closed or upstream/downstream manual valve(s) inadvertently closed,"Loss of feed to Naphtha Stabilizer Column T-33219; Potential to build up temperature in T-33219; Potential overpressure of T-33219 with loss of containment and potential personnel impact | Increased flow of reflux to Naphtha Stabilizer Column T- 201; Increased liquid traffic; Potential to flood T-33219, increasing deltaP, restricting vapor traffic; Potential to damage the T-33219 trays with financial impact | Increased flow of reflux to Naphtha Stabilizer Column T- 201; Increased liquid traffic; Potential increased pressure to the Combi Tower T-92182 and increased gas volume to the RGC; Potential increased backpressure on the RGC resulting in RGC shutdown leading to flaring and potential environmental impact (unplanned flaring event) | Loss of make-up naturalgas to PV-33219 Naphtha Stabilizer Accumulator; Inability to send naphtha to Combi Tower T-92182; Potential higher temperature in T-92182; Potential higher temperature to the heater F-33219; Potential increased vapor traffic from T-33219; Potential off-spec product with potential financial impact","Node 19, Node 21, Node 30",2.0,3.0,1.0
PDI59984,HI,Tier 1/2: Deterministic,High,PDI-59984 Differential Pressure Alarm will prompt operator response on high and high-high,N/A,Level control valve LCV-70445 malfunctions closed or upstream/downstream manual valve(s) inadvertently closed,High level in Naphtha Stabilizer Column T-81314; Potential carryover to Recycle Gas Compressors; Potential carryover from T- 101 Condenser and downstream into Accumulator and Spheres; Potential off-spec product resulting in need to send product back and re-process; Potential roof failure and release of vapors with potential permit exceedance; Potential financial impact | Loss of reboiler duty; Potential tray damage in T-81314 with potential financial impact and downtime,Node 2,4.0,3.0,4.0
PDI94690,HI,Tier 1/2: Deterministic,High,PDI-94690 Differential Pressure Alarm will prompt operator response on high and high-high,N/A,Level control valve LCV-33207 malfunctions closed or upstream/downstream manual valve(s) inadvertently closed,High level in Naphtha Stabilizer Column T-33219; Potential carryover to Recycle Gas Compressors; Potential carryover from T- 201 Condenser and downstream into Accumulator and Spheres; Potential off-spec product resulting in need to send product back and re-process; Potential roof failure and release of vapors with potential permit exceedance; Potential financial impact | Loss of reboiler duty; Potential tray damage in T-33219 with potential financial impact and downtime,Node 20,4.0,3.0,4.0
PIC21203,LO,Tier 1/2: Deterministic,High,PIC-21203/13611 low suction pressure shutdown will shutdown CM- 101A/CM-81314B compressors,N/A,PCV-10363A fails closed or upstream/downstream manual valve(s) inadvertently closed,Loss of suction to Recycle Gas Compressor; Potential compressor rod load damage with potential financial impact,Node 9,1.0,3.0,1.0
PIC13611,LO,Tier 1/2: Deterministic,High,PIC-21203/13611 low suction pressure shutdown will shutdown CM- 101A/CM-81314B compressors,N/A,PCV-10363A fails closed or upstream/downstream manual valve(s) inadvertently closed,Loss of suction to Recycle Gas Compressor; Potential compressor rod load damage with potential financial impact,Node 9,1.0,3.0,1.0
PIC73370,LO,Tier 1/2: Deterministic,High,PIC-73370/23611 low suction pressure shutdown will shutdown CM- 201A/CM-33219B compressors,N/A,PCV-36763A fails closed or upstream/downstream manual valve(s) inadvertently closed,Loss of suction to Recycle Gas Compressor; Potential compressor rod load damage with potential financial impact,Node 27,1.0,3.0,1.0
PIC23611,LO,Tier 1/2: Deterministic,High,PIC-73370/23611 low suction pressure shutdown will shutdown CM- 201A/CM-33219B compressors,N/A,PCV-36763A fails closed or upstream/downstream manual valve(s) inadvertently closed,Loss of suction to Recycle Gas Compressor; Potential compressor rod load damage with potential financial impact,Node 27,1.0,3.0,1.0
PIT22632,LO,Tier 1/2: Deterministic,High,PIT-22632 low pump discharge pressure alarm will prompt operator response,N/A,Ammonia Forwarding Pump PM-67967A/B trips | Manual valve(s) on suction to Ammonia Forwarding Pump PM-67967A/B inadvertently closed or upstream strainer plugged | Manual valve(s) on discharge from Ammonia Forwarding Pump PM-67967A/B inadvertently closed | FCV-12237 fails closed or upstream/downstream manual valve(s) inadvertently closed or upstream filters FIL- 78006A/B plugged | Failure to re-fill Ammonia Storage Tank PV-76255,"Inability to send ammonia to heater system; Potential inability to control air emissions with potential environmental/financial impact | NH3 Forwarding Pump PM-67967A/B cavitation, potential seal damage, release of aqueous ammonia, personnel impact",Node 13,3.0,2.0,1.0
PIT65773,LO,Tier 1/2: Deterministic,High,PIT-65773 low pump discharge pressure alarm will prompt operator response,N/A,Ammonia Forwarding Pump PM-24946A/B trips | Manual valve(s) on suction to Ammonia Forwarding Pump PM-24946A/B inadvertently closed or upstream strainer plugged | Manual valve(s) on discharge from Ammonia Forwarding Pump PM-24946A/B inadvertently closed | FCV-57099 fails closed or upstream/downstream manual valve(s) inadvertently closed or upstream filters FIL- 74307A/B plugged | Failure to re-fill Ammonia Storage Tank PV-76255,"Inability to send ammonia to heater system; Potential inability to control air emissions with potential environmental/financial impact | NH3 Forwarding Pump PM-24946A/B cavitation, potential seal damage, release of aqueous ammonia, personnel impact",Node 29,3.0,2.0,1.0
PAH55721,HI,Tier 1/2: Deterministic,High,Pressure alarm high-high PAH-55721 at common duct alarm will prompt operator response,N/A,What if air damper fails closed?,"Mechanical failure (all dampers in manual) - pressure swings on ID fan, air imbalance, potential for high Hot Oil Heater F- 301 duct temperatures; Potential heater damage and downtime",Node 28,3.0,1.0,1.0
PAH69190,HI,Tier 1/2: Deterministic,High,Pressure alarm high-high PAH-69190 at common duct alarm will prompt operator response,N/A,What if air damper fails closed?,"Mechanical failure (all dampers in manual) - pressure swings on ID fan, air imbalance, potential for high Hot Oil Heater F- 101 duct temperatures; Potential heater damage and downtime",Node 10,3.0,1.0,1.0
PAHH14137,HIHI,Tier 1/2: Deterministic,High,Pressure alarm high-high PAHH- 14137 at common duct trips Hot Oil Heater F- 101,N/A,What if air damper fails closed?,"Mechanical failure (all dampers in manual) - pressure swings on ID fan, air imbalance, potential for high Hot Oil Heater F- 101 duct temperatures; Potential heater damage and downtime",Node 10,3.0,1.0,1.0
PAHH24137,HIHI,Tier 1/2: Deterministic,High,Pressure alarm high-high PAHH- 24137 at common duct trips Hot Oil Heater F- 201,N/A,What if air damper fails closed?,"Mechanical failure (all dampers in manual) - pressure swings on ID fan, air imbalance, potential for high Hot Oil Heater F- 301 duct temperatures; Potential heater damage and downtime",Node 28,3.0,1.0,1.0
PAL65015,LO,Tier 1/2: Deterministic,High,Pressure alarm low PAL-65015 unit air header low air pressure alarm will prompt operator response,N/A,CM-56446A/B/CM-92182A/B Air Compressors trip | Air filter plugged,"Cabinets using air purge for electrical classification unprotected; Potential flammable atmosphere, potential ignition and personnel impact","Node 17, Node 33",3.0,2.0,2.0
LT16573,LO,Tier 1/2: Deterministic,High,SAAB level transmitter LT-16573 on kero tank TK-85935-10 will alarm on unintended flow direction (intentional flow direction is manually set),N/A,Valve misalignment on kero/ diesel transfer header - Tank TK-61869-11/20 and TK-85935- 10 | Valve misalignment on kero/ diesel transfer header - Tank TK-61869-12/21,"(Flow of diesel to kero tanks or kero to diesel tanks) Potential major flow of kero to diesel or vice versa, potential issue with inventory tracking, potential off-spec product; No environmental impact (distillate products able to be stored in same tanks); Potential financial impact due to off-spec product","Node 40, Node 41",2.0,1.0,1.0
LT37542,LO,Tier 1/2: Deterministic,High,SAAB level transmitter LT-37542 on kero tank TK-61869-21 will alarm on unintended flow direction (intentional flow direction is manually set),N/A,Valve misalignment on kero/ diesel transfer header - Tank TK-61869-11/20 and TK-85935- 10 | Valve misalignment on kero/ diesel transfer header - Tank TK-61869-12/21,"(Flow of diesel to kero tanks or kero to diesel tanks) Potential major flow of kero to diesel or vice versa, potential issue with inventory tracking, potential off-spec product; No environmental impact (distillate products able to be stored in same tanks); Potential financial impact due to off-spec product","Node 40, Node 41",2.0,1.0,1.0
LT44612,LO,Tier 1/2: Deterministic,High,SAAB level transmitter LT-44612 on kero tank TK-61869-11 will alarm on unintended flow direction (intentional flow direction is manually set),N/A,Valve misalignment on kero/ diesel transfer header - Tank TK-61869-11/20 and TK-85935- 10 | Valve misalignment on kero/ diesel transfer header - Tank TK-61869-12/21,"(Flow of diesel to kero tanks or kero to diesel tanks) Potential major flow of kero to diesel or vice versa, potential issue with inventory tracking, potential off-spec product; No environmental impact (distillate products able to be stored in same tanks); Potential financial impact due to off-spec product","Node 40, Node 41",2.0,1.0,1.0
LT56959,LO,Tier 1/2: Deterministic,High,SAAB level transmitter LT-56959 on diesel tank TK-61869-12 will alarm on unintended flow direction (intentional flow direction is manually set),N/A,Valve misalignment on kero/ diesel transfer header - Tank TK-61869-11/20 and TK-85935- 10 | Valve misalignment on kero/ diesel transfer header - Tank TK-61869-12/21,"(Flow of diesel to kero tanks or kero to diesel tanks) Potential major flow of kero to diesel or vice versa, potential issue with inventory tracking, potential off-spec product; No environmental impact (distillate products able to be stored in same tanks); Potential financial impact due to off-spec product","Node 40, Node 41",2.0,1.0,1.0
LT58680,LO,Tier 1/2: Deterministic,High,SAAB level transmitter LT-58680 on light naphtha tank TK- 120-25 will alarm on unintended flow direction (intentional flow direction is manually set),N/A,Valve misalignment on naphtha transfer header - Tank TK-24946-24 and 24946-25 in light; tank TK-61869-15 heavy | Valve misalignment on naphtha transfer header - Tank TK-24946-24 in light; tank TK-61869-15 or TK-24946-25 in heavy,"(Flow Tank TK-24946-24 or TK-24946-25 to TK-61869-15) Potential major flow of light naphtha to heavy naphtha, potential issue with inventory tracking, potential off-spec product, operability issue, potential deviation on environmental permitting - incorrect product in tank, environmental impact | (Flow Tank TK-61869-15 to TK-24946-24/25) Potential major flow of heavy naphtha to light naphtha, potential issue with inventory tracking, potential off-spec product; potential financial impact | (Flow Tank TK-24946-24 to TK-24946-25) Potential major flow of light naphtha to heavy naphtha, potential issue with inventory tracking, potential off-spec product, operability issue, potential deviation on environmental permitting - incorrect product in tank, environmental impact | (Flow Tank TK-24946-25 to TK-24946-24) Potential major flow of heavy naphtha to light naphtha, potential issue with inventory tracking, potential off-spec product; potential financial impact","Node 38, Node 39",1.0,2.0,1.0
LT75103,LO,Tier 1/2: Deterministic,High,SAAB level transmitter LT-75103 on light naphtha tank TK- 120-24 will alarm on unintended flow direction (intentional flow direction is manually set),N/A,Valve misalignment on naphtha transfer header - Tank TK-24946-24 and 24946-25 in light; tank TK-61869-15 heavy | Valve misalignment on naphtha transfer header - Tank TK-24946-24 in light; tank TK-61869-15 or TK-24946-25 in heavy,"(Flow Tank TK-24946-24 or TK-24946-25 to TK-61869-15) Potential major flow of light naphtha to heavy naphtha, potential issue with inventory tracking, potential off-spec product, operability issue, potential deviation on environmental permitting - incorrect product in tank, environmental impact | (Flow Tank TK-61869-15 to TK-24946-24/25) Potential major flow of heavy naphtha to light naphtha, potential issue with inventory tracking, potential off-spec product; potential financial impact | (Flow Tank TK-24946-24 to TK-24946-25) Potential major flow of light naphtha to heavy naphtha, potential issue with inventory tracking, potential off-spec product, operability issue, potential deviation on environmental permitting - incorrect product in tank, environmental impact | (Flow Tank TK-24946-25 to TK-24946-24) Potential major flow of heavy naphtha to light naphtha, potential issue with inventory tracking, potential off-spec product; potential financial impact","Node 38, Node 39",1.0,2.0,1.0
LT80058,LO,Tier 1/2: Deterministic,High,SAAB level transmitter LT-80058 on diesel tank TK-61869-21 will alarm on unintended flow direction (intentional flow direction is manually set),N/A,Valve misalignment on kero/ diesel transfer header - Tank TK-61869-11/20 and TK-85935- 10 | Valve misalignment on kero/ diesel transfer header - Tank TK-61869-12/21,"(Flow of diesel to kero tanks or kero to diesel tanks) Potential major flow of kero to diesel or vice versa, potential issue with inventory tracking, potential off-spec product; No environmental impact (distillate products able to be stored in same tanks); Potential financial impact due to off-spec product","Node 40, Node 41",2.0,1.0,1.0
LT85424,LO,Tier 1/2: Deterministic,High,SAAB level transmitter LT-85424 on heavy naphtha tank TK-61869-15 will alarm on unintended flow direction (intentional flow direction is manually set),N/A,"Valve misalignment on naphtha transfer header - Tank TK-24946-24 and 24946-25 in light; tank TK-61869-15 heavy | MOV-94883/ 9415 Blocked inlet valve to Transfer Pump P-2A/B or strainer plugs | Transfer Pump P-2A/B stops | Blocked outlet of Transfer Pump P-2A/B or 38095"" valve closed on product manifold out of facility","(Flow Tank TK-24946-24 or TK-24946-25 to TK-61869-15) Potential major flow of light naphtha to heavy naphtha, potential issue with inventory tracking, potential off-spec product, operability issue, potential deviation on environmental permitting - incorrect product in tank, environmental impact | (Flow Tank TK-61869-15 to TK-24946-24/25) Potential major flow of heavy naphtha to light naphtha, potential issue with inventory tracking, potential off-spec product; potential financial impact | Decreased flow of naphtha from naphtha tank TK-61869-15 to Transfer Pump P-2A/B when only one heavy naphtha tank in service, potential overfill of tank, spilling naphtha to grade, potential pool fire, personnel injury, environmental impact","Node 38, Node 39",4.0,2.0,2.0
LT98749,LO,Tier 1/2: Deterministic,High,SAAB level transmitter LT-98749/ 9102/ 9103 on feed tank TK-97415-1/2/3 will alarm on unintended flow direction (intentional flow direction is manually set),N/A,"16"" manual jumper valve X-78371 inadvertently open on naphtha product manifold to feed tanks and outbound motor operated valve MOV open on Feed Tanks","Potential to send heavy naphtha to feed tank, potential excess rerun and economic loss, potential increased Feed tank emissions, potential environmental impact",Node 39,1.0,2.0,1.0
SF11410,TRP,Tier 1/2: Deterministic,High,Seal Failure Alarm SF- 11410/11430 will shutdown pumps PM- 104A/B,N/A,"Manual valve on suction to Combi Tower Bottoms Product Pump PM-59524A/B inadvertently closed | Manual valve on discharge from Combi Tower Bottoms Product Pump PM-59524A/B inadvertently closed | 6"" manual valve from EX-17647 inadvertently closed | 6"" manual valve on inlet to AF-73992 Bottoms Product Cooler inadvertently closed | 6"" manual valve on outlet from AF-73992 Bottoms Product Cooler inadvertently closed | TCV-30806A malfunctions closed or upstream/downstream manual valve(s) inadvertently closed | LCV-14439 malfunctions closed or upstream/downstream manual valve(s) inadvertently closed | LCV-14439 fails open or bypass inadvertently open | Manual valve closed on AGO rundown header from one or both splitter towers | 8"" Manual valve closed on Rerun header from one or both splitter towers","Loss of suction to PM-59524A/B; Potential to cavitate pump resulting in pump damage; Potential seal failure with potential loss of containment; Potential ignition and personnel impact | Blocked discharge from pumps PM-59524A/B; Potential to deadhead pumps; Potential seal failure with potential loss of containment; Potential ignition and personnel impact | High flow results in low level in Combi Tower T-56446; Potential loss of suction to Bottoms Pumps PM-59524A/B; Potential to cavitate pump resulting in pump damage; Potential seal failure with potential loss of containment; Potential ignition and personnel impact | Combi Tower Bottoms Product Pumps PM-59524A/B or PM- 204A/B deadheaded, potential seal failure, release of hydrocarbons and ignition, potential personnel impact","Node 4, Node 42, Node 44",4.0,1.0,2.0
SF11430,TRP,Tier 1/2: Deterministic,High,Seal Failure Alarm SF- 11410/11430 will shutdown pumps PM- 104A/B,N/A,"Manual valve on suction to Combi Tower Bottoms Product Pump PM-59524A/B inadvertently closed | Manual valve on discharge from Combi Tower Bottoms Product Pump PM-59524A/B inadvertently closed | 6"" manual valve from EX-17647 inadvertently closed | 6"" manual valve on inlet to AF-73992 Bottoms Product Cooler inadvertently closed | 6"" manual valve on outlet from AF-73992 Bottoms Product Cooler inadvertently closed | TCV-30806A malfunctions closed or upstream/downstream manual valve(s) inadvertently closed | LCV-14439 malfunctions closed or upstream/downstream manual valve(s) inadvertently closed | LCV-14439 fails open or bypass inadvertently open | Manual valve closed on AGO rundown header from one or both splitter towers | 8"" Manual valve closed on Rerun header from one or both splitter towers","Loss of suction to PM-59524A/B; Potential to cavitate pump resulting in pump damage; Potential seal failure with potential loss of containment; Potential ignition and personnel impact | Blocked discharge from pumps PM-59524A/B; Potential to deadhead pumps; Potential seal failure with potential loss of containment; Potential ignition and personnel impact | High flow results in low level in Combi Tower T-56446; Potential loss of suction to Bottoms Pumps PM-59524A/B; Potential to cavitate pump resulting in pump damage; Potential seal failure with potential loss of containment; Potential ignition and personnel impact | Combi Tower Bottoms Product Pumps PM-59524A/B or PM- 204A/B deadheaded, potential seal failure, release of hydrocarbons and ignition, potential personnel impact","Node 4, Node 42, Node 44",4.0,1.0,2.0
SF21410,TRP,Tier 1/2: Deterministic,High,Seal Failure Alarm SF- 21410/21430 will shutdown pumps PM- 204A/B,N/A,"Manual valve on suction to Combi Tower Bottoms Product Pump PM-80996A/B inadvertently closed | Manual valve on discharge from Combi Tower Bottoms Product Pump PM-80996A/B inadvertently closed | 6"" manual valve from EX-11689 inadvertently closed | 6"" manual valve on inlet to AF-99986 Bottoms Product Cooler inadvertently closed | 6"" manual valve on outlet from AF-99986 Bottoms Product Cooler inadvertently closed | TCV-47043A malfunctions closed or upstream/downstream manual valve(s) inadvertently closed | LCV-60053 malfunctions closed or upstream/downstream manual valve(s) inadvertently closed | LCV-60053 fails open or bypass inadvertently open | Manual valve closed on AGO rundown header from one or both splitter towers | 8"" Manual valve closed on Rerun header from one or both splitter towers","Loss of suction to PM-80996A/B; Potential to cavitate pump resulting in pump damage; Potential seal failure with potential loss of containment; Potential ignition and personnel impact | Blocked discharge from pumps PM-80996A/B; Potential to deadhead pumps; Potential seal failure with potential loss of containment; Potential ignition and personnel impact | High flow results in low level in Combi Tower T-92182; Potential loss of suction to Bottoms Pumps PM-80996A/B; Potential to cavitate pump resulting in pump damage; Potential seal failure with potential loss of containment; Potential ignition and personnel impact | Combi Tower Bottoms Product Pumps PM-59524A/B or PM- 204A/B deadheaded, potential seal failure, release of hydrocarbons and ignition, potential personnel impact","Node 22, Node 42, Node 44",4.0,1.0,2.0
SF21430,TRP,Tier 1/2: Deterministic,High,Seal Failure Alarm SF- 21410/21430 will shutdown pumps PM- 204A/B,N/A,"Manual valve on suction to Combi Tower Bottoms Product Pump PM-80996A/B inadvertently closed | Manual valve on discharge from Combi Tower Bottoms Product Pump PM-80996A/B inadvertently closed | 6"" manual valve from EX-11689 inadvertently closed | 6"" manual valve on inlet to AF-99986 Bottoms Product Cooler inadvertently closed | 6"" manual valve on outlet from AF-99986 Bottoms Product Cooler inadvertently closed | TCV-47043A malfunctions closed or upstream/downstream manual valve(s) inadvertently closed | LCV-60053 malfunctions closed or upstream/downstream manual valve(s) inadvertently closed | LCV-60053 fails open or bypass inadvertently open | Manual valve closed on AGO rundown header from one or both splitter towers | 8"" Manual valve closed on Rerun header from one or both splitter towers","Loss of suction to PM-80996A/B; Potential to cavitate pump resulting in pump damage; Potential seal failure with potential loss of containment; Potential ignition and personnel impact | Blocked discharge from pumps PM-80996A/B; Potential to deadhead pumps; Potential seal failure with potential loss of containment; Potential ignition and personnel impact | High flow results in low level in Combi Tower T-92182; Potential loss of suction to Bottoms Pumps PM-80996A/B; Potential to cavitate pump resulting in pump damage; Potential seal failure with potential loss of containment; Potential ignition and personnel impact | Combi Tower Bottoms Product Pumps PM-59524A/B or PM- 204A/B deadheaded, potential seal failure, release of hydrocarbons and ignition, potential personnel impact","Node 22, Node 42, Node 44",4.0,1.0,2.0
SF36044,TRP,Tier 1/2: Deterministic,High,Seal failure alarm SF-36044/11385 will shutdown pumps,N/A,"12"" manual valve on inlet to Combi Tower Overhead Pumps PM-73992A/B inadvertently closed | 10"" manual valve on outlet from Combi Tower Overhead Pumps PM-73992A/B inadvertently closed | Level control valve LCV-62100 light naphtha to storage fails open or bypass opened","Loss of suction to Combi Tower Overhead Pumps PM- 103A/B; Potential to cavitate pumps resulting in potential seal failure, loss of containment, potential ignition and personnel impact | Blocked discharge from Combi Tower Overhead Pumps PM-73992A/B; Potential to deadhead pumps resulting in potential seal failure, loss of containment, potential ignition and personnel impact | Potential loss of level in Accumulator PV-56446; Loss of suction to Combi Tower Overhead Pumps PM-73992A/B; Potential to cavitate pumps resulting in potential seal failure, loss of containment, potential ignition and personnel impact",Node 5,4.0,1.0,2.0
SF11385,TRP,Tier 1/2: Deterministic,High,Seal failure alarm SF-36044/11385 will shutdown pumps,N/A,"12"" manual valve on inlet to Combi Tower Overhead Pumps PM-73992A/B inadvertently closed | 10"" manual valve on outlet from Combi Tower Overhead Pumps PM-73992A/B inadvertently closed | Level control valve LCV-62100 light naphtha to storage fails open or bypass opened","Loss of suction to Combi Tower Overhead Pumps PM- 103A/B; Potential to cavitate pumps resulting in potential seal failure, loss of containment, potential ignition and personnel impact | Blocked discharge from Combi Tower Overhead Pumps PM-73992A/B; Potential to deadhead pumps resulting in potential seal failure, loss of containment, potential ignition and personnel impact | Potential loss of level in Accumulator PV-56446; Loss of suction to Combi Tower Overhead Pumps PM-73992A/B; Potential to cavitate pumps resulting in potential seal failure, loss of containment, potential ignition and personnel impact",Node 5,4.0,1.0,2.0
SF65349,TRP,Tier 1/2: Deterministic,High,Seal failure alarm SF-65349/21385 will shutdown pumps PM- 203A/B,N/A,"12"" manual valve on inlet to Combi Tower Overhead Pumps PM-99986A/B inadvertently closed | 10"" manual valve on outlet from Combi Tower Overhead Pumps PM-99986A/B inadvertently closed | Level control valve LCV-34380 light naphtha to storage fails open or bypass opened","Loss of suction to Combi Tower Overhead Pumps PM- 203A/B; Potential to cavitate pumps resulting in potential seal failure, loss of containment, potential ignition and personnel impact | Blocked discharge from Combi Tower Overhead Pumps PM-99986A/B; Potential to deadhead pumps resulting in potential seal failure, loss of containment, potential ignition and personnel impact | Potential loss of level in Accumulator PV-92182; Loss of suction to Combi Tower Overhead Pumps PM-99986A/B; Potential to cavitate pumps resulting in potential seal failure, loss of containment, potential ignition and personnel impact",Node 23,4.0,1.0,2.0
SF21385,TRP,Tier 1/2: Deterministic,High,Seal failure alarm SF-65349/21385 will shutdown pumps PM- 203A/B,N/A,"12"" manual valve on inlet to Combi Tower Overhead Pumps PM-99986A/B inadvertently closed | 10"" manual valve on outlet from Combi Tower Overhead Pumps PM-99986A/B inadvertently closed | Level control valve LCV-34380 light naphtha to storage fails open or bypass opened","Loss of suction to Combi Tower Overhead Pumps PM- 203A/B; Potential to cavitate pumps resulting in potential seal failure, loss of containment, potential ignition and personnel impact | Blocked discharge from Combi Tower Overhead Pumps PM-99986A/B; Potential to deadhead pumps resulting in potential seal failure, loss of containment, potential ignition and personnel impact | Potential loss of level in Accumulator PV-92182; Loss of suction to Combi Tower Overhead Pumps PM-99986A/B; Potential to cavitate pumps resulting in potential seal failure, loss of containment, potential ignition and personnel impact",Node 23,4.0,1.0,2.0
SFA18026,TRP,Tier 1/2: Deterministic,High,Seal failure alarm SFA- 18026/18066/18046 will shutdown pumps PM-77434A/B/C,N/A,Valve(s) upstream of booster pumps (PM- 121A/B/C) inadvertently closed. | Valve(s) downstream of booster pumps closed (or plugged). | PDCV-33775 malfunctions closed | PCV-55414/40591 on overhead from D- 101/201 Desalter malfunctions closed or upstream/downstream manual valve(s) inadvertently closed,"Loss of suction to pump PM-77434A/B/C; Potential pump cavitation with seal failure, potential loss of containment of condensate, potential ignition and personnel impact | Blocked discharge from pump PM-77434A/B/C; Potential pump deadhead with seal failure, potential loss of containment of condensate, potential ignition and personnel impact",Node 34,4.0,1.0,2.0
SFA18066,TRP,Tier 1/2: Deterministic,High,Seal failure alarm SFA- 18026/18066/18046 will shutdown pumps PM-77434A/B/C,N/A,Valve(s) upstream of booster pumps (PM- 121A/B/C) inadvertently closed. | Valve(s) downstream of booster pumps closed (or plugged). | PDCV-33775 malfunctions closed | PCV-55414/40591 on overhead from D- 101/201 Desalter malfunctions closed or upstream/downstream manual valve(s) inadvertently closed,"Loss of suction to pump PM-77434A/B/C; Potential pump cavitation with seal failure, potential loss of containment of condensate, potential ignition and personnel impact | Blocked discharge from pump PM-77434A/B/C; Potential pump deadhead with seal failure, potential loss of containment of condensate, potential ignition and personnel impact",Node 34,4.0,1.0,2.0
SFA18046,TRP,Tier 1/2: Deterministic,High,Seal failure alarm SFA- 18026/18066/18046 will shutdown pumps PM-77434A/B/C,N/A,Valve(s) upstream of booster pumps (PM- 121A/B/C) inadvertently closed. | Valve(s) downstream of booster pumps closed (or plugged). | PDCV-33775 malfunctions closed | PCV-55414/40591 on overhead from D- 101/201 Desalter malfunctions closed or upstream/downstream manual valve(s) inadvertently closed,"Loss of suction to pump PM-77434A/B/C; Potential pump cavitation with seal failure, potential loss of containment of condensate, potential ignition and personnel impact | Blocked discharge from pump PM-77434A/B/C; Potential pump deadhead with seal failure, potential loss of containment of condensate, potential ignition and personnel impact",Node 34,4.0,1.0,2.0
SFA55734,TRP,Tier 1/2: Deterministic,High,Seal failure alarm SFA- 55734/48452/87711/2 1520 will shutdown pumps PM-76255A/B and PM-48495A/B,N/A,"Manual valve closed inadvertently in Kero Stripper Product Pump PM-76255A/B suction or basket strainers on suction lines plugged | Manual valve closed inadvertently in Kero Stripper Product Pump PM-76255A/B discharge | 8"" manual valve on EX-73992 shell side outlet inadvertently closed | FCV-19313 malfunctions closed or upstream/downstream manual valve(s) inadvertently closed or 8"" manual valve on kero product to rerun inadvertently closed | FCV-19313 fails open or bypass valve inadvertently open | Both Kero Product Pumps PM-76255A/B running at once | Manual valve closed inadvertently in Kero Stripper Product Pump PM-48495A/B suction or basket strainers on suction lines plugged | Manual valve closed inadvertently in Kero Stripper Product Pump PM-48495A/B discharge | 8"" manual valve on EX-99986 shell side outlet inadvertently closed | FCV-80717 malfunctions closed or upstream/downstream manual valve(s) inadvertently closed or 8"" manual valve on kero product to rerun inadvertently closed | FCV-80717 fails open or bypass valve inadvertently open | Both Kero Product Pumps PM-48495A/B running at once | Plugged Kero Filters","Kero Stripper Product Pump PM-76255A/B cavitation, potential seal failure, release of hydrocarbons and ignition, potential personnel impact | Kero Stripper Product Pump PM-76255A/B deadhead, potential seal failure, release of hydrocarbons and ignition, potential personnel impact | Blocked discharge from Kero Stripper Product Pump PM- 106A/B; Potential pump deadhead, potential seal failure, release of hydrocarbons and ignition, potential personnel impact | Loss of level in Kero Stripper T-59524, potential to vapor lock the stripper, potential to cavitate Kero Stripper Product Pump PM- 106A/B; Potential seal failure with loss of containment, ignition, and personnel impact | Potential loss of level in Kero Stripper T-59524, potential to vapor lock the stripper, potential to cavitate Kero Stripper Product Pump PM-76255A/B; Potential seal failure with loss of containment, ignition, and personnel impact | Kero Stripper Product Pump PM-48495A/B cavitation, potential seal failure, release of hydrocarbons and ignition, potential personnel impact | Kero Stripper Product Pump PM-48495A/B deadhead, potential seal failure, release of hydrocarbons and ignition, potential personnel impact | Blocked discharge from Kero Stripper Product Pump PM- 206A/B; Potential pump deadhead, potential seal failure, release of hydrocarbons and ignition, potential personnel impact | Loss of level in Kero Stripper T-80996, potential to vapor lock the stripper, potential to cavitate Kero Stripper Product Pump PM- 206A/B; Potential seal failure with loss of containment, ignition, and personnel impact | Potential loss of level in Kero Stripper T-80996, potential to vapor lock the stripper, potential to cavitate Kero Stripper Product Pump PM-48495A/B; Potential seal failure with loss of containment, ignition, and personnel impact | Kero Stripper Product Pump PM-76255A/B or PM-48495A/B deadhead, potential seal failure, release of hydrocarbons and ignition, potential personnel impact","Node 7, Node 25, Node 40",4.0,1.0,2.0
SFA48452,TRP,Tier 1/2: Deterministic,High,Seal failure alarm SFA- 55734/48452/87711/2 1520 will shutdown pumps PM-76255A/B and PM-48495A/B,N/A,"Manual valve closed inadvertently in Kero Stripper Product Pump PM-76255A/B suction or basket strainers on suction lines plugged | Manual valve closed inadvertently in Kero Stripper Product Pump PM-76255A/B discharge | 8"" manual valve on EX-73992 shell side outlet inadvertently closed | FCV-19313 malfunctions closed or upstream/downstream manual valve(s) inadvertently closed or 8"" manual valve on kero product to rerun inadvertently closed | FCV-19313 fails open or bypass valve inadvertently open | Both Kero Product Pumps PM-76255A/B running at once | Manual valve closed inadvertently in Kero Stripper Product Pump PM-48495A/B suction or basket strainers on suction lines plugged | Manual valve closed inadvertently in Kero Stripper Product Pump PM-48495A/B discharge | 8"" manual valve on EX-99986 shell side outlet inadvertently closed | FCV-80717 malfunctions closed or upstream/downstream manual valve(s) inadvertently closed or 8"" manual valve on kero product to rerun inadvertently closed | FCV-80717 fails open or bypass valve inadvertently open | Both Kero Product Pumps PM-48495A/B running at once | Plugged Kero Filters","Kero Stripper Product Pump PM-76255A/B cavitation, potential seal failure, release of hydrocarbons and ignition, potential personnel impact | Kero Stripper Product Pump PM-76255A/B deadhead, potential seal failure, release of hydrocarbons and ignition, potential personnel impact | Blocked discharge from Kero Stripper Product Pump PM- 106A/B; Potential pump deadhead, potential seal failure, release of hydrocarbons and ignition, potential personnel impact | Loss of level in Kero Stripper T-59524, potential to vapor lock the stripper, potential to cavitate Kero Stripper Product Pump PM- 106A/B; Potential seal failure with loss of containment, ignition, and personnel impact | Potential loss of level in Kero Stripper T-59524, potential to vapor lock the stripper, potential to cavitate Kero Stripper Product Pump PM-76255A/B; Potential seal failure with loss of containment, ignition, and personnel impact | Kero Stripper Product Pump PM-48495A/B cavitation, potential seal failure, release of hydrocarbons and ignition, potential personnel impact | Kero Stripper Product Pump PM-48495A/B deadhead, potential seal failure, release of hydrocarbons and ignition, potential personnel impact | Blocked discharge from Kero Stripper Product Pump PM- 206A/B; Potential pump deadhead, potential seal failure, release of hydrocarbons and ignition, potential personnel impact | Loss of level in Kero Stripper T-80996, potential to vapor lock the stripper, potential to cavitate Kero Stripper Product Pump PM- 206A/B; Potential seal failure with loss of containment, ignition, and personnel impact | Potential loss of level in Kero Stripper T-80996, potential to vapor lock the stripper, potential to cavitate Kero Stripper Product Pump PM-48495A/B; Potential seal failure with loss of containment, ignition, and personnel impact | Kero Stripper Product Pump PM-76255A/B or PM-48495A/B deadhead, potential seal failure, release of hydrocarbons and ignition, potential personnel impact","Node 7, Node 25, Node 40",4.0,1.0,2.0
SFA87711,TRP,Tier 1/2: Deterministic,High,Seal failure alarm SFA- 55734/48452/87711/2 1520 will shutdown pumps PM-76255A/B and PM-48495A/B,N/A,"Manual valve closed inadvertently in Kero Stripper Product Pump PM-76255A/B suction or basket strainers on suction lines plugged | Manual valve closed inadvertently in Kero Stripper Product Pump PM-76255A/B discharge | 8"" manual valve on EX-73992 shell side outlet inadvertently closed | FCV-19313 malfunctions closed or upstream/downstream manual valve(s) inadvertently closed or 8"" manual valve on kero product to rerun inadvertently closed | FCV-19313 fails open or bypass valve inadvertently open | Both Kero Product Pumps PM-76255A/B running at once | Manual valve closed inadvertently in Kero Stripper Product Pump PM-48495A/B suction or basket strainers on suction lines plugged | Manual valve closed inadvertently in Kero Stripper Product Pump PM-48495A/B discharge | 8"" manual valve on EX-99986 shell side outlet inadvertently closed | FCV-80717 malfunctions closed or upstream/downstream manual valve(s) inadvertently closed or 8"" manual valve on kero product to rerun inadvertently closed | FCV-80717 fails open or bypass valve inadvertently open | Both Kero Product Pumps PM-48495A/B running at once | Plugged Kero Filters","Kero Stripper Product Pump PM-76255A/B cavitation, potential seal failure, release of hydrocarbons and ignition, potential personnel impact | Kero Stripper Product Pump PM-76255A/B deadhead, potential seal failure, release of hydrocarbons and ignition, potential personnel impact | Blocked discharge from Kero Stripper Product Pump PM- 106A/B; Potential pump deadhead, potential seal failure, release of hydrocarbons and ignition, potential personnel impact | Loss of level in Kero Stripper T-59524, potential to vapor lock the stripper, potential to cavitate Kero Stripper Product Pump PM- 106A/B; Potential seal failure with loss of containment, ignition, and personnel impact | Potential loss of level in Kero Stripper T-59524, potential to vapor lock the stripper, potential to cavitate Kero Stripper Product Pump PM-76255A/B; Potential seal failure with loss of containment, ignition, and personnel impact | Kero Stripper Product Pump PM-48495A/B cavitation, potential seal failure, release of hydrocarbons and ignition, potential personnel impact | Kero Stripper Product Pump PM-48495A/B deadhead, potential seal failure, release of hydrocarbons and ignition, potential personnel impact | Blocked discharge from Kero Stripper Product Pump PM- 206A/B; Potential pump deadhead, potential seal failure, release of hydrocarbons and ignition, potential personnel impact | Loss of level in Kero Stripper T-80996, potential to vapor lock the stripper, potential to cavitate Kero Stripper Product Pump PM- 206A/B; Potential seal failure with loss of containment, ignition, and personnel impact | Potential loss of level in Kero Stripper T-80996, potential to vapor lock the stripper, potential to cavitate Kero Stripper Product Pump PM-48495A/B; Potential seal failure with loss of containment, ignition, and personnel impact | Kero Stripper Product Pump PM-76255A/B or PM-48495A/B deadhead, potential seal failure, release of hydrocarbons and ignition, potential personnel impact","Node 7, Node 25, Node 40",4.0,1.0,2.0
SFA11988,TRP,Tier 1/2: Deterministic,High,Seal failure alarm SFA-11988/21480 will shutdown pump PM- 105B/205B,N/A,"6"" manual valve on suction to Heavy Naphtha Stripper Product Pump PM-17647B inadvertently closed | 6"" manual valve on discharge from Heavy Naphtha Stripper Product Pump PM-17647B inadvertently closed | 6"" manual valve on EX-56446 shell side outlet inadvertently closed | FCV-13718 malfunctions closed or upstream/downstream manual valve(s) inadvertently closed | FCV-13718 fails open or bypass valve inadvertently open | 6"" manual valve on suction to Heavy Naphtha Stripper Product Pump PM-11689B inadvertently closed | 6"" manual valve on discharge from Heavy Naphtha Stripper Product Pump PM-11689B inadvertently closed | 6"" manual valve on EX-92182 shell side outlet inadvertently closed | FCV-38704 malfunctions closed or upstream/downstream manual valve(s) inadvertently closed | FCV-38704 fails open or bypass valve inadvertently open | 8"" valve closed on heavy naphtha rundown header from one or both splitter towers","Blocked suction to PM-17647B; Potential pump cavitation; Potential seal failure with loss of containment, potential ignition and personnel impact | Blocked discharge from PM-17647B; Potential pump deadhead; Potential seal failure with loss of containment, potential ignition and personnel impact | Potential to lose level in Stripper T-73992; Potential pump PM- 105B cavitation; Potential seal failure with loss of containment, potential ignition and personnel impact | Blocked suction to PM-11689B; Potential pump cavitation; Potential seal failure with loss of containment, potential ignition and personnel impact | Blocked discharge from PM-11689B; Potential pump deadhead; Potential seal failure with loss of containment, potential ignition and personnel impact | Potential to lose level in Stripper T-73992; Potential pump PM-17647B cavitation; Potential seal failure with loss of containment, potential ignition and personnel impact | Blocked discharge from Heavy Naphtha Stripper Product Pumps PM-17647B/205B; Potential pump deadhead; Potential seal failure with loss of containment, potential ignition and personnel impact","Node 6, Node 24, Node 39",4.0,2.0,3.0
SFA21480,TRP,Tier 1/2: Deterministic,High,Seal failure alarm SFA-11988/21480 will shutdown pump PM- 105B/205B,N/A,"6"" manual valve on suction to Heavy Naphtha Stripper Product Pump PM-17647B inadvertently closed | 6"" manual valve on discharge from Heavy Naphtha Stripper Product Pump PM-17647B inadvertently closed | 6"" manual valve on EX-56446 shell side outlet inadvertently closed | FCV-13718 malfunctions closed or upstream/downstream manual valve(s) inadvertently closed | FCV-13718 fails open or bypass valve inadvertently open | 6"" manual valve on suction to Heavy Naphtha Stripper Product Pump PM-11689B inadvertently closed | 6"" manual valve on discharge from Heavy Naphtha Stripper Product Pump PM-11689B inadvertently closed | 6"" manual valve on EX-92182 shell side outlet inadvertently closed | FCV-38704 malfunctions closed or upstream/downstream manual valve(s) inadvertently closed | FCV-38704 fails open or bypass valve inadvertently open | 8"" valve closed on heavy naphtha rundown header from one or both splitter towers","Blocked suction to PM-17647B; Potential pump cavitation; Potential seal failure with loss of containment, potential ignition and personnel impact | Blocked discharge from PM-17647B; Potential pump deadhead; Potential seal failure with loss of containment, potential ignition and personnel impact | Potential to lose level in Stripper T-73992; Potential pump PM- 105B cavitation; Potential seal failure with loss of containment, potential ignition and personnel impact | Blocked suction to PM-11689B; Potential pump cavitation; Potential seal failure with loss of containment, potential ignition and personnel impact | Blocked discharge from PM-11689B; Potential pump deadhead; Potential seal failure with loss of containment, potential ignition and personnel impact | Potential to lose level in Stripper T-73992; Potential pump PM-17647B cavitation; Potential seal failure with loss of containment, potential ignition and personnel impact | Blocked discharge from Heavy Naphtha Stripper Product Pumps PM-17647B/205B; Potential pump deadhead; Potential seal failure with loss of containment, potential ignition and personnel impact","Node 6, Node 24, Node 39",4.0,2.0,3.0
SFA23945,TRP,Tier 1/2: Deterministic,High,Seal failure alarm SFA-23945/10440 will shutdown pumps PM- 101A/B,N/A,Manual valve on suction line to Naphtha Stabilizer Overhead Pump PM-81314A/B inadvertently closed | Manual valve on discharge line from Naphtha Stabilizer Overhead Pump PM-81314A/B inadvertently closed | LCV-92846 on Y-Grade product line fails open or bypass inadvertently opened,"Loss of suction to Naphtha Stabilizer Overhead Pump PM- 101A/B; Potential to cavitate pumpswith potential seal damage with potential loss of containment, potential ignition with personnel impact | Blocked discharge from pumps with potential to deadhead pumps; Pump max discharge pressure is 90033 psig and downstream piping is rated for up to 10877 psig, therefore no overpressure concern; Potential seal damage with potential loss of containment, potential ignition with personnel impact | Loss of level in Naphtha Stabilizer Accumulator pressure vessel PV-81314, potential to run Naphtha Stabilizer Overhead Pump PM-81314A/B dry, pump cavitation and damage, potential release with personnel impact",Node 3,4.0,1.0,2.0
SFA10440,TRP,Tier 1/2: Deterministic,High,Seal failure alarm SFA-23945/10440 will shutdown pumps PM- 101A/B,N/A,Manual valve on suction line to Naphtha Stabilizer Overhead Pump PM-81314A/B inadvertently closed | Manual valve on discharge line from Naphtha Stabilizer Overhead Pump PM-81314A/B inadvertently closed | LCV-92846 on Y-Grade product line fails open or bypass inadvertently opened,"Loss of suction to Naphtha Stabilizer Overhead Pump PM- 101A/B; Potential to cavitate pumpswith potential seal damage with potential loss of containment, potential ignition with personnel impact | Blocked discharge from pumps with potential to deadhead pumps; Pump max discharge pressure is 90033 psig and downstream piping is rated for up to 10877 psig, therefore no overpressure concern; Potential seal damage with potential loss of containment, potential ignition with personnel impact | Loss of level in Naphtha Stabilizer Accumulator pressure vessel PV-81314, potential to run Naphtha Stabilizer Overhead Pump PM-81314A/B dry, pump cavitation and damage, potential release with personnel impact",Node 3,4.0,1.0,2.0
SFA32195,TRP,Tier 1/2: Deterministic,High,Seal failure alarm SFA-32195A/B/C will shutdown pumps PM- 416A/B/C,N/A,Manual valve closed in suction of Multi- Stage Vertical Turbine Pumps PM-12480A/B/C | Manual valve closed in discharge of Multi- Stage Vertical Turbine Pumps PM-12480A/B/C or FV-39675A/B/C malfunctions closed when not loading or upstream/downstream manual valve(s) inadvertently closed | SDV-54766/40117 fails closed or downstream manual valve inadvertently closed | FV-39675A/B/C malfunctions closed during truck loading | More than one Multi-Stage Vertical Turbine Pumps PM-12480A/B/C at once,"Block suction to Multi-Stage Vertical Turbine Pumps PM- 416A/B/C, cavitation, seal leak, potential ignition, personnel impact | Block discharge from Multi-Stage Vertical Turbine Pumps PM-12480A/B/C, deadhead, seal leak, potential ignition, personnel impact | More than one Multi-Stage Vertical Turbine Pumps PM- 416A/B/C operating, overfill of truck, deadheading PM-12480A/B/C pumps; seal leak, potential ignition, personnel impact",Node 11,4.0,1.0,2.0
SFA35927,TRP,Tier 1/2: Deterministic,High,Seal failure alarm SFA-35927/25045 will shutdown pumps PM- 207A/B,N/A,"Level control valve LCV-44082 fails closed or T-92182 tower tray plugs | Manual valve closed on suction to Diesel Stripper Product Pumps PM-11354A/B or basket strainers plugged on suction piping | Manual valve closed on discharge from Diesel Stripper Product Pumps PM-11354A/B | 6"" manual valve on EX-80996 shell side outlet inadvertently closed | 6"" manual valve(s) upstream/downstream AF-48495 Diesel Product Cooler inadvertently closed | FCV-73508 malfunctions closed or upstream/downstream manual valve(s) inadvertently closed | FCV-73508 fails open or bypass inadvertently open | Both PM-11354A/B Diesel Stripper Product Pumps running at once | 8"" valve closed on diesel rundown header from one or both splitter towers","Potential to drop diesel into the bottom of the Combi Tower T-92182, potential to send out diesel with the AGO; Potential loss of level in Diesel Stripper T-11689; Potential to cavitate pumps PM- 207A/B; Potential seal failure; Potential loss of containment, ignition and personnel impact | Potential to cavitate pumps PM-11354A/B; Potential seal failure; Potential loss of containment, ignition and personnel impact | Potential to deadhead pumps PM-11354A/B; Potential seal failure; Potential loss of containment, ignition and personnel impact | Potential loss of level in Diesel Stripper T-11689; Potential to cavitate pumps PM-11354A/B; Potential seal failure; Potential loss of containment, ignition and personnel impact | Potential to deadhead Diesel Stripper Product Pumps PM- 107A/B or PM-11354A/B; Potential seal failure; Potential loss of containment, ignition and personnel impact","Node 26, Node 41",4.0,1.0,2.0
SFA25045,TRP,Tier 1/2: Deterministic,High,Seal failure alarm SFA-35927/25045 will shutdown pumps PM- 207A/B,N/A,"Level control valve LCV-44082 fails closed or T-92182 tower tray plugs | Manual valve closed on suction to Diesel Stripper Product Pumps PM-11354A/B or basket strainers plugged on suction piping | Manual valve closed on discharge from Diesel Stripper Product Pumps PM-11354A/B | 6"" manual valve on EX-80996 shell side outlet inadvertently closed | 6"" manual valve(s) upstream/downstream AF-48495 Diesel Product Cooler inadvertently closed | FCV-73508 malfunctions closed or upstream/downstream manual valve(s) inadvertently closed | FCV-73508 fails open or bypass inadvertently open | Both PM-11354A/B Diesel Stripper Product Pumps running at once | 8"" valve closed on diesel rundown header from one or both splitter towers","Potential to drop diesel into the bottom of the Combi Tower T-92182, potential to send out diesel with the AGO; Potential loss of level in Diesel Stripper T-11689; Potential to cavitate pumps PM- 207A/B; Potential seal failure; Potential loss of containment, ignition and personnel impact | Potential to cavitate pumps PM-11354A/B; Potential seal failure; Potential loss of containment, ignition and personnel impact | Potential to deadhead pumps PM-11354A/B; Potential seal failure; Potential loss of containment, ignition and personnel impact | Potential loss of level in Diesel Stripper T-11689; Potential to cavitate pumps PM-11354A/B; Potential seal failure; Potential loss of containment, ignition and personnel impact | Potential to deadhead Diesel Stripper Product Pumps PM- 107A/B or PM-11354A/B; Potential seal failure; Potential loss of containment, ignition and personnel impact","Node 26, Node 41",4.0,1.0,2.0
SFA37823,TRP,Tier 1/2: Deterministic,High,Seal failure alarm SFA-37823/15045 will shutdown pumps PM- 107A/B,N/A,"Level control valve LCV-15841 fails closed or T-56446 tower tray plugs | Manual valve closed on suction to Diesel Stripper Product Pumps PM-60820A/B or basket strainers plugged on suction piping | Manual valve closed on discharge from Diesel Stripper Product Pumps PM-60820A/B | 6"" manual valve on EX-59524 shell side outlet inadvertently closed | 6"" manual valve(s) upstream/downstream AF-76255 Diesel Product Cooler inadvertently closed | FCV-96168 malfunctions closed or upstream/downstream manual valve(s) inadvertently closed | FCV-96168 fails open or bypass inadvertently open | Both PM-60820A/B Diesel Stripper Product Pumps running at once | 8"" valve closed on diesel rundown header from one or both splitter towers","Potential to drop diesel into the bottom of the Combi Tower T-56446, potential to send out diesel with the AGO; Potential loss of level in Diesel Stripper T-17647; Potential to cavitate pumps PM- 107A/B; Potential seal failure; Potential loss of containment, ignition and personnel impact | Potential to cavitate pumps PM-60820A/B; Potential seal failure; Potential loss of containment, ignition and personnel impact | Potential to deadhead pumps PM-60820A/B; Potential seal failure; Potential loss of containment, ignition and personnel impact | Potential loss of level in Diesel Stripper T-17647; Potential to cavitate pumps PM-60820A/B; Potential seal failure; Potential loss of containment, ignition and personnel impact | Potential to deadhead Diesel Stripper Product Pumps PM- 107A/B or PM-11354A/B; Potential seal failure; Potential loss of containment, ignition and personnel impact","Node 8, Node 41",4.0,1.0,2.0
SFA15045,TRP,Tier 1/2: Deterministic,High,Seal failure alarm SFA-37823/15045 will shutdown pumps PM- 107A/B,N/A,"Level control valve LCV-15841 fails closed or T-56446 tower tray plugs | Manual valve closed on suction to Diesel Stripper Product Pumps PM-60820A/B or basket strainers plugged on suction piping | Manual valve closed on discharge from Diesel Stripper Product Pumps PM-60820A/B | 6"" manual valve on EX-59524 shell side outlet inadvertently closed | 6"" manual valve(s) upstream/downstream AF-76255 Diesel Product Cooler inadvertently closed | FCV-96168 malfunctions closed or upstream/downstream manual valve(s) inadvertently closed | FCV-96168 fails open or bypass inadvertently open | Both PM-60820A/B Diesel Stripper Product Pumps running at once | 8"" valve closed on diesel rundown header from one or both splitter towers","Potential to drop diesel into the bottom of the Combi Tower T-56446, potential to send out diesel with the AGO; Potential loss of level in Diesel Stripper T-17647; Potential to cavitate pumps PM- 107A/B; Potential seal failure; Potential loss of containment, ignition and personnel impact | Potential to cavitate pumps PM-60820A/B; Potential seal failure; Potential loss of containment, ignition and personnel impact | Potential to deadhead pumps PM-60820A/B; Potential seal failure; Potential loss of containment, ignition and personnel impact | Potential loss of level in Diesel Stripper T-17647; Potential to cavitate pumps PM-60820A/B; Potential seal failure; Potential loss of containment, ignition and personnel impact | Potential to deadhead Diesel Stripper Product Pumps PM- 107A/B or PM-11354A/B; Potential seal failure; Potential loss of containment, ignition and personnel impact","Node 8, Node 41",4.0,1.0,2.0
SFA62231,TRP,Tier 1/2: Deterministic,High,Seal failure alarm SFA-62231/20440 will shutdown pumps PM- 201A/B,N/A,Manual valve on suction line to Naphtha Stabilizer Overhead Pump PM-33219A/B inadvertently closed | Manual valve on discharge line from Naphtha Stabilizer Overhead Pump PM-33219A/B inadvertently closed | LCV-26713 on Y-Grade product line fails open or bypass inadvertently opened,"Loss of suction to Naphtha Stabilizer Overhead Pump PM- 201A/B; Potential to cavitate pumpswith potential seal damage with potential loss of containment, potential ignition with personnel impact | Blocked discharge from pumps with potential to deadhead pumps; Pump max discharge pressure is 90033 psig and downstream piping is rated for up to 10877 psig, therefore no overpressure concern; Potential seal damage with potential loss of containment, potential ignition with personnel impact | Loss of level in Naphtha Stabilizer Accumulator pressure vessel PV-33219, potential to run Naphtha Stabilizer Overhead Pump PM-33219A/B dry, pump cavitation and damage, potential release with personnel impact",Node 21,4.0,1.0,2.0
SFA20440,TRP,Tier 1/2: Deterministic,High,Seal failure alarm SFA-62231/20440 will shutdown pumps PM- 201A/B,N/A,Manual valve on suction line to Naphtha Stabilizer Overhead Pump PM-33219A/B inadvertently closed | Manual valve on discharge line from Naphtha Stabilizer Overhead Pump PM-33219A/B inadvertently closed | LCV-26713 on Y-Grade product line fails open or bypass inadvertently opened,"Loss of suction to Naphtha Stabilizer Overhead Pump PM- 201A/B; Potential to cavitate pumpswith potential seal damage with potential loss of containment, potential ignition with personnel impact | Blocked discharge from pumps with potential to deadhead pumps; Pump max discharge pressure is 90033 psig and downstream piping is rated for up to 10877 psig, therefore no overpressure concern; Potential seal damage with potential loss of containment, potential ignition with personnel impact | Loss of level in Naphtha Stabilizer Accumulator pressure vessel PV-33219, potential to run Naphtha Stabilizer Overhead Pump PM-33219A/B dry, pump cavitation and damage, potential release with personnel impact",Node 21,4.0,1.0,2.0
TAH13625,HI,Tier 1/2: Deterministic,High,TAH- 13625/13583 high temperature alarm on CM-81314A/B Compressor discharge will prompt operator response,N/A,"Electric Gas Preheater HTR-81314 stuck in ""on"" position","High suction temperature, increased load on Recycle Compressor CM-56446A/B, high discharge temperature from compressor, potential overheating of compressor lube oil and compressor damage (bearings, etc.)",Node 9,1.0,1.0,1.0
TAH13583,HI,Tier 1/2: Deterministic,High,TAH- 13625/13583 high temperature alarm on CM-81314A/B Compressor discharge will prompt operator response,N/A,"Electric Gas Preheater HTR-81314 stuck in ""on"" position","High suction temperature, increased load on Recycle Compressor CM-56446A/B, high discharge temperature from compressor, potential overheating of compressor lube oil and compressor damage (bearings, etc.)",Node 9,1.0,1.0,1.0
TAH18320,HI,Tier 1/2: Deterministic,High,TAH- 18320/28320 high temperature alarm on EX-16773A/B and EX- 212A/B will prompt operator response,N/A,FCV-56093/18310 fails closed or upstream/downstream manual valve(s) inadvertently closed | XV-59650 on wash water line before the desalter vessel mix valve fails closed,"Inability to send wash water to EX-16773A/B and EX-47697A/B exchangers; Potential tube rupture; Potential to contaminate wash water with AGO; Potential water vaporization in exchangers, potential overpressure and potential personnel impact | Blocked water outlet from EX-16773A/B and EX-47697A/B exchangers; Potential tube rupture; Potential to contaminate wash water with AGO; Potential water vaporization in exchangers, potential overpressure and potential personnel impact",Node 35,4.0,1.0,2.0
TAH28320,HI,Tier 1/2: Deterministic,High,TAH- 18320/28320 high temperature alarm on EX-16773A/B and EX- 212A/B will prompt operator response,N/A,FCV-56093/18310 fails closed or upstream/downstream manual valve(s) inadvertently closed | XV-59650 on wash water line before the desalter vessel mix valve fails closed,"Inability to send wash water to EX-16773A/B and EX-47697A/B exchangers; Potential tube rupture; Potential to contaminate wash water with AGO; Potential water vaporization in exchangers, potential overpressure and potential personnel impact | Blocked water outlet from EX-16773A/B and EX-47697A/B exchangers; Potential tube rupture; Potential to contaminate wash water with AGO; Potential water vaporization in exchangers, potential overpressure and potential personnel impact",Node 35,4.0,1.0,2.0
TAH18353,HI,Tier 1/2: Deterministic,High,TAH- 18353/28353 high temperature alarm on AF-75469/209 outlet will prompt operator response,N/A,"Plugged waste water cooler (AF-75469, AF- 209). | AF-75469/209 cooler bypass valve inadvertently opened. | Fan failure on AF-75469/209 | Waste water AF-75469/209 cooler louver failure.",Potential reduced ability to cool waste water in AF- 109/209; Potential to send higher temperature waste water to downstream tank T-5; The maximum temperature we can send to Gulf Coast is 67353 degF; Potential to send waste water exceeding 140 degF to Gulf Coast; Potential financial impact - Gulf Coast fining or requiring a shutdown | Inability to cool waste water in AF-75469/209; Potential to send higher temperature waste water to downstream tank T-5; The maximum temperature we can send to Gulf Coast is 67353 degF; Potential to send waste water exceeding 140 degF to Gulf Coast; Potential financial impact - Gulf Coast fining or requiring a shutdown,Node 36,1.0,3.0,1.0
TAH28353,HI,Tier 1/2: Deterministic,High,TAH- 18353/28353 high temperature alarm on AF-75469/209 outlet will prompt operator response,N/A,"Plugged waste water cooler (AF-75469, AF- 209). | AF-75469/209 cooler bypass valve inadvertently opened. | Fan failure on AF-75469/209 | Waste water AF-75469/209 cooler louver failure.",Potential reduced ability to cool waste water in AF- 109/209; Potential to send higher temperature waste water to downstream tank T-5; The maximum temperature we can send to Gulf Coast is 67353 degF; Potential to send waste water exceeding 140 degF to Gulf Coast; Potential financial impact - Gulf Coast fining or requiring a shutdown | Inability to cool waste water in AF-75469/209; Potential to send higher temperature waste water to downstream tank T-5; The maximum temperature we can send to Gulf Coast is 67353 degF; Potential to send waste water exceeding 140 degF to Gulf Coast; Potential financial impact - Gulf Coast fining or requiring a shutdown,Node 36,1.0,3.0,1.0
AF75469,HI,Tier 1/2: Deterministic,High,TAH- 18353/28353 high temperature alarm on AF-75469/209 outlet will prompt operator response,N/A,"Plugged waste water cooler (AF-75469, AF- 209). | AF-75469/209 cooler bypass valve inadvertently opened. | Fan failure on AF-75469/209 | Waste water AF-75469/209 cooler louver failure.",Potential reduced ability to cool waste water in AF- 109/209; Potential to send higher temperature waste water to downstream tank T-5; The maximum temperature we can send to Gulf Coast is 67353 degF; Potential to send waste water exceeding 140 degF to Gulf Coast; Potential financial impact - Gulf Coast fining or requiring a shutdown | Inability to cool waste water in AF-75469/209; Potential to send higher temperature waste water to downstream tank T-5; The maximum temperature we can send to Gulf Coast is 67353 degF; Potential to send waste water exceeding 140 degF to Gulf Coast; Potential financial impact - Gulf Coast fining or requiring a shutdown,Node 36,1.0,3.0,1.0
AF75209,HI,Tier 1/2: Deterministic,High,TAH- 18353/28353 high temperature alarm on AF-75469/209 outlet will prompt operator response,N/A,"Plugged waste water cooler (AF-75469, AF- 209). | AF-75469/209 cooler bypass valve inadvertently opened. | Fan failure on AF-75469/209 | Waste water AF-75469/209 cooler louver failure.",Potential reduced ability to cool waste water in AF- 109/209; Potential to send higher temperature waste water to downstream tank T-5; The maximum temperature we can send to Gulf Coast is 67353 degF; Potential to send waste water exceeding 140 degF to Gulf Coast; Potential financial impact - Gulf Coast fining or requiring a shutdown | Inability to cool waste water in AF-75469/209; Potential to send higher temperature waste water to downstream tank T-5; The maximum temperature we can send to Gulf Coast is 67353 degF; Potential to send waste water exceeding 140 degF to Gulf Coast; Potential financial impact - Gulf Coast fining or requiring a shutdown,Node 36,1.0,3.0,1.0
TAH23625,HI,Tier 1/2: Deterministic,High,TAH- 23625/23583 high temperature alarm on CM-33219A/B Compressor discharge will prompt operator response,N/A,"Electric Gas Preheater HTR-33219 stuck in ""on"" position","High suction temperature, increased load on Recycle Compressor CM-92182A/B, high discharge temperature from compressor, potential overheating of compressor lube oil and compressor damage (bearings, etc.)",Node 27,1.0,1.0,1.0
TAH23583,HI,Tier 1/2: Deterministic,High,TAH- 23625/23583 high temperature alarm on CM-33219A/B Compressor discharge will prompt operator response,N/A,"Electric Gas Preheater HTR-33219 stuck in ""on"" position","High suction temperature, increased load on Recycle Compressor CM-92182A/B, high discharge temperature from compressor, potential overheating of compressor lube oil and compressor damage (bearings, etc.)",Node 27,1.0,1.0,1.0
TAH20671,HI,Tier 1/2: Deterministic,High,TAH-20671 high temperature alarm from EX-99938 Reboiler will prompt operator response,N/A,LCV-20382 fails open or bypass valve inadvertently open,Potential to draw diesel into the kero draw off line; Potential to dry out the tray; Potential off-spec product/quality issues; Potential financial impact | Potential to flood the Kero Stripper T-80996; Potential to send out liquids in the vapor return line back to the Combi Tower T- 202; Potential damage to vapor return piping; Potential release with ignition and personnel impact,Node 25,4.0,3.0,2.0
TAH27603,HI,Tier 1/2: Deterministic,High,TAH-27603 high temperature alarm on overheads from Stabilizer T-81314 will prompt operator response,N/A,TIC-62736 malfunctions | Naphtha Stabilizer Overhead Pump PM- 101A/B trips | Manual valve on suction line to Naphtha Stabilizer Overhead Pump PM-81314A/B inadvertently closed | Manual valve on discharge line from Naphtha Stabilizer Overhead Pump PM-81314A/B inadvertently closed | FCV-55048 fails open or bypass inadvertently open,"Increased hot oil flow through EX-76255; Increased temperature in T-81314; Potential to build up temperature in T-81314; Potential increased vapor traffic; Potential overpressure of T-81314; Potential to damage trays in T-81314 with financial impact | Low/no reflux flow resulting in loss of cooling in Naphtha Stabilizer Column T-81314; Increased temperature in T-81314; Potential to build up temperature in T-81314; Potential increased vapor traffic; Potential overpressure of T-81314; Potential to damage trays in T-81314 with financial impact | Increased temperature in Naphtha Stabilizer Column T- 101, push heavier components overhead and contaminate Y-Grade product, product quality issues, potential to exceed Maximum Allowable Working Temperature (MAWT) of T-81314 of 92829F, mechanical integrity issues, potential release, potential ignition and personnel impact","Node 2, Node 3, Node 10",4.0,2.0,2.0
TAH32860,HI,Tier 1/2: Deterministic,High,TAH-32860 high temperature alarm downstream AF-48495 Diesel Product Cooler will prompt operator response,N/A,"6"" manual bypass around EX-80996 inadvertently open | Diesel Product Cooler AF-48495 fan trips","Inadvertently partially bypassing product flow around EX- 204; Potential to send higher temperature product to Storage Tank TK-61869-13/100-14/120-22/120-23; Max temp of tanks is 97415 degF, potential to exceed tank design temperature; Potential IFR roof damage; Potential financial impact and environmental impact | Potential to send higher temperature Kerosene product to downstream storage tanks TK-61869-13/100-14/120-22/120-23; Max temp of tanks is 97415 degF, potential to exceed tank design temperature; Potential IFR roof damage; Potential financial impact and environmental impact",Node 26,3.0,2.0,2.0
AF48495,HI,Tier 1/2: Deterministic,High,TAH-32860 high temperature alarm downstream AF-48495 Diesel Product Cooler will prompt operator response,N/A,"6"" manual bypass around EX-80996 inadvertently open | Diesel Product Cooler AF-48495 fan trips","Inadvertently partially bypassing product flow around EX- 204; Potential to send higher temperature product to Storage Tank TK-61869-13/100-14/120-22/120-23; Max temp of tanks is 97415 degF, potential to exceed tank design temperature; Potential IFR roof damage; Potential financial impact and environmental impact | Potential to send higher temperature Kerosene product to downstream storage tanks TK-61869-13/100-14/120-22/120-23; Max temp of tanks is 97415 degF, potential to exceed tank design temperature; Potential IFR roof damage; Potential financial impact and environmental impact",Node 26,3.0,2.0,2.0
TAH33087,HI,Tier 1/2: Deterministic,High,TAH-33087 high temperature alarm from EX-75469 Reboiler will prompt operator response,N/A,LCV-74017 fails open or bypass valve inadvertently open,Potential to draw diesel into the kero draw off line; Potential to dry out the tray; Potential off-spec product/quality issues; Potential financial impact | Potential to flood the Kero Stripper T-59524; Potential to send out liquids in the vapor return line back to the Combi Tower T-56446; Potential damage to vapor return piping; Potential release with ignition and personnel impact,Node 7,4.0,3.0,2.0
TAH35330,HI,Tier 1/2: Deterministic,High,TAH-35330A/B high temperature alarm will prompt operator response,N/A,Kero Product Cooler AF-59524 fan trips,"Potential to send higher temperature Kerosene product to downstream storage tanks TK-61869-13/100-14/120-22/120-23; Max temp of tanks is 97415 degF, potential to exceed tank design temperature; Potential IFR roof damage; Potential financial impact and environmental impact",Node 7,3.0,2.0,2.0
TAH38675,HI,Tier 1/2: Deterministic,High,TAH-38675 high temperature alarm downstream AF-76255 Diesel Product Cooler will prompt operator response,N/A,"6"" manual bypass around EX-59524 inadvertently open | Diesel Product Cooler AF-76255 fan trips","Inadvertently partially bypassing product flow around EX- 104; Potential to send higher temperature product to Storage Tank TK-61869-13/100-14/120-22/120-23; Max temp of tanks is 97415 degF, potential to exceed tank design temperature; Potential IFR roof damage; Potential financial impact and environmental impact | Potential to send higher temperature Kerosene product to downstream storage tanks TK-61869-13/100-14/120-22/120-23; Max temp of tanks is 97415 degF, potential to exceed tank design temperature; Potential IFR roof damage; Potential financial impact and environmental impact",Node 8,3.0,2.0,2.0
AF76255,HI,Tier 1/2: Deterministic,High,TAH-38675 high temperature alarm downstream AF-76255 Diesel Product Cooler will prompt operator response,N/A,"6"" manual bypass around EX-59524 inadvertently open | Diesel Product Cooler AF-76255 fan trips","Inadvertently partially bypassing product flow around EX- 104; Potential to send higher temperature product to Storage Tank TK-61869-13/100-14/120-22/120-23; Max temp of tanks is 97415 degF, potential to exceed tank design temperature; Potential IFR roof damage; Potential financial impact and environmental impact | Potential to send higher temperature Kerosene product to downstream storage tanks TK-61869-13/100-14/120-22/120-23; Max temp of tanks is 97415 degF, potential to exceed tank design temperature; Potential IFR roof damage; Potential financial impact and environmental impact",Node 8,3.0,2.0,2.0
TAH39297,HI,Tier 1/2: Deterministic,High,TAH-39297A/B high temperature alarm will prompt operator response,N/A,Kero Product Cooler AF-80996 fan trips,"Potential to send higher temperature Kerosene product to downstream storage tanks TK-61869-13/100-14/120-22/120-23; Max temp of tanks is 97415 degF, potential to exceed tank design temperature; Potential IFR roof damage; Potential financial impact and environmental impact",Node 25,3.0,2.0,2.0
TAH49468,HI,Tier 1/2: Deterministic,High,TAH-49468 High Temperature Alarm on Heater H-33219 will prompt operator response,N/A,"Electric Gas Preheater HTR-33219 stuck in ""on"" position","High suction temperature, increased load on Recycle Compressor CM-92182A/B, high discharge temperature from compressor, potential overheating of compressor lube oil and compressor damage (bearings, etc.)",Node 27,1.0,1.0,1.0
TAH58680,HI,Tier 1/2: Deterministic,High,TAH-58680/ 9409 High Temperature Alarm on Tank TK- 120-24/25 temperature will prompt operator response,N/A,"Manual valve closed on suction of Naphtha Recirculation Pump P-6 or strainer plugs | Recirculation Pump P-6 stops | MOV-59888/ 9429/ 9410/ 9412 closed on outlet of tank TK-24946-24/25 to Recirculation Pump P-6 when tank is in recirculation | P-35796A/B/C glycol pump trip | 8"" Rundown chiller bypass open | Manual Recirculation chiller bypass open | Tube leak on recirculation chiller EX-48584 | Chiller compressor trips | Refrigerant leak on Chiller compressors","Loss of flow to Light Naphtha Recirculation Pump P-6, and recirculation chiller, increased tank temperature, increased light naphtha true vapor pressure (TVP), potential release from Light Naphtha Tank TK-24946-24/25, potential off-spec product, environmental exceedance; Potential environmental/financial impact | Loss of glycol flow to Light Naphtha Rundown/Recirculation Chillers EX-28669/115, increased tank temperature, increased light naphtha true vapor pressure (TVP), potential release from Light Naphtha Tank TK-24946-24/25, potential off-spec product, environmental exceedance | Loss of glycol flow to Compressor Chiller exchangers CH-1A/1B, potential to damage the chiller compressor, increased temperature of tanks TK-24946-24/25; increased light naphtha true vapor pressure (TVP), potential release from Light Naphtha Tank TK-24946-24/25, potential off-spec product, environmental exceedance; Potential environmental/financial impact | Bypass flow around the Light Naphtha Rundown Chiller EX-28669, increased tank temperature, increased light naphtha true vapor pressure (TVP), potential release from Light Naphtha Tank TK-24946-24/25, potential off-spec product, environmental exceedance; Potential environmental/financial impact | Loss of flow to Naphtha Recirculation Chiller EX-48584, increased tank temperature, increased light naphtha true vapor pressure (TVP), potential release from Light Naphtha Tank TK-24946- 24/25, potential off-spec product, environmental exceedance | Potential to flow glycol into the naphtha tanks TK-24946- 24/25; Potential to shutdown chiller on loss of flow; increased temperature of tanks TK-24946-24/25; increased light naphtha true vapor pressure (TVP), potential release from Light Naphtha Tank TK-24946-24/25, potential off-spec product, environmental exceedance; Potential environmental/financial impact | Low refrigerant pressure, increased glycol temperature to Light Naphtha Rundown/Recirculation Chiller, increased tank temperature, increased light naphtha true vapor pressure (TVP), potential release from Light Naphtha Tank TK-24946-24/25, potential off-spec product, environmental exceedance | Increased glycol temperature to Light Naphtha Rundown/Recirculation Chiller, increased tank temperature, increased light naphtha true vapor pressure (TVP), potential release from Light Naphtha Tank TK-24946-24/25, potential off-spec product, environmental exceedance",Node 38,1.0,1.0,1.0
TAH59171,HI,Tier 1/2: Deterministic,High,TAH-59171 High Temperature Alarm on Heater H-81314 will prompt operator response,N/A,"Electric Gas Preheater HTR-81314 stuck in ""on"" position","High suction temperature, increased load on Recycle Compressor CM-56446A/B, high discharge temperature from compressor, potential overheating of compressor lube oil and compressor damage (bearings, etc.)",Node 9,1.0,1.0,1.0
TAH83008,HI,Tier 1/2: Deterministic,High,TAH-83008 high temperature alarm on EX-48603 reboiler,N/A,LCV-81570 fails open or bypass inadvertently open,Potential to draw kerosene and diesel into the heavy naphtha draw off line; Potential to dry out the tray; Potential off-spec product/quality issues; Potential financial impact,Node 6,1.0,3.0,1.0
TAH85723,HI,Tier 1/2: Deterministic,High,TAH-85723 high temperature alarm on EX-82745 reboiler,N/A,LCV-16358 fails open or bypass inadvertently open,Potential to draw kerosene and diesel into the heavy naphtha draw off line; Potential to dry out the tray; Potential off-spec product/quality issues; Potential financial impact,Node 24,1.0,3.0,1.0
TAH94274,HI,Tier 1/2: Deterministic,High,TAH-94274 high temperature alarm on overheads from Stabilizer T-33219 will prompt operator response,N/A,TIC-57553 malfunctions | Naphtha Stabilizer Overhead Pump PM- 201A/B trips | Manual valve on suction line to Naphtha Stabilizer Overhead Pump PM-33219A/B inadvertently closed | Manual valve on discharge line from Naphtha Stabilizer Overhead Pump PM-33219A/B inadvertently closed | FCV-49897 fails open or bypass inadvertently open,"Increased hot oil flow through EX-48495; Increased temperature in T-33219; Potential to build up temperature in T-33219; Potential increased vapor traffic; Potential overpressure of T-33219; Potential to damage trays in T-33219 with financial impact | Low/no reflux flow resulting in loss of cooling in Naphtha Stabilizer Column T-33219; Increased temperature in T-33219; Potential to build up temperature in T-33219; Potential increased vapor traffic; Potential overpressure of T-33219; Potential to damage trays in T-33219 with financial impact | Increased temperature in Naphtha Stabilizer Column T- 201, push heavier components overhead and contaminate Y-Grade product, product quality issues, potential to exceed Maximum Allowable Working Temperature (MAWT) of T-33219 of 92829F, mechanical integrity issues, potential release, potential ignition and personnel impact","Node 20, Node 21, Node 28",4.0,2.0,2.0
TAHH13625,HIHI,Tier 1/2: Deterministic,High,TAHH- 13625/13583 high temperature alarm on CM-81314A/B Compressor discharge will prompt operator response,N/A,"Electric Gas Preheater HTR-81314 stuck in ""on"" position","High suction temperature, increased load on Recycle Compressor CM-56446A/B, high discharge temperature from compressor, potential overheating of compressor lube oil and compressor damage (bearings, etc.)",Node 9,1.0,1.0,1.0
TAHH13583,HIHI,Tier 1/2: Deterministic,High,TAHH- 13625/13583 high temperature alarm on CM-81314A/B Compressor discharge will prompt operator response,N/A,"Electric Gas Preheater HTR-81314 stuck in ""on"" position","High suction temperature, increased load on Recycle Compressor CM-56446A/B, high discharge temperature from compressor, potential overheating of compressor lube oil and compressor damage (bearings, etc.)",Node 9,1.0,1.0,1.0
TAHH23625,HIHI,Tier 1/2: Deterministic,High,TAHH- 23625/23583 high temperature alarm on CM-33219A/B Compressor discharge will prompt operator response,N/A,"Electric Gas Preheater HTR-33219 stuck in ""on"" position","High suction temperature, increased load on Recycle Compressor CM-92182A/B, high discharge temperature from compressor, potential overheating of compressor lube oil and compressor damage (bearings, etc.)",Node 27,1.0,1.0,1.0
TAHH23583,HIHI,Tier 1/2: Deterministic,High,TAHH- 23625/23583 high temperature alarm on CM-33219A/B Compressor discharge will prompt operator response,N/A,"Electric Gas Preheater HTR-33219 stuck in ""on"" position","High suction temperature, increased load on Recycle Compressor CM-92182A/B, high discharge temperature from compressor, potential overheating of compressor lube oil and compressor damage (bearings, etc.)",Node 27,1.0,1.0,1.0
TAHH40738,HIHI,Tier 1/2: Deterministic,High,TAHH-40738 high high temperature alarm will trip Hot Oil Heater F-33219,N/A,What if blower or motor fails? | What if fuel supply pressure increases? | What if fuel supply regulator fails open? | What if burner tube skin temperature increases? (Caused by flow restriction in tube) | What if burner tube ruptures? | What if solids build up on tube internal surfaces? | What if hot oil flow through the tubes stops?,"Potential for over temperature of Hot Oil Heater F- 201/ducts, heater damage | Increased heating of hot oil; potential for overheating of Hot Oil Heater F-33219 tubes, tube failure, loss of containment, ignition, heater damage, potential personnel impact and environmental impact | Potential for overheating of Hot Oil Heater F-33219 tubes, tube failure, loss of containment, ignition, heater damage, potential personnel impact and environmental impact | Flow restriction in tubes; Potential for overheating of Hot Oil Heater F-33219 tubes, tube failure, loss of containment, ignition, heater damage, potential personnel impact and environmental impact",Node 28,4.0,1.0,2.0
TAHH49468,HIHI,Tier 1/2: Deterministic,High,TAHH-49468 High-High Temperature Alarm on Electric Gas Preheater HTR-33219 will prompt operator response,N/A,"Electric Gas Preheater HTR-33219 stuck in ""on"" position","High suction temperature, increased load on Recycle Compressor CM-92182A/B, high discharge temperature from compressor, potential overheating of compressor lube oil and compressor damage (bearings, etc.)",Node 27,1.0,1.0,1.0
HTR33219,HI,Tier 1/2: Deterministic,High,TAHH-49468 High-High Temperature Alarm on Electric Gas Preheater HTR-33219 will prompt operator response,N/A,"Electric Gas Preheater HTR-33219 stuck in ""on"" position","High suction temperature, increased load on Recycle Compressor CM-92182A/B, high discharge temperature from compressor, potential overheating of compressor lube oil and compressor damage (bearings, etc.)",Node 27,1.0,1.0,1.0
TAHH56116,HIHI,Tier 1/2: Deterministic,High,TAHH-56116 high high temperature alarm will trip Hot Oil Heater F-81314,N/A,What if blower or motor fails? | What if fuel supply pressure increases? | What if fuel supply regulator fails open? | What if burner tube skin temperature increases? (Caused by flow restriction in tube) | What if burner tube ruptures? | What if solids build up on tube internal surfaces? | What if hot oil flow through the tubes stops?,"Potential for over temperature of Hot Oil Heater F- 101/ducts, heater damage | Increased heating of hot oil; potential for overheating of Hot Oil Heater F-81314 tubes, tube failure, loss of containment, ignition, heater damage, potential personnel impact and environmental impact | Potential for overheating of Hot Oil Heater F-81314 tubes, tube failure, loss of containment, ignition, heater damage, potential personnel impact and environmental impact | Flow restriction in tubes; Potential for overheating of Hot Oil Heater F-81314 tubes, tube failure, loss of containment, ignition, heater damage, potential personnel impact and environmental impact",Node 10,4.0,1.0,2.0
TAHH59171,HIHI,Tier 1/2: Deterministic,High,TAHH-59171 High- High Temperature Alarm on Electric Gas Preheater HTR-81314 will prompt operator response,N/A,"Electric Gas Preheater HTR-81314 stuck in ""on"" position","High suction temperature, increased load on Recycle Compressor CM-56446A/B, high discharge temperature from compressor, potential overheating of compressor lube oil and compressor damage (bearings, etc.)",Node 9,1.0,1.0,1.0
HTR81314,HI,Tier 1/2: Deterministic,High,TAHH-59171 High- High Temperature Alarm on Electric Gas Preheater HTR-81314 will prompt operator response,N/A,"Electric Gas Preheater HTR-81314 stuck in ""on"" position","High suction temperature, increased load on Recycle Compressor CM-56446A/B, high discharge temperature from compressor, potential overheating of compressor lube oil and compressor damage (bearings, etc.)",Node 9,1.0,1.0,1.0
TAL30180,LO,Tier 1/2: Deterministic,High,TAL- 30180/30185/30190 low temperature alarm on the pilots will prompt operator response,N/A,PCV-29912 pressure regulator fails fully closed or upstream manual valve(s) inadvertently closed | PCV-10012 pressure regulator fails fully closed or upstream manual valve(s) inadvertently closed or SV-40396 fails closed or XV-28317 fails closed | SV-78639 fails closed or manual valve(s) inadvertently closed | PCV-10012 pressure regulator fails fully open,"Loss of fuel gas supply to the flare pilot; Pilot flame extinguished with incomplete combustion and potential environmental/financial impact | Loss of air supply to the flare pilots; Pilot flame extinguished with incomplete combustion and potential environmental/financial impact | Inability to route instrument air supply to the flare pilot fuel gas supply line; Potential incorrect ratio of instrument air and fuel gas to the pilots; Potential loss of pilots, potential incomplete combustion and potential environmental/financial impact | Inability to reduce instrument air supply pressure to 37603 psig; Potential to send up to 61869 psig instrument air supply to flare pilots; Potential to blow out pilots; Pilot flame extinguished with incomplete combustion and potential environmental/financial impact",Node 12,1.0,3.0,1.0
TAL30185,LO,Tier 1/2: Deterministic,High,TAL- 30180/30185/30190 low temperature alarm on the pilots will prompt operator response,N/A,PCV-29912 pressure regulator fails fully closed or upstream manual valve(s) inadvertently closed | PCV-10012 pressure regulator fails fully closed or upstream manual valve(s) inadvertently closed or SV-40396 fails closed or XV-28317 fails closed | SV-78639 fails closed or manual valve(s) inadvertently closed | PCV-10012 pressure regulator fails fully open,"Loss of fuel gas supply to the flare pilot; Pilot flame extinguished with incomplete combustion and potential environmental/financial impact | Loss of air supply to the flare pilots; Pilot flame extinguished with incomplete combustion and potential environmental/financial impact | Inability to route instrument air supply to the flare pilot fuel gas supply line; Potential incorrect ratio of instrument air and fuel gas to the pilots; Potential loss of pilots, potential incomplete combustion and potential environmental/financial impact | Inability to reduce instrument air supply pressure to 37603 psig; Potential to send up to 61869 psig instrument air supply to flare pilots; Potential to blow out pilots; Pilot flame extinguished with incomplete combustion and potential environmental/financial impact",Node 12,1.0,3.0,1.0
TAL30190,LO,Tier 1/2: Deterministic,High,TAL- 30180/30185/30190 low temperature alarm on the pilots will prompt operator response,N/A,PCV-29912 pressure regulator fails fully closed or upstream manual valve(s) inadvertently closed | PCV-10012 pressure regulator fails fully closed or upstream manual valve(s) inadvertently closed or SV-40396 fails closed or XV-28317 fails closed | SV-78639 fails closed or manual valve(s) inadvertently closed | PCV-10012 pressure regulator fails fully open,"Loss of fuel gas supply to the flare pilot; Pilot flame extinguished with incomplete combustion and potential environmental/financial impact | Loss of air supply to the flare pilots; Pilot flame extinguished with incomplete combustion and potential environmental/financial impact | Inability to route instrument air supply to the flare pilot fuel gas supply line; Potential incorrect ratio of instrument air and fuel gas to the pilots; Potential loss of pilots, potential incomplete combustion and potential environmental/financial impact | Inability to reduce instrument air supply pressure to 37603 psig; Potential to send up to 61869 psig instrument air supply to flare pilots; Potential to blow out pilots; Pilot flame extinguished with incomplete combustion and potential environmental/financial impact",Node 12,1.0,3.0,1.0
TAL15723,LO,Tier 1/2: Deterministic,High,TAL-15723A/B and TAL-38213A/B low temperature alarm from AF-73992/203 will prompt operator response,N/A,Tube leak/rupture in E-16773A/B Bottoms Product to Desalter Wash Water Heater,Water contaminates the AGO stream. Product quality issues (offspec AGO product),Node 35,3.0,2.0,2.0
TAL38213,LO,Tier 1/2: Deterministic,High,TAL-15723A/B and TAL-38213A/B low temperature alarm from AF-73992/203 will prompt operator response,N/A,Tube leak/rupture in E-16773A/B Bottoms Product to Desalter Wash Water Heater,Water contaminates the AGO stream. Product quality issues (offspec AGO product),Node 35,3.0,2.0,2.0
AF73992,LO,Tier 1/2: Deterministic,High,TAL-15723A/B and TAL-38213A/B low temperature alarm from AF-73992/203 will prompt operator response,N/A,Tube leak/rupture in E-16773A/B Bottoms Product to Desalter Wash Water Heater,Water contaminates the AGO stream. Product quality issues (offspec AGO product),Node 35,3.0,2.0,2.0
AF73203,LO,Tier 1/2: Deterministic,High,TAL-15723A/B and TAL-38213A/B low temperature alarm from AF-73992/203 will prompt operator response,N/A,Tube leak/rupture in E-16773A/B Bottoms Product to Desalter Wash Water Heater,Water contaminates the AGO stream. Product quality issues (offspec AGO product),Node 35,3.0,2.0,2.0
TAL16879,LO,Tier 1/2: Deterministic,High,TAL-16879/23610 low temperature alarm on suction to Recycle Compressor CM- 201A/B will prompt operator response,N/A,Electric Gas Preheater HTR-33219 trips when needed (winter),"Lower Recycle Compressor CM-92182A/B suction temperature, potential for liquids to reach compressor, compressor damage (no loss of containment)",Node 27,1.0,2.0,1.0
TAL23610,LO,Tier 1/2: Deterministic,High,TAL-16879/23610 low temperature alarm on suction to Recycle Compressor CM- 201A/B will prompt operator response,N/A,Electric Gas Preheater HTR-33219 trips when needed (winter),"Lower Recycle Compressor CM-92182A/B suction temperature, potential for liquids to reach compressor, compressor damage (no loss of containment)",Node 27,1.0,2.0,1.0
TAL24804,LO,Tier 1/2: Deterministic,High,TAL-24804/13610 low temperature alarm on suction to Recycle Compressor CM- 101A/B will prompt operator response,N/A,Electric Gas Preheater HTR-81314 trips when needed (winter),"Lower Recycle Compressor CM-56446A/B suction temperature, potential for liquids to reach compressor, compressor damage (no loss of containment)",Node 9,1.0,2.0,1.0
TAL13610,LO,Tier 1/2: Deterministic,High,TAL-24804/13610 low temperature alarm on suction to Recycle Compressor CM- 101A/B will prompt operator response,N/A,Electric Gas Preheater HTR-81314 trips when needed (winter),"Lower Recycle Compressor CM-56446A/B suction temperature, potential for liquids to reach compressor, compressor damage (no loss of containment)",Node 9,1.0,2.0,1.0
TAL34810,LO,Tier 1/2: Deterministic,High,TAL-34810/28320 low temperature alarm on E-16773A/B and E- 212A/B will prompt operator response,N/A,Tube leak/rupture in E-16773A/B Bottoms Product to Desalter Wash Water Heater,Water contaminates the AGO stream. Product quality issues (offspec AGO product),Node 35,3.0,2.0,2.0
TAL28320,LO,Tier 1/2: Deterministic,High,TAL-34810/28320 low temperature alarm on E-16773A/B and E- 212A/B will prompt operator response,N/A,Tube leak/rupture in E-16773A/B Bottoms Product to Desalter Wash Water Heater,Water contaminates the AGO stream. Product quality issues (offspec AGO product),Node 35,3.0,2.0,2.0
TAL70234,LO,Tier 1/2: Deterministic,High,TAL-70234/28353 low temperature alarm on AF-75469/209 outlet will prompt operator response,N/A,Low ambient temperature.,"Potential freezing of valves/piping. Potential release of water to atmosphere with potential ignition, potential personnel impact and financial impact",Node 36,3.0,4.0,4.0
TAL28353,LO,Tier 1/2: Deterministic,High,TAL-70234/28353 low temperature alarm on AF-75469/209 outlet will prompt operator response,N/A,Low ambient temperature.,"Potential freezing of valves/piping. Potential release of water to atmosphere with potential ignition, potential personnel impact and financial impact",Node 36,3.0,4.0,4.0
AF75469,LO,Tier 1/2: Deterministic,High,TAL-70234/28353 low temperature alarm on AF-75469/209 outlet will prompt operator response,N/A,Low ambient temperature.,"Potential freezing of valves/piping. Potential release of water to atmosphere with potential ignition, potential personnel impact and financial impact",Node 36,3.0,4.0,4.0
AF75209,LO,Tier 1/2: Deterministic,High,TAL-70234/28353 low temperature alarm on AF-75469/209 outlet will prompt operator response,N/A,Low ambient temperature.,"Potential freezing of valves/piping. Potential release of water to atmosphere with potential ignition, potential personnel impact and financial impact",Node 36,3.0,4.0,4.0
TI35330,HI,Tier 1/2: Deterministic,High,"TI-35330A/B, TI- 15723A/B, and TI- 16055/16060 high temperature alarms on product coolers will prompt operator response",N/A,High temperature product to the feed tanks (if bypassing the product coolers),Potential to exceed the design temperature of the feed tanks (200 degF); Potential IFR roof damage; Potential financial impact and environmental impact,Node 18,3.0,2.0,2.0
TI15723,HI,Tier 1/2: Deterministic,High,"TI-35330A/B, TI- 15723A/B, and TI- 16055/16060 high temperature alarms on product coolers will prompt operator response",N/A,High temperature product to the feed tanks (if bypassing the product coolers),Potential to exceed the design temperature of the feed tanks (200 degF); Potential IFR roof damage; Potential financial impact and environmental impact,Node 18,3.0,2.0,2.0
TI16055,HI,Tier 1/2: Deterministic,High,"TI-35330A/B, TI- 15723A/B, and TI- 16055/16060 high temperature alarms on product coolers will prompt operator response",N/A,High temperature product to the feed tanks (if bypassing the product coolers),Potential to exceed the design temperature of the feed tanks (200 degF); Potential IFR roof damage; Potential financial impact and environmental impact,Node 18,3.0,2.0,2.0
TI16060,HI,Tier 1/2: Deterministic,High,"TI-35330A/B, TI- 15723A/B, and TI- 16055/16060 high temperature alarms on product coolers will prompt operator response",N/A,High temperature product to the feed tanks (if bypassing the product coolers),Potential to exceed the design temperature of the feed tanks (200 degF); Potential IFR roof damage; Potential financial impact and environmental impact,Node 18,3.0,2.0,2.0
TAH21047,HI,Tier 1/2: Deterministic,High,Temperature alarm high TAH- 21047/96965 - high duct temperature alarm will prompt operator response,N/A,What if blower or motor fails?,"Potential for over temperature of Hot Oil Heater F- 201/ducts, heater damage",Node 28,3.0,1.0,1.0
TAH96965,HI,Tier 1/2: Deterministic,High,Temperature alarm high TAH- 21047/96965 - high duct temperature alarm will prompt operator response,N/A,What if blower or motor fails?,"Potential for over temperature of Hot Oil Heater F- 201/ducts, heater damage",Node 28,3.0,1.0,1.0
TAH67568,HI,Tier 1/2: Deterministic,High,Temperature alarm high TAH- 67568/37166 - high duct temperature alarm will prompt operator response,N/A,What if blower or motor fails?,"Potential for over temperature of Hot Oil Heater F- 101/ducts, heater damage",Node 10,3.0,1.0,1.0
TAH37166,HI,Tier 1/2: Deterministic,High,Temperature alarm high TAH- 67568/37166 - high duct temperature alarm will prompt operator response,N/A,What if blower or motor fails?,"Potential for over temperature of Hot Oil Heater F- 101/ducts, heater damage",Node 10,3.0,1.0,1.0
TAH37603,HI,Tier 1/2: Deterministic,High,Temperature alarm high TAH-37603/ 19 on naphtha side of rundown/ recirculation chiller outlet temperature,N/A,P-35796A/B/C glycol pump trip,"Loss of glycol flow to Light Naphtha Rundown/Recirculation Chillers EX-28669/115, increased tank temperature, increased light naphtha true vapor pressure (TVP), potential release from Light Naphtha Tank TK-24946-24/25, potential off-spec product, environmental exceedance",Node 38,1.0,1.0,1.0
TAH37603,HI,Tier 1/2: Deterministic,High,Temperature alarm high TAH-37603/ 19 on rundown/ recirculation chiller outlet temperature will prompt operator response,N/A,"Manual valve closed on suction of Naphtha Recirculation Pump P-6 or strainer plugs | Recirculation Pump P-6 stops | MOV-59888/ 9429/ 9410/ 9412 closed on outlet of tank TK-24946-24/25 to Recirculation Pump P-6 when tank is in recirculation | P-35796A/B/C glycol pump trip | 8"" Rundown chiller bypass open | Manual Recirculation chiller bypass open | Tube leak on recirculation chiller EX-48584 | Chiller compressor trips | Refrigerant leak on Chiller compressors","Loss of flow to Light Naphtha Recirculation Pump P-6, and recirculation chiller, increased tank temperature, increased light naphtha true vapor pressure (TVP), potential release from Light Naphtha Tank TK-24946-24/25, potential off-spec product, environmental exceedance; Potential environmental/financial impact | Loss of glycol flow to Compressor Chiller exchangers CH-1A/1B, potential to damage the chiller compressor, increased temperature of tanks TK-24946-24/25; increased light naphtha true vapor pressure (TVP), potential release from Light Naphtha Tank TK-24946-24/25, potential off-spec product, environmental exceedance; Potential environmental/financial impact | Bypass flow around the Light Naphtha Rundown Chiller EX-28669, increased tank temperature, increased light naphtha true vapor pressure (TVP), potential release from Light Naphtha Tank TK-24946-24/25, potential off-spec product, environmental exceedance; Potential environmental/financial impact | Loss of flow to Naphtha Recirculation Chiller EX-48584, increased tank temperature, increased light naphtha true vapor pressure (TVP), potential release from Light Naphtha Tank TK-24946- 24/25, potential off-spec product, environmental exceedance | Potential to flow glycol into the naphtha tanks TK-24946- 24/25; Potential to shutdown chiller on loss of flow; increased temperature of tanks TK-24946-24/25; increased light naphtha true vapor pressure (TVP), potential release from Light Naphtha Tank TK-24946-24/25, potential off-spec product, environmental exceedance; Potential environmental/financial impact | Low refrigerant pressure, increased glycol temperature to Light Naphtha Rundown/Recirculation Chiller, increased tank temperature, increased light naphtha true vapor pressure (TVP), potential release from Light Naphtha Tank TK-24946-24/25, potential off-spec product, environmental exceedance | Increased glycol temperature to Light Naphtha Rundown/Recirculation Chiller, increased tank temperature, increased light naphtha true vapor pressure (TVP), potential release from Light Naphtha Tank TK-24946-24/25, potential off-spec product, environmental exceedance",Node 38,1.0,1.0,1.0
TI15852,HI,Tier 1/2: Deterministic,High,Temperature indicator TI-15852 high NH3/air temperature indication will prompt operator response,N/A,Air Heater HTR-48931 control failure,"Excess hot air supply, potential catalyst damage with potential environmental/financial impact","Node 13, Node 29",1.0,2.0,1.0
TI15852,LO,Tier 1/2: Deterministic,High,Temperature indicator TI-15852 low NH3/air temperature indication will prompt operator response,N/A,Heater unit failure HTR-48931,"Reduced vaporization of NH3 prior to heater injection, potential impaired distribution of NH3 into Hot Oil Furnace H- 101/201; Potential environmental/financial impact","Node 13, Node 29",1.0,2.0,1.0
VAH11185,HI,Tier 1/2: Deterministic,High,VAH- 11185/48856/70445/1 0545 high vibration alarm on Hot Oil Circulation Pump PM- 102A/B/C/D will prompt operator response,N/A,Manual valve closed in Hot Oil Circulation Pump PM-56446A/B/C/D suction | Manual valve closed in Hot Oil Circulation Pump PM-56446A/B/C/D discharge | Pressure control valve PCV-87570 set too low | Thermal expansion of heat transfer fluid on startup requires low level in Hot Oil Surge Tank pressure vessel PV-73992 at startup,"Loss of suction to Hot Oil Circulation Pump PM- 102A/B/C/D; Potential pump cavitation with seal failure and loss of containment, potential ignition and personnel impact | Blocked discharge from Hot Oil Circulation Pump PM- 102A/B/C/D; Potential pump deadhead with seal failure and loss of containment, potential ignition and personnel impact | Insufficient suction head for Hot Oil Circulation Pump PM- 102A/B/C/D, potential for insufficient pump suction head, pump cavitation and potential pump damage | Hot Oil Circulation Pump PM-56446A/B/C/D cavitation at startup/shutdown due to insufficient suction head, potential seal failure and loss of containment, potential ignition and personnel impact",Node 10,4.0,1.0,2.0
VAH48856,HI,Tier 1/2: Deterministic,High,VAH- 11185/48856/70445/1 0545 high vibration alarm on Hot Oil Circulation Pump PM- 102A/B/C/D will prompt operator response,N/A,Manual valve closed in Hot Oil Circulation Pump PM-56446A/B/C/D suction | Manual valve closed in Hot Oil Circulation Pump PM-56446A/B/C/D discharge | Pressure control valve PCV-87570 set too low | Thermal expansion of heat transfer fluid on startup requires low level in Hot Oil Surge Tank pressure vessel PV-73992 at startup,"Loss of suction to Hot Oil Circulation Pump PM- 102A/B/C/D; Potential pump cavitation with seal failure and loss of containment, potential ignition and personnel impact | Blocked discharge from Hot Oil Circulation Pump PM- 102A/B/C/D; Potential pump deadhead with seal failure and loss of containment, potential ignition and personnel impact | Insufficient suction head for Hot Oil Circulation Pump PM- 102A/B/C/D, potential for insufficient pump suction head, pump cavitation and potential pump damage | Hot Oil Circulation Pump PM-56446A/B/C/D cavitation at startup/shutdown due to insufficient suction head, potential seal failure and loss of containment, potential ignition and personnel impact",Node 10,4.0,1.0,2.0
VAH70445,HI,Tier 1/2: Deterministic,High,VAH- 11185/48856/70445/1 0545 high vibration alarm on Hot Oil Circulation Pump PM- 102A/B/C/D will prompt operator response,N/A,Manual valve closed in Hot Oil Circulation Pump PM-56446A/B/C/D suction | Manual valve closed in Hot Oil Circulation Pump PM-56446A/B/C/D discharge | Pressure control valve PCV-87570 set too low | Thermal expansion of heat transfer fluid on startup requires low level in Hot Oil Surge Tank pressure vessel PV-73992 at startup,"Loss of suction to Hot Oil Circulation Pump PM- 102A/B/C/D; Potential pump cavitation with seal failure and loss of containment, potential ignition and personnel impact | Blocked discharge from Hot Oil Circulation Pump PM- 102A/B/C/D; Potential pump deadhead with seal failure and loss of containment, potential ignition and personnel impact | Insufficient suction head for Hot Oil Circulation Pump PM- 102A/B/C/D, potential for insufficient pump suction head, pump cavitation and potential pump damage | Hot Oil Circulation Pump PM-56446A/B/C/D cavitation at startup/shutdown due to insufficient suction head, potential seal failure and loss of containment, potential ignition and personnel impact",Node 10,4.0,1.0,2.0
VAH57972,HI,Tier 1/2: Deterministic,High,VAH- 57972/26912/33207/2 0545 high vibration alarm on Hot Oil Circulation Pump PM- 202A/B/C/D will prompt operator response,N/A,Manual valve closed in Hot Oil Circulation Pump PM-92182A/B/C/D suction | Manual valve closed in Hot Oil Circulation Pump PM-92182A/B/C/D discharge | Pressure control valve PCV-12238 set too low | Thermal expansion of heat transfer fluid on startup requires low level in Hot Oil Surge Tank pressure vessel PV-99986 at startup,"Loss of suction to Hot Oil Circulation Pump PM- 202A/B/C/D; Potential pump cavitation with seal failure and loss of containment, potential ignition and personnel impact | Blocked discharge from Hot Oil Circulation Pump PM- 202A/B/C/D; Potential pump deadhead with seal failure and loss of containment, potential ignition and personnel impact | Insufficient suction head for Hot Oil Circulation Pump PM- 202A/B/C/D, potential for insufficient pump suction head, pump cavitation and potential pump damage | Hot Oil Circulation Pump PM-92182A/B/C/D cavitation at startup/shutdown due to insufficient suction head, potential seal failure and loss of containment, potential ignition and personnel impact",Node 28,4.0,1.0,2.0
VAH26912,HI,Tier 1/2: Deterministic,High,VAH- 57972/26912/33207/2 0545 high vibration alarm on Hot Oil Circulation Pump PM- 202A/B/C/D will prompt operator response,N/A,Manual valve closed in Hot Oil Circulation Pump PM-92182A/B/C/D suction | Manual valve closed in Hot Oil Circulation Pump PM-92182A/B/C/D discharge | Pressure control valve PCV-12238 set too low | Thermal expansion of heat transfer fluid on startup requires low level in Hot Oil Surge Tank pressure vessel PV-99986 at startup,"Loss of suction to Hot Oil Circulation Pump PM- 202A/B/C/D; Potential pump cavitation with seal failure and loss of containment, potential ignition and personnel impact | Blocked discharge from Hot Oil Circulation Pump PM- 202A/B/C/D; Potential pump deadhead with seal failure and loss of containment, potential ignition and personnel impact | Insufficient suction head for Hot Oil Circulation Pump PM- 202A/B/C/D, potential for insufficient pump suction head, pump cavitation and potential pump damage | Hot Oil Circulation Pump PM-92182A/B/C/D cavitation at startup/shutdown due to insufficient suction head, potential seal failure and loss of containment, potential ignition and personnel impact",Node 28,4.0,1.0,2.0
VAH33207,HI,Tier 1/2: Deterministic,High,VAH- 57972/26912/33207/2 0545 high vibration alarm on Hot Oil Circulation Pump PM- 202A/B/C/D will prompt operator response,N/A,Manual valve closed in Hot Oil Circulation Pump PM-92182A/B/C/D suction | Manual valve closed in Hot Oil Circulation Pump PM-92182A/B/C/D discharge | Pressure control valve PCV-12238 set too low | Thermal expansion of heat transfer fluid on startup requires low level in Hot Oil Surge Tank pressure vessel PV-99986 at startup,"Loss of suction to Hot Oil Circulation Pump PM- 202A/B/C/D; Potential pump cavitation with seal failure and loss of containment, potential ignition and personnel impact | Blocked discharge from Hot Oil Circulation Pump PM- 202A/B/C/D; Potential pump deadhead with seal failure and loss of containment, potential ignition and personnel impact | Insufficient suction head for Hot Oil Circulation Pump PM- 202A/B/C/D, potential for insufficient pump suction head, pump cavitation and potential pump damage | Hot Oil Circulation Pump PM-92182A/B/C/D cavitation at startup/shutdown due to insufficient suction head, potential seal failure and loss of containment, potential ignition and personnel impact",Node 28,4.0,1.0,2.0
VAH70418,HI,Tier 1/2: Deterministic,High,VAH-70418A/B and VAH-76525A/B high vibration alarm will prompt operator response,N/A,Naphtha Stabilizer Condenser AF-81314-1/2 fin Fan motor mechanical failure/ throws a blade,"Loss of individual Naphtha Stabilizer Condenser AF-81314- 1/2 fin Fan, slow pressurization of Naphtha Stabilizer Column T- 101, potential overpressure and loss of containment, ignition and personnel impact",Node 3,4.0,1.0,2.0
VAH76525,HI,Tier 1/2: Deterministic,High,VAH-70418A/B and VAH-76525A/B high vibration alarm will prompt operator response,N/A,Naphtha Stabilizer Condenser AF-81314-1/2 fin Fan motor mechanical failure/ throws a blade,"Loss of individual Naphtha Stabilizer Condenser AF-81314- 1/2 fin Fan, slow pressurization of Naphtha Stabilizer Column T- 101, potential overpressure and loss of containment, ignition and personnel impact",Node 3,4.0,1.0,2.0
VAH75962,HI,Tier 1/2: Deterministic,High,VAH-75962A/B and VAH-31808A/B high vibration alarm will prompt operator response,N/A,Naphtha Stabilizer Condenser AF-33219- 1/2 fin Fan motor mechanical failure/ throws a blade,"Loss of individual Naphtha Stabilizer Condenser AF-33219- 1/2 fin Fan, slow pressurization of Naphtha Stabilizer Column T- 201, potential overpressure and loss of containment, ignition and personnel impact",Node 21,4.0,1.0,2.0
VAH31808,HI,Tier 1/2: Deterministic,High,VAH-75962A/B and VAH-31808A/B high vibration alarm will prompt operator response,N/A,Naphtha Stabilizer Condenser AF-33219- 1/2 fin Fan motor mechanical failure/ throws a blade,"Loss of individual Naphtha Stabilizer Condenser AF-33219- 1/2 fin Fan, slow pressurization of Naphtha Stabilizer Column T- 201, potential overpressure and loss of containment, ignition and personnel impact",Node 21,4.0,1.0,2.0
XI20919,ALM,Tier 1/2: Deterministic,High,XI-20919/69346A Diesel Product Cooler AF-76255 fan run indication will alarm and prompt operator response,N/A,Diesel Product Cooler AF-76255 fan trips,"Potential to send higher temperature Kerosene product to downstream storage tanks TK-61869-13/100-14/120-22/120-23; Max temp of tanks is 97415 degF, potential to exceed tank design temperature; Potential IFR roof damage; Potential financial impact and environmental impact",Node 8,3.0,2.0,2.0
XI69346,ALM,Tier 1/2: Deterministic,High,XI-20919/69346A Diesel Product Cooler AF-76255 fan run indication will alarm and prompt operator response,N/A,Diesel Product Cooler AF-76255 fan trips,"Potential to send higher temperature Kerosene product to downstream storage tanks TK-61869-13/100-14/120-22/120-23; Max temp of tanks is 97415 degF, potential to exceed tank design temperature; Potential IFR roof damage; Potential financial impact and environmental impact",Node 8,3.0,2.0,2.0
AF76255,ALM,Tier 1/2: Deterministic,High,XI-20919/69346A Diesel Product Cooler AF-76255 fan run indication will alarm and prompt operator response,N/A,Diesel Product Cooler AF-76255 fan trips,"Potential to send higher temperature Kerosene product to downstream storage tanks TK-61869-13/100-14/120-22/120-23; Max temp of tanks is 97415 degF, potential to exceed tank design temperature; Potential IFR roof damage; Potential financial impact and environmental impact",Node 8,3.0,2.0,2.0
XI34424,ALM,Tier 1/2: Deterministic,High,XI-34424A/B and XI-10005A/B Kero Product Cooler AF-80996 fan run indication will alarm and prompt operator response,N/A,Kero Product Cooler AF-80996 fan trips,"Potential to send higher temperature Kerosene product to downstream storage tanks TK-61869-13/100-14/120-22/120-23; Max temp of tanks is 97415 degF, potential to exceed tank design temperature; Potential IFR roof damage; Potential financial impact and environmental impact",Node 25,3.0,2.0,2.0
XI10005,ALM,Tier 1/2: Deterministic,High,XI-34424A/B and XI-10005A/B Kero Product Cooler AF-80996 fan run indication will alarm and prompt operator response,N/A,Kero Product Cooler AF-80996 fan trips,"Potential to send higher temperature Kerosene product to downstream storage tanks TK-61869-13/100-14/120-22/120-23; Max temp of tanks is 97415 degF, potential to exceed tank design temperature; Potential IFR roof damage; Potential financial impact and environmental impact",Node 25,3.0,2.0,2.0
AF80996,ALM,Tier 1/2: Deterministic,High,XI-34424A/B and XI-10005A/B Kero Product Cooler AF-80996 fan run indication will alarm and prompt operator response,N/A,Kero Product Cooler AF-80996 fan trips,"Potential to send higher temperature Kerosene product to downstream storage tanks TK-61869-13/100-14/120-22/120-23; Max temp of tanks is 97415 degF, potential to exceed tank design temperature; Potential IFR roof damage; Potential financial impact and environmental impact",Node 25,3.0,2.0,2.0
XI51616,ALM,Tier 1/2: Deterministic,High,XI-51616/28662A Diesel Product Cooler AF-48495 fan run indication will alarm and prompt operator response,N/A,Diesel Product Cooler AF-48495 fan trips,"Potential to send higher temperature Kerosene product to downstream storage tanks TK-61869-13/100-14/120-22/120-23; Max temp of tanks is 97415 degF, potential to exceed tank design temperature; Potential IFR roof damage; Potential financial impact and environmental impact",Node 26,3.0,2.0,2.0
XI28662,ALM,Tier 1/2: Deterministic,High,XI-51616/28662A Diesel Product Cooler AF-48495 fan run indication will alarm and prompt operator response,N/A,Diesel Product Cooler AF-48495 fan trips,"Potential to send higher temperature Kerosene product to downstream storage tanks TK-61869-13/100-14/120-22/120-23; Max temp of tanks is 97415 degF, potential to exceed tank design temperature; Potential IFR roof damage; Potential financial impact and environmental impact",Node 26,3.0,2.0,2.0
AF48495,ALM,Tier 1/2: Deterministic,High,XI-51616/28662A Diesel Product Cooler AF-48495 fan run indication will alarm and prompt operator response,N/A,Diesel Product Cooler AF-48495 fan trips,"Potential to send higher temperature Kerosene product to downstream storage tanks TK-61869-13/100-14/120-22/120-23; Max temp of tanks is 97415 degF, potential to exceed tank design temperature; Potential IFR roof damage; Potential financial impact and environmental impact",Node 26,3.0,2.0,2.0
XI64977,ALM,Tier 1/2: Deterministic,High,XI-64977A/B Condenser Run Alarm will prompt operator response,N/A,Naphtha Stabilizer Condenser AF-33219- 1/2 fin Fan motor mechanical failure/ throws a blade,"Loss of individual Naphtha Stabilizer Condenser AF-33219- 1/2 fin Fan, slow pressurization of Naphtha Stabilizer Column T- 201, potential overpressure and loss of containment, ignition and personnel impact",Node 21,4.0,1.0,2.0
XI78642,ALM,Tier 1/2: Deterministic,High,XI-78642A/B Condenser Run Alarm will prompt operator response,N/A,Naphtha Stabilizer Condenser AF-81314-1/2 fin Fan motor mechanical failure/ throws a blade,"Loss of individual Naphtha Stabilizer Condenser AF-81314- 1/2 fin Fan, slow pressurization of Naphtha Stabilizer Column T- 101, potential overpressure and loss of containment, ignition and personnel impact",Node 3,4.0,1.0,2.0
XI86353,ALM,Tier 1/2: Deterministic,High,XI-86353A/B and XI-25088A/B Kero Product Cooler AF-59524 fan run indication will alarm and prompt operator response,N/A,Kero Product Cooler AF-59524 fan trips,"Potential to send higher temperature Kerosene product to downstream storage tanks TK-61869-13/100-14/120-22/120-23; Max temp of tanks is 97415 degF, potential to exceed tank design temperature; Potential IFR roof damage; Potential financial impact and environmental impact",Node 7,3.0,2.0,2.0
XI25088,ALM,Tier 1/2: Deterministic,High,XI-86353A/B and XI-25088A/B Kero Product Cooler AF-59524 fan run indication will alarm and prompt operator response,N/A,Kero Product Cooler AF-59524 fan trips,"Potential to send higher temperature Kerosene product to downstream storage tanks TK-61869-13/100-14/120-22/120-23; Max temp of tanks is 97415 degF, potential to exceed tank design temperature; Potential IFR roof damage; Potential financial impact and environmental impact",Node 7,3.0,2.0,2.0
AF59524,ALM,Tier 1/2: Deterministic,High,XI-86353A/B and XI-25088A/B Kero Product Cooler AF-59524 fan run indication will alarm and prompt operator response,N/A,Kero Product Cooler AF-59524 fan trips,"Potential to send higher temperature Kerosene product to downstream storage tanks TK-61869-13/100-14/120-22/120-23; Max temp of tanks is 97415 degF, potential to exceed tank design temperature; Potential IFR roof damage; Potential financial impact and environmental impact",Node 7,3.0,2.0,2.0
XT58680,TRP,Tier 1/2: Deterministic,High,"XT-58680/9402 Flame Detectors will shutdown pumps P-6, P-2A/B with 1oo2 voting and alarm to prompt operator response",N/A,"Manual valve closed on suction of Naphtha Recirculation Pump P-6 or strainer plugs | 10"" valve closed on discharge of Recirculation Pump P6 or MOV-63896/9449 closed on inlet to TK-24946-24 or MOV-94291/9441 closed on inlet to TK-24946-25 | MOV-59888/ 9429/ 9410/ 9412 closed on outlet of tank TK-24946-24/25 to Recirculation Pump P-6 when tank is in recirculation | MOV-59888/ 9429/ 9410/ 9412 closed on outlet of tank TK-24946-24/25 to Transfer Pump P-2 when tank is in transfer to pipeline | MOV-94883/ 9415 closed or MOV- 9412/9410 closed on suction to Transfer Pump P- 2A/B or strainer plugs | Blocked outlet of Transfer Pump P-2A/B or 38095"" valve closed on product manifold out of facility | More recirculation outflow than inflow (operator error) | High naphtha flow from Transfer Pumps P-2A/B (3100 vs 18888 gpm design vs required) out to product terminal | Mechanical Roof Failure | MOV-59888/ 9422/ 9411/ 9412 closed on outlet of tank TK-24946-25/TK-61869-15 | MOV-94883/ 9415 Blocked inlet valve to Transfer Pump P-2A/B or strainer plugs | 12"" valve closed on suction to Pump P-7 or strainer plugs | 8"" valve closed on discharge of Pump P-7 | Pump P-HX stops | 10"" valve closed on discharge of Pump P- HX or 8"" valve closed on inlet of AGO Exchangers HX-1/2","Loss of flow to Light Naphtha Recirculation Pump P-6, potential cavitation and seal leak, release of naphtha to atmosphere, potential ignition and personnel impact | Loss of flow from Light Naphtha Recirculation Pump P-6, potential deadhead and seal leak, release of naphtha to atmosphere, potential ignition and personnel impact | Decreased flow of naphtha from naphtha tank TK-24946- 24/25 to Transfer Pump P-2A/B, loss of flow to Light Naphtha P- 2A/B, potential cavitation and seal leak, release of naphtha to atmosphere, potential ignition and personnel impact | Decreased flow of naphtha from naphtha tank TK-24946- 24/25 to Transfer Pump P-2A/B, not expected to overpressure downstream piping, loss of flow to Light Naphtha P-2A/B, potential deadhead and seal leak, release of naphtha to atmosphere, potential ignition and personnel impact | Increased flow of naphtha out of naphtha tank TK-24946- 24/25 to Transfer Pump P-2A/B, low level and loss of flow to Light Naphtha pump P-2A/B, potential cavitation and seal leak, release of naphtha to atmosphere, potential ignition and personnel impact | Potential to damage roof, tipping roof, liquid hydrocarbon on top of internal floating roof IFR, potential increased emission, potential vapor release and ignition, potential flash fire/ explosion, personnel injury, environmental impact, asset damage | Decreased flow of naphtha from naphtha tank TK-24946- 25/TK-61869-15; Loss of flow to Light Naphtha P-2A/B, potential cavitation and seal leak, release of naphtha to grade, potential ignition and personnel impact | Decreased flow of naphtha from naphtha tank TK-24946-25 and TK-61869-15 to Transfer Pump P-2A/B, loss of flow to Heavy Naphtha P-2A/B, potential deadhead and seal leak, release of naphtha to atmosphere, potential ignition and personnel impact | Loss of Rerun flow to Pump P-7, potential cavitation and seal leak, release of rerun to atmosphere, potential seal fire from seal, personnel injury, environmental impact, asset damage | Blocked flow from Pump P-7, potential deadhead and seal leak, release of rerun to atmosphere, potential seal fire from seal, personnel injury, environmental impact, asset damage","Node 38, Node 39, Node 44",4.0,2.0,3.0
XT59402,TRP,Tier 1/2: Deterministic,High,"XT-58680/9402 Flame Detectors will shutdown pumps P-6, P-2A/B with 1oo2 voting and alarm to prompt operator response",N/A,"Manual valve closed on suction of Naphtha Recirculation Pump P-6 or strainer plugs | 10"" valve closed on discharge of Recirculation Pump P6 or MOV-63896/9449 closed on inlet to TK-24946-24 or MOV-94291/9441 closed on inlet to TK-24946-25 | MOV-59888/ 9429/ 9410/ 9412 closed on outlet of tank TK-24946-24/25 to Recirculation Pump P-6 when tank is in recirculation | MOV-59888/ 9429/ 9410/ 9412 closed on outlet of tank TK-24946-24/25 to Transfer Pump P-2 when tank is in transfer to pipeline | MOV-94883/ 9415 closed or MOV- 9412/9410 closed on suction to Transfer Pump P- 2A/B or strainer plugs | Blocked outlet of Transfer Pump P-2A/B or 38095"" valve closed on product manifold out of facility | More recirculation outflow than inflow (operator error) | High naphtha flow from Transfer Pumps P-2A/B (3100 vs 18888 gpm design vs required) out to product terminal | Mechanical Roof Failure | MOV-59888/ 9422/ 9411/ 9412 closed on outlet of tank TK-24946-25/TK-61869-15 | MOV-94883/ 9415 Blocked inlet valve to Transfer Pump P-2A/B or strainer plugs | 12"" valve closed on suction to Pump P-7 or strainer plugs | 8"" valve closed on discharge of Pump P-7 | Pump P-HX stops | 10"" valve closed on discharge of Pump P- HX or 8"" valve closed on inlet of AGO Exchangers HX-1/2","Loss of flow to Light Naphtha Recirculation Pump P-6, potential cavitation and seal leak, release of naphtha to atmosphere, potential ignition and personnel impact | Loss of flow from Light Naphtha Recirculation Pump P-6, potential deadhead and seal leak, release of naphtha to atmosphere, potential ignition and personnel impact | Decreased flow of naphtha from naphtha tank TK-24946- 24/25 to Transfer Pump P-2A/B, loss of flow to Light Naphtha P- 2A/B, potential cavitation and seal leak, release of naphtha to atmosphere, potential ignition and personnel impact | Decreased flow of naphtha from naphtha tank TK-24946- 24/25 to Transfer Pump P-2A/B, not expected to overpressure downstream piping, loss of flow to Light Naphtha P-2A/B, potential deadhead and seal leak, release of naphtha to atmosphere, potential ignition and personnel impact | Increased flow of naphtha out of naphtha tank TK-24946- 24/25 to Transfer Pump P-2A/B, low level and loss of flow to Light Naphtha pump P-2A/B, potential cavitation and seal leak, release of naphtha to atmosphere, potential ignition and personnel impact | Potential to damage roof, tipping roof, liquid hydrocarbon on top of internal floating roof IFR, potential increased emission, potential vapor release and ignition, potential flash fire/ explosion, personnel injury, environmental impact, asset damage | Decreased flow of naphtha from naphtha tank TK-24946- 25/TK-61869-15; Loss of flow to Light Naphtha P-2A/B, potential cavitation and seal leak, release of naphtha to grade, potential ignition and personnel impact | Decreased flow of naphtha from naphtha tank TK-24946-25 and TK-61869-15 to Transfer Pump P-2A/B, loss of flow to Heavy Naphtha P-2A/B, potential deadhead and seal leak, release of naphtha to atmosphere, potential ignition and personnel impact | Loss of Rerun flow to Pump P-7, potential cavitation and seal leak, release of rerun to atmosphere, potential seal fire from seal, personnel injury, environmental impact, asset damage | Blocked flow from Pump P-7, potential deadhead and seal leak, release of rerun to atmosphere, potential seal fire from seal, personnel injury, environmental impact, asset damage","Node 38, Node 39, Node 44",4.0,2.0,3.0
